2025-12-04 15:38:28,254:WARNING:
'cuml' is a soft dependency and not included in the pycaret installation. Please run: `pip install cuml` to install.
2025-12-04 15:38:28,254:WARNING:
'cuml' is a soft dependency and not included in the pycaret installation. Please run: `pip install cuml` to install.
2025-12-04 15:38:28,254:WARNING:
'cuml' is a soft dependency and not included in the pycaret installation. Please run: `pip install cuml` to install.
2025-12-04 15:38:28,254:WARNING:
'cuml' is a soft dependency and not included in the pycaret installation. Please run: `pip install cuml` to install.
2025-12-04 15:38:30,724:INFO:PyCaret ClassificationExperiment
2025-12-04 15:38:30,724:INFO:Logging name: clf-default-name
2025-12-04 15:38:30,725:INFO:ML Usecase: MLUsecase.CLASSIFICATION
2025-12-04 15:38:30,725:INFO:version 3.3.2
2025-12-04 15:38:30,725:INFO:Initializing setup()
2025-12-04 15:38:30,725:INFO:self.USI: b899
2025-12-04 15:38:30,725:INFO:self._variable_keys: {'seed', 'exp_id', 'memory', 'fix_imbalance', 'USI', 'fold_groups_param', '_available_plots', 'exp_name_log', 'gpu_n_jobs_param', 'pipeline', 'idx', 'X_train', 'X', 'gpu_param', '_ml_usecase', 'n_jobs_param', 'X_test', 'y', 'fold_shuffle_param', 'y_test', 'target_param', 'fold_generator', 'logging_param', 'is_multiclass', 'y_train', 'html_param', 'log_plots_param', 'data'}
2025-12-04 15:38:30,725:INFO:Checking environment
2025-12-04 15:38:30,725:INFO:python_version: 3.11.0
2025-12-04 15:38:30,725:INFO:python_build: ('main', 'Oct 24 2022 18:26:48')
2025-12-04 15:38:30,725:INFO:machine: AMD64
2025-12-04 15:38:30,741:INFO:platform: Windows-10-10.0.26100-SP0
2025-12-04 15:38:30,742:INFO:Memory: svmem(total=7926505472, available=1729708032, percent=78.2, used=6196797440, free=1729708032)
2025-12-04 15:38:30,742:INFO:Physical Core: 6
2025-12-04 15:38:30,742:INFO:Logical Core: 12
2025-12-04 15:38:30,742:INFO:Checking libraries
2025-12-04 15:38:30,742:INFO:System:
2025-12-04 15:38:30,742:INFO:    python: 3.11.0 (main, Oct 24 2022, 18:26:48) [MSC v.1933 64 bit (AMD64)]
2025-12-04 15:38:30,742:INFO:executable: C:\Users\ywcho\AppData\Local\Programs\Python\Python311\python.exe
2025-12-04 15:38:30,742:INFO:   machine: Windows-10-10.0.26100-SP0
2025-12-04 15:38:30,742:INFO:PyCaret required dependencies:
2025-12-04 15:38:30,877:INFO:                 pip: 22.3
2025-12-04 15:38:30,877:INFO:          setuptools: 65.5.0
2025-12-04 15:38:30,877:INFO:             pycaret: 3.3.2
2025-12-04 15:38:30,877:INFO:             IPython: 9.8.0
2025-12-04 15:38:30,877:INFO:          ipywidgets: 8.1.8
2025-12-04 15:38:30,877:INFO:                tqdm: 4.67.1
2025-12-04 15:38:30,877:INFO:               numpy: 1.26.4
2025-12-04 15:38:30,877:INFO:              pandas: 2.1.4
2025-12-04 15:38:30,877:INFO:              jinja2: 3.1.6
2025-12-04 15:38:30,877:INFO:               scipy: 1.11.4
2025-12-04 15:38:30,877:INFO:              joblib: 1.3.2
2025-12-04 15:38:30,877:INFO:             sklearn: 1.4.2
2025-12-04 15:38:30,877:INFO:                pyod: 2.0.6
2025-12-04 15:38:30,877:INFO:            imblearn: 0.14.0
2025-12-04 15:38:30,877:INFO:   category_encoders: 2.7.0
2025-12-04 15:38:30,877:INFO:            lightgbm: 4.6.0
2025-12-04 15:38:30,877:INFO:               numba: 0.62.1
2025-12-04 15:38:30,877:INFO:            requests: 2.32.5
2025-12-04 15:38:30,877:INFO:          matplotlib: 3.7.5
2025-12-04 15:38:30,877:INFO:          scikitplot: 0.3.7
2025-12-04 15:38:30,878:INFO:         yellowbrick: 1.5
2025-12-04 15:38:30,878:INFO:              plotly: 6.5.0
2025-12-04 15:38:30,878:INFO:    plotly-resampler: Not installed
2025-12-04 15:38:30,878:INFO:             kaleido: 1.2.0
2025-12-04 15:38:30,878:INFO:           schemdraw: 0.15
2025-12-04 15:38:30,878:INFO:         statsmodels: 0.14.5
2025-12-04 15:38:30,878:INFO:              sktime: 0.26.0
2025-12-04 15:38:30,878:INFO:               tbats: 1.1.3
2025-12-04 15:38:30,878:INFO:            pmdarima: 2.0.4
2025-12-04 15:38:30,878:INFO:              psutil: 7.1.3
2025-12-04 15:38:30,878:INFO:          markupsafe: 3.0.3
2025-12-04 15:38:30,878:INFO:             pickle5: Not installed
2025-12-04 15:38:30,878:INFO:         cloudpickle: 3.1.2
2025-12-04 15:38:30,878:INFO:         deprecation: 2.1.0
2025-12-04 15:38:30,878:INFO:              xxhash: 3.6.0
2025-12-04 15:38:30,878:INFO:           wurlitzer: Not installed
2025-12-04 15:38:30,878:INFO:PyCaret optional dependencies:
2025-12-04 15:38:31,456:INFO:                shap: Not installed
2025-12-04 15:38:31,456:INFO:           interpret: Not installed
2025-12-04 15:38:31,456:INFO:                umap: Not installed
2025-12-04 15:38:31,456:INFO:     ydata_profiling: Not installed
2025-12-04 15:38:31,456:INFO:  explainerdashboard: Not installed
2025-12-04 15:38:31,456:INFO:             autoviz: Not installed
2025-12-04 15:38:31,456:INFO:           fairlearn: Not installed
2025-12-04 15:38:31,456:INFO:          deepchecks: Not installed
2025-12-04 15:38:31,457:INFO:             xgboost: Not installed
2025-12-04 15:38:31,457:INFO:            catboost: Not installed
2025-12-04 15:38:31,457:INFO:              kmodes: Not installed
2025-12-04 15:38:31,457:INFO:             mlxtend: Not installed
2025-12-04 15:38:31,457:INFO:       statsforecast: Not installed
2025-12-04 15:38:31,457:INFO:        tune_sklearn: Not installed
2025-12-04 15:38:31,457:INFO:                 ray: Not installed
2025-12-04 15:38:31,457:INFO:            hyperopt: Not installed
2025-12-04 15:38:31,457:INFO:              optuna: Not installed
2025-12-04 15:38:31,457:INFO:               skopt: Not installed
2025-12-04 15:38:31,457:INFO:              mlflow: Not installed
2025-12-04 15:38:31,457:INFO:              gradio: Not installed
2025-12-04 15:38:31,457:INFO:             fastapi: 0.123.5
2025-12-04 15:38:31,457:INFO:             uvicorn: 0.38.0
2025-12-04 15:38:31,457:INFO:              m2cgen: Not installed
2025-12-04 15:38:31,457:INFO:           evidently: Not installed
2025-12-04 15:38:31,457:INFO:               fugue: Not installed
2025-12-04 15:38:31,457:INFO:           streamlit: Not installed
2025-12-04 15:38:31,457:INFO:             prophet: Not installed
2025-12-04 15:38:31,457:INFO:None
2025-12-04 15:38:31,457:INFO:Set up data.
2025-12-04 15:38:31,467:INFO:Set up folding strategy.
2025-12-04 15:38:31,467:INFO:Set up train/test split.
2025-12-04 15:38:31,515:INFO:Set up index.
2025-12-04 15:38:31,516:INFO:Assigning column types.
2025-12-04 15:38:31,522:INFO:Engine successfully changes for model 'lr' to 'sklearn'.
2025-12-04 15:38:31,553:INFO:Engine for model 'knn' has not been set explicitly, hence returning None.
2025-12-04 15:38:31,559:INFO:Engine for model 'rbfsvm' has not been set explicitly, hence returning None.
2025-12-04 15:38:31,583:WARNING:
'xgboost' is a soft dependency and not included in the pycaret installation. Please run: `pip install xgboost` to install.
Alternately, you can install this by running `pip install pycaret[models]`
2025-12-04 15:38:31,583:WARNING:
'catboost' is a soft dependency and not included in the pycaret installation. Please run: `pip install catboost` to install.
Alternately, you can install this by running `pip install pycaret[models]`
2025-12-04 15:38:31,615:INFO:Engine for model 'knn' has not been set explicitly, hence returning None.
2025-12-04 15:38:31,616:INFO:Engine for model 'rbfsvm' has not been set explicitly, hence returning None.
2025-12-04 15:38:31,637:WARNING:
'xgboost' is a soft dependency and not included in the pycaret installation. Please run: `pip install xgboost` to install.
Alternately, you can install this by running `pip install pycaret[models]`
2025-12-04 15:38:31,637:WARNING:
'catboost' is a soft dependency and not included in the pycaret installation. Please run: `pip install catboost` to install.
Alternately, you can install this by running `pip install pycaret[models]`
2025-12-04 15:38:31,637:INFO:Engine successfully changes for model 'knn' to 'sklearn'.
2025-12-04 15:38:31,669:INFO:Engine for model 'rbfsvm' has not been set explicitly, hence returning None.
2025-12-04 15:38:31,690:WARNING:
'xgboost' is a soft dependency and not included in the pycaret installation. Please run: `pip install xgboost` to install.
Alternately, you can install this by running `pip install pycaret[models]`
2025-12-04 15:38:31,690:WARNING:
'catboost' is a soft dependency and not included in the pycaret installation. Please run: `pip install catboost` to install.
Alternately, you can install this by running `pip install pycaret[models]`
2025-12-04 15:38:31,723:INFO:Engine for model 'rbfsvm' has not been set explicitly, hence returning None.
2025-12-04 15:38:31,741:WARNING:
'xgboost' is a soft dependency and not included in the pycaret installation. Please run: `pip install xgboost` to install.
Alternately, you can install this by running `pip install pycaret[models]`
2025-12-04 15:38:31,741:WARNING:
'catboost' is a soft dependency and not included in the pycaret installation. Please run: `pip install catboost` to install.
Alternately, you can install this by running `pip install pycaret[models]`
2025-12-04 15:38:31,741:INFO:Engine successfully changes for model 'rbfsvm' to 'sklearn'.
2025-12-04 15:38:31,799:WARNING:
'xgboost' is a soft dependency and not included in the pycaret installation. Please run: `pip install xgboost` to install.
Alternately, you can install this by running `pip install pycaret[models]`
2025-12-04 15:38:31,799:WARNING:
'catboost' is a soft dependency and not included in the pycaret installation. Please run: `pip install catboost` to install.
Alternately, you can install this by running `pip install pycaret[models]`
2025-12-04 15:38:31,870:WARNING:
'xgboost' is a soft dependency and not included in the pycaret installation. Please run: `pip install xgboost` to install.
Alternately, you can install this by running `pip install pycaret[models]`
2025-12-04 15:38:31,871:WARNING:
'catboost' is a soft dependency and not included in the pycaret installation. Please run: `pip install catboost` to install.
Alternately, you can install this by running `pip install pycaret[models]`
2025-12-04 15:38:31,875:INFO:Preparing preprocessing pipeline...
2025-12-04 15:38:31,877:INFO:Set up label encoding.
2025-12-04 15:38:31,877:INFO:Set up simple imputation.
2025-12-04 15:38:31,877:INFO:Set up removing multicollinearity.
2025-12-04 15:38:31,877:INFO:Set up imbalanced handling.
2025-12-04 15:38:31,877:INFO:Set up column transformation.
2025-12-04 15:38:31,877:INFO:Set up feature normalization.
2025-12-04 15:38:32,095:WARNING:C:\Users\ywcho\AppData\Local\Programs\Python\Python311\Lib\site-packages\numpy\core\_methods.py:187: RuntimeWarning: overflow encountered in reduce
  ret = umr_sum(x, axis, dtype, out, keepdims=keepdims, where=where)

2025-12-04 15:38:32,167:INFO:Finished creating preprocessing pipeline.
2025-12-04 15:38:32,173:INFO:Pipeline: Pipeline(memory=FastMemory(location=C:\Users\ywcho\AppData\Local\Temp\joblib),
         steps=[('label_encoding',
                 TransformerWrapperWithInverse(exclude=None, include=None,
                                               transformer=LabelEncoder())),
                ('numerical_imputer',
                 TransformerWrapper(exclude=None,
                                    include=['danceability', 'energy',
                                             'loudness', 'mode', 'acousticness',
                                             'instrumentalness', 'liveness',
                                             'valence', 'te...
                                    transformer=FixImbalancer(estimator=SMOTE(k_neighbors=5,
                                                                              random_state=42,
                                                                              sampling_strategy='auto')))),
                ('transformation',
                 TransformerWrapper(exclude=None, include=None,
                                    transformer=PowerTransformer(copy=True,
                                                                 method='yeo-johnson',
                                                                 standardize=False))),
                ('normalize',
                 TransformerWrapper(exclude=None, include=None,
                                    transformer=StandardScaler(copy=True,
                                                               with_mean=True,
                                                               with_std=True)))],
         verbose=False)
2025-12-04 15:38:32,173:INFO:Creating final display dataframe.
2025-12-04 15:38:32,385:INFO:Setup _display_container:                     Description                                              Value
0                    Session id                                                 42
1                        Target                                              Genre
2                   Target type                                         Multiclass
3                Target mapping  acoustic: 0, ambient: 1, breakbeat: 2, british...
4           Original data shape                                        (30000, 10)
5        Transformed data shape                                        (30000, 10)
6   Transformed train set shape                                        (21000, 10)
7    Transformed test set shape                                         (9000, 10)
8              Numeric features                                                  9
9                    Preprocess                                               True
10              Imputation type                                             simple
11           Numeric imputation                                               mean
12       Categorical imputation                                               mode
13     Remove multicollinearity                                               True
14  Multicollinearity threshold                                               0.95
15                Fix imbalance                                               True
16         Fix imbalance method                                              SMOTE
17               Transformation                                               True
18        Transformation method                                        yeo-johnson
19                    Normalize                                               True
20             Normalize method                                             zscore
21               Fold Generator                                    StratifiedKFold
22                  Fold Number                                                 10
23                     CPU Jobs                                                 -1
24                      Use GPU                                              False
25               Log Experiment                                              False
26              Experiment Name                                   clf-default-name
27                          USI                                               b899
2025-12-04 15:38:32,457:WARNING:
'xgboost' is a soft dependency and not included in the pycaret installation. Please run: `pip install xgboost` to install.
Alternately, you can install this by running `pip install pycaret[models]`
2025-12-04 15:38:32,457:WARNING:
'catboost' is a soft dependency and not included in the pycaret installation. Please run: `pip install catboost` to install.
Alternately, you can install this by running `pip install pycaret[models]`
2025-12-04 15:38:32,515:WARNING:
'xgboost' is a soft dependency and not included in the pycaret installation. Please run: `pip install xgboost` to install.
Alternately, you can install this by running `pip install pycaret[models]`
2025-12-04 15:38:32,515:WARNING:
'catboost' is a soft dependency and not included in the pycaret installation. Please run: `pip install catboost` to install.
Alternately, you can install this by running `pip install pycaret[models]`
2025-12-04 15:38:32,516:INFO:setup() successfully completed in 1.8s...............
2025-12-04 15:38:32,516:INFO:Initializing compare_models()
2025-12-04 15:38:32,516:INFO:compare_models(self=<pycaret.classification.oop.ClassificationExperiment object at 0x000002A1B340F610>, include=None, exclude=None, fold=None, round=4, cross_validation=True, sort=Accuracy, n_select=1, budget_time=None, turbo=True, errors=ignore, fit_kwargs=None, groups=None, experiment_custom_tags=None, probability_threshold=None, verbose=True, parallel=None, caller_params={'self': <pycaret.classification.oop.ClassificationExperiment object at 0x000002A1B340F610>, 'include': None, 'exclude': None, 'fold': None, 'round': 4, 'cross_validation': True, 'sort': 'Accuracy', 'n_select': 1, 'budget_time': None, 'turbo': True, 'errors': 'ignore', 'fit_kwargs': None, 'groups': None, 'experiment_custom_tags': None, 'probability_threshold': None, 'engine': None, 'verbose': True, 'parallel': None, '__class__': <class 'pycaret.classification.oop.ClassificationExperiment'>})
2025-12-04 15:38:32,516:INFO:Checking exceptions
2025-12-04 15:38:32,521:INFO:Preparing display monitor
2025-12-04 15:38:32,526:INFO:Initializing Logistic Regression
2025-12-04 15:38:32,526:INFO:Total runtime is 0.0 minutes
2025-12-04 15:38:32,526:INFO:SubProcess create_model() called ==================================
2025-12-04 15:38:32,526:INFO:Initializing create_model()
2025-12-04 15:38:32,527:INFO:create_model(self=<pycaret.classification.oop.ClassificationExperiment object at 0x000002A1B340F610>, estimator=lr, fold=StratifiedKFold(n_splits=10, random_state=None, shuffle=False), round=4, cross_validation=True, predict=True, fit_kwargs={}, groups=None, refit=False, probability_threshold=None, experiment_custom_tags=None, verbose=False, system=False, add_to_model_list=True, metrics=None, display=<pycaret.internal.display.display.CommonDisplay object at 0x000002A1ED63DA50>, model_only=True, return_train_score=False, error_score=0.0, kwargs={})
2025-12-04 15:38:32,527:INFO:Checking exceptions
2025-12-04 15:38:32,527:INFO:Importing libraries
2025-12-04 15:38:32,527:INFO:Copying training dataset
2025-12-04 15:38:32,527:INFO:Defining folds
2025-12-04 15:38:32,527:INFO:Declaring metric variables
2025-12-04 15:38:32,527:INFO:Importing untrained model
2025-12-04 15:38:32,527:INFO:Logistic Regression Imported successfully
2025-12-04 15:38:32,527:INFO:Starting cross validation
2025-12-04 15:38:32,527:INFO:Cross validating with StratifiedKFold(n_splits=10, random_state=None, shuffle=False), n_jobs=-1
2025-12-04 15:38:38,785:WARNING:C:\Users\ywcho\AppData\Local\Programs\Python\Python311\Lib\site-packages\numpy\core\_methods.py:187: RuntimeWarning: overflow encountered in reduce
  ret = umr_sum(x, axis, dtype, out, keepdims=keepdims, where=where)

2025-12-04 15:38:38,796:WARNING:C:\Users\ywcho\AppData\Local\Programs\Python\Python311\Lib\site-packages\numpy\core\_methods.py:187: RuntimeWarning: overflow encountered in reduce
  ret = umr_sum(x, axis, dtype, out, keepdims=keepdims, where=where)

2025-12-04 15:38:38,798:WARNING:C:\Users\ywcho\AppData\Local\Programs\Python\Python311\Lib\site-packages\numpy\core\_methods.py:187: RuntimeWarning: overflow encountered in reduce
  ret = umr_sum(x, axis, dtype, out, keepdims=keepdims, where=where)

2025-12-04 15:38:38,801:WARNING:C:\Users\ywcho\AppData\Local\Programs\Python\Python311\Lib\site-packages\numpy\core\_methods.py:187: RuntimeWarning: overflow encountered in reduce
  ret = umr_sum(x, axis, dtype, out, keepdims=keepdims, where=where)

2025-12-04 15:38:38,804:WARNING:C:\Users\ywcho\AppData\Local\Programs\Python\Python311\Lib\site-packages\numpy\core\_methods.py:187: RuntimeWarning: overflow encountered in reduce
  ret = umr_sum(x, axis, dtype, out, keepdims=keepdims, where=where)

2025-12-04 15:38:38,804:WARNING:C:\Users\ywcho\AppData\Local\Programs\Python\Python311\Lib\site-packages\numpy\core\_methods.py:187: RuntimeWarning: overflow encountered in reduce
  ret = umr_sum(x, axis, dtype, out, keepdims=keepdims, where=where)

2025-12-04 15:38:38,805:WARNING:C:\Users\ywcho\AppData\Local\Programs\Python\Python311\Lib\site-packages\numpy\core\_methods.py:187: RuntimeWarning: overflow encountered in reduce
  ret = umr_sum(x, axis, dtype, out, keepdims=keepdims, where=where)

2025-12-04 15:38:38,807:WARNING:C:\Users\ywcho\AppData\Local\Programs\Python\Python311\Lib\site-packages\numpy\core\_methods.py:187: RuntimeWarning: overflow encountered in reduce
  ret = umr_sum(x, axis, dtype, out, keepdims=keepdims, where=where)

2025-12-04 15:38:38,817:WARNING:C:\Users\ywcho\AppData\Local\Programs\Python\Python311\Lib\site-packages\numpy\core\_methods.py:187: RuntimeWarning: overflow encountered in reduce
  ret = umr_sum(x, axis, dtype, out, keepdims=keepdims, where=where)

2025-12-04 15:38:38,825:WARNING:C:\Users\ywcho\AppData\Local\Programs\Python\Python311\Lib\site-packages\numpy\core\_methods.py:187: RuntimeWarning: overflow encountered in reduce
  ret = umr_sum(x, axis, dtype, out, keepdims=keepdims, where=where)

2025-12-04 15:38:41,858:WARNING:C:\Users\ywcho\AppData\Local\Programs\Python\Python311\Lib\site-packages\pycaret\internal\metrics.py:204: FitFailedWarning: Metric 'make_scorer(roc_auc_score, response_method=('decision_function', 'predict_proba'), average=weighted, multi_class=ovr)' failed and error score 0.0 has been returned instead. If this is a custom metric, this usually means that the error is in the metric code. Full exception below:
Traceback (most recent call last):
  File "C:\Users\ywcho\AppData\Local\Programs\Python\Python311\Lib\site-packages\pycaret\internal\metrics.py", line 196, in _score
    return super()._score(
           ^^^^^^^^^^^^^^^
  File "C:\Users\ywcho\AppData\Local\Programs\Python\Python311\Lib\site-packages\sklearn\metrics\_scorer.py", line 350, in _score
    return self._sign * self._score_func(y_true, y_pred, **scoring_kwargs)
                        ^^^^^^^^^^^^^^^^^^^^^^^^^^^^^^^^^^^^^^^^^^^^^^^^^^
  File "C:\Users\ywcho\AppData\Local\Programs\Python\Python311\Lib\site-packages\pycaret\internal\metrics.py", line 144, in __call__
    return self.score_func(y_true, y_pred, **kwargs)
           ^^^^^^^^^^^^^^^^^^^^^^^^^^^^^^^^^^^^^^^^^
  File "C:\Users\ywcho\AppData\Local\Programs\Python\Python311\Lib\site-packages\sklearn\utils\_param_validation.py", line 213, in wrapper
    return func(*args, **kwargs)
           ^^^^^^^^^^^^^^^^^^^^^
  File "C:\Users\ywcho\AppData\Local\Programs\Python\Python311\Lib\site-packages\sklearn\metrics\_ranking.py", line 634, in roc_auc_score
    return _multiclass_roc_auc_score(
           ^^^^^^^^^^^^^^^^^^^^^^^^^^
  File "C:\Users\ywcho\AppData\Local\Programs\Python\Python311\Lib\site-packages\sklearn\metrics\_ranking.py", line 707, in _multiclass_roc_auc_score
    raise ValueError(
ValueError: Target scores need to be probabilities for multiclass roc_auc, i.e. they should sum up to 1.0 over classes

  warnings.warn(

2025-12-04 15:38:41,872:WARNING:C:\Users\ywcho\AppData\Local\Programs\Python\Python311\Lib\site-packages\sklearn\metrics\_classification.py:1561: UserWarning: Note that pos_label (set to 'turkish') is ignored when average != 'binary' (got 'weighted'). You may use labels=[pos_label] to specify a single positive class.
  warnings.warn(

2025-12-04 15:38:41,892:WARNING:C:\Users\ywcho\AppData\Local\Programs\Python\Python311\Lib\site-packages\pycaret\internal\metrics.py:204: FitFailedWarning: Metric 'make_scorer(roc_auc_score, response_method=('decision_function', 'predict_proba'), average=weighted, multi_class=ovr)' failed and error score 0.0 has been returned instead. If this is a custom metric, this usually means that the error is in the metric code. Full exception below:
Traceback (most recent call last):
  File "C:\Users\ywcho\AppData\Local\Programs\Python\Python311\Lib\site-packages\pycaret\internal\metrics.py", line 196, in _score
    return super()._score(
           ^^^^^^^^^^^^^^^
  File "C:\Users\ywcho\AppData\Local\Programs\Python\Python311\Lib\site-packages\sklearn\metrics\_scorer.py", line 350, in _score
    return self._sign * self._score_func(y_true, y_pred, **scoring_kwargs)
                        ^^^^^^^^^^^^^^^^^^^^^^^^^^^^^^^^^^^^^^^^^^^^^^^^^^
  File "C:\Users\ywcho\AppData\Local\Programs\Python\Python311\Lib\site-packages\pycaret\internal\metrics.py", line 144, in __call__
    return self.score_func(y_true, y_pred, **kwargs)
           ^^^^^^^^^^^^^^^^^^^^^^^^^^^^^^^^^^^^^^^^^
  File "C:\Users\ywcho\AppData\Local\Programs\Python\Python311\Lib\site-packages\sklearn\utils\_param_validation.py", line 213, in wrapper
    return func(*args, **kwargs)
           ^^^^^^^^^^^^^^^^^^^^^
  File "C:\Users\ywcho\AppData\Local\Programs\Python\Python311\Lib\site-packages\sklearn\metrics\_ranking.py", line 634, in roc_auc_score
    return _multiclass_roc_auc_score(
           ^^^^^^^^^^^^^^^^^^^^^^^^^^
  File "C:\Users\ywcho\AppData\Local\Programs\Python\Python311\Lib\site-packages\sklearn\metrics\_ranking.py", line 707, in _multiclass_roc_auc_score
    raise ValueError(
ValueError: Target scores need to be probabilities for multiclass roc_auc, i.e. they should sum up to 1.0 over classes

  warnings.warn(

2025-12-04 15:38:41,901:WARNING:C:\Users\ywcho\AppData\Local\Programs\Python\Python311\Lib\site-packages\sklearn\metrics\_classification.py:1561: UserWarning: Note that pos_label (set to 'turkish') is ignored when average != 'binary' (got 'weighted'). You may use labels=[pos_label] to specify a single positive class.
  warnings.warn(

2025-12-04 15:38:41,908:WARNING:C:\Users\ywcho\AppData\Local\Programs\Python\Python311\Lib\site-packages\sklearn\metrics\_classification.py:1561: UserWarning: Note that pos_label (set to 'turkish') is ignored when average != 'binary' (got 'weighted'). You may use labels=[pos_label] to specify a single positive class.
  warnings.warn(

2025-12-04 15:38:41,926:WARNING:C:\Users\ywcho\AppData\Local\Programs\Python\Python311\Lib\site-packages\sklearn\metrics\_classification.py:1561: UserWarning: Note that pos_label (set to 'turkish') is ignored when average != 'binary' (got 'weighted'). You may use labels=[pos_label] to specify a single positive class.
  warnings.warn(

2025-12-04 15:38:41,930:WARNING:C:\Users\ywcho\AppData\Local\Programs\Python\Python311\Lib\site-packages\sklearn\metrics\_classification.py:1561: UserWarning: Note that pos_label (set to 'turkish') is ignored when average != 'binary' (got 'weighted'). You may use labels=[pos_label] to specify a single positive class.
  warnings.warn(

2025-12-04 15:38:41,950:WARNING:C:\Users\ywcho\AppData\Local\Programs\Python\Python311\Lib\site-packages\pycaret\internal\metrics.py:204: FitFailedWarning: Metric 'make_scorer(roc_auc_score, response_method=('decision_function', 'predict_proba'), average=weighted, multi_class=ovr)' failed and error score 0.0 has been returned instead. If this is a custom metric, this usually means that the error is in the metric code. Full exception below:
Traceback (most recent call last):
  File "C:\Users\ywcho\AppData\Local\Programs\Python\Python311\Lib\site-packages\pycaret\internal\metrics.py", line 196, in _score
    return super()._score(
           ^^^^^^^^^^^^^^^
  File "C:\Users\ywcho\AppData\Local\Programs\Python\Python311\Lib\site-packages\sklearn\metrics\_scorer.py", line 350, in _score
    return self._sign * self._score_func(y_true, y_pred, **scoring_kwargs)
                        ^^^^^^^^^^^^^^^^^^^^^^^^^^^^^^^^^^^^^^^^^^^^^^^^^^
  File "C:\Users\ywcho\AppData\Local\Programs\Python\Python311\Lib\site-packages\pycaret\internal\metrics.py", line 144, in __call__
    return self.score_func(y_true, y_pred, **kwargs)
           ^^^^^^^^^^^^^^^^^^^^^^^^^^^^^^^^^^^^^^^^^
  File "C:\Users\ywcho\AppData\Local\Programs\Python\Python311\Lib\site-packages\sklearn\utils\_param_validation.py", line 213, in wrapper
    return func(*args, **kwargs)
           ^^^^^^^^^^^^^^^^^^^^^
  File "C:\Users\ywcho\AppData\Local\Programs\Python\Python311\Lib\site-packages\sklearn\metrics\_ranking.py", line 634, in roc_auc_score
    return _multiclass_roc_auc_score(
           ^^^^^^^^^^^^^^^^^^^^^^^^^^
  File "C:\Users\ywcho\AppData\Local\Programs\Python\Python311\Lib\site-packages\sklearn\metrics\_ranking.py", line 707, in _multiclass_roc_auc_score
    raise ValueError(
ValueError: Target scores need to be probabilities for multiclass roc_auc, i.e. they should sum up to 1.0 over classes

  warnings.warn(

2025-12-04 15:38:41,952:WARNING:C:\Users\ywcho\AppData\Local\Programs\Python\Python311\Lib\site-packages\sklearn\metrics\_classification.py:1561: UserWarning: Note that pos_label (set to 'turkish') is ignored when average != 'binary' (got 'weighted'). You may use labels=[pos_label] to specify a single positive class.
  warnings.warn(

2025-12-04 15:38:41,964:WARNING:C:\Users\ywcho\AppData\Local\Programs\Python\Python311\Lib\site-packages\sklearn\metrics\_classification.py:1561: UserWarning: Note that pos_label (set to 'turkish') is ignored when average != 'binary' (got 'weighted'). You may use labels=[pos_label] to specify a single positive class.
  warnings.warn(

2025-12-04 15:38:41,987:WARNING:C:\Users\ywcho\AppData\Local\Programs\Python\Python311\Lib\site-packages\sklearn\metrics\_classification.py:1561: UserWarning: Note that pos_label (set to 'turkish') is ignored when average != 'binary' (got 'weighted'). You may use labels=[pos_label] to specify a single positive class.
  warnings.warn(

2025-12-04 15:38:42,011:WARNING:C:\Users\ywcho\AppData\Local\Programs\Python\Python311\Lib\site-packages\sklearn\metrics\_classification.py:1561: UserWarning: Note that pos_label (set to 'turkish') is ignored when average != 'binary' (got 'weighted'). You may use labels=[pos_label] to specify a single positive class.
  warnings.warn(

2025-12-04 15:38:42,028:WARNING:C:\Users\ywcho\AppData\Local\Programs\Python\Python311\Lib\site-packages\pycaret\internal\metrics.py:204: FitFailedWarning: Metric 'make_scorer(roc_auc_score, response_method=('decision_function', 'predict_proba'), average=weighted, multi_class=ovr)' failed and error score 0.0 has been returned instead. If this is a custom metric, this usually means that the error is in the metric code. Full exception below:
Traceback (most recent call last):
  File "C:\Users\ywcho\AppData\Local\Programs\Python\Python311\Lib\site-packages\pycaret\internal\metrics.py", line 196, in _score
    return super()._score(
           ^^^^^^^^^^^^^^^
  File "C:\Users\ywcho\AppData\Local\Programs\Python\Python311\Lib\site-packages\sklearn\metrics\_scorer.py", line 350, in _score
    return self._sign * self._score_func(y_true, y_pred, **scoring_kwargs)
                        ^^^^^^^^^^^^^^^^^^^^^^^^^^^^^^^^^^^^^^^^^^^^^^^^^^
  File "C:\Users\ywcho\AppData\Local\Programs\Python\Python311\Lib\site-packages\pycaret\internal\metrics.py", line 144, in __call__
    return self.score_func(y_true, y_pred, **kwargs)
           ^^^^^^^^^^^^^^^^^^^^^^^^^^^^^^^^^^^^^^^^^
  File "C:\Users\ywcho\AppData\Local\Programs\Python\Python311\Lib\site-packages\sklearn\utils\_param_validation.py", line 213, in wrapper
    return func(*args, **kwargs)
           ^^^^^^^^^^^^^^^^^^^^^
  File "C:\Users\ywcho\AppData\Local\Programs\Python\Python311\Lib\site-packages\sklearn\metrics\_ranking.py", line 634, in roc_auc_score
    return _multiclass_roc_auc_score(
           ^^^^^^^^^^^^^^^^^^^^^^^^^^
  File "C:\Users\ywcho\AppData\Local\Programs\Python\Python311\Lib\site-packages\sklearn\metrics\_ranking.py", line 707, in _multiclass_roc_auc_score
    raise ValueError(
ValueError: Target scores need to be probabilities for multiclass roc_auc, i.e. they should sum up to 1.0 over classes

  warnings.warn(

2025-12-04 15:38:42,040:WARNING:C:\Users\ywcho\AppData\Local\Programs\Python\Python311\Lib\site-packages\sklearn\metrics\_classification.py:1561: UserWarning: Note that pos_label (set to 'turkish') is ignored when average != 'binary' (got 'weighted'). You may use labels=[pos_label] to specify a single positive class.
  warnings.warn(

2025-12-04 15:38:42,047:WARNING:C:\Users\ywcho\AppData\Local\Programs\Python\Python311\Lib\site-packages\pycaret\internal\metrics.py:204: FitFailedWarning: Metric 'make_scorer(roc_auc_score, response_method=('decision_function', 'predict_proba'), average=weighted, multi_class=ovr)' failed and error score 0.0 has been returned instead. If this is a custom metric, this usually means that the error is in the metric code. Full exception below:
Traceback (most recent call last):
  File "C:\Users\ywcho\AppData\Local\Programs\Python\Python311\Lib\site-packages\pycaret\internal\metrics.py", line 196, in _score
    return super()._score(
           ^^^^^^^^^^^^^^^
  File "C:\Users\ywcho\AppData\Local\Programs\Python\Python311\Lib\site-packages\sklearn\metrics\_scorer.py", line 350, in _score
    return self._sign * self._score_func(y_true, y_pred, **scoring_kwargs)
                        ^^^^^^^^^^^^^^^^^^^^^^^^^^^^^^^^^^^^^^^^^^^^^^^^^^
  File "C:\Users\ywcho\AppData\Local\Programs\Python\Python311\Lib\site-packages\pycaret\internal\metrics.py", line 144, in __call__
    return self.score_func(y_true, y_pred, **kwargs)
           ^^^^^^^^^^^^^^^^^^^^^^^^^^^^^^^^^^^^^^^^^
  File "C:\Users\ywcho\AppData\Local\Programs\Python\Python311\Lib\site-packages\sklearn\utils\_param_validation.py", line 213, in wrapper
    return func(*args, **kwargs)
           ^^^^^^^^^^^^^^^^^^^^^
  File "C:\Users\ywcho\AppData\Local\Programs\Python\Python311\Lib\site-packages\sklearn\metrics\_ranking.py", line 634, in roc_auc_score
    return _multiclass_roc_auc_score(
           ^^^^^^^^^^^^^^^^^^^^^^^^^^
  File "C:\Users\ywcho\AppData\Local\Programs\Python\Python311\Lib\site-packages\sklearn\metrics\_ranking.py", line 707, in _multiclass_roc_auc_score
    raise ValueError(
ValueError: Target scores need to be probabilities for multiclass roc_auc, i.e. they should sum up to 1.0 over classes

  warnings.warn(

2025-12-04 15:38:42,061:WARNING:C:\Users\ywcho\AppData\Local\Programs\Python\Python311\Lib\site-packages\sklearn\metrics\_classification.py:1561: UserWarning: Note that pos_label (set to 'turkish') is ignored when average != 'binary' (got 'weighted'). You may use labels=[pos_label] to specify a single positive class.
  warnings.warn(

2025-12-04 15:38:42,061:WARNING:C:\Users\ywcho\AppData\Local\Programs\Python\Python311\Lib\site-packages\sklearn\metrics\_classification.py:1561: UserWarning: Note that pos_label (set to 'turkish') is ignored when average != 'binary' (got 'weighted'). You may use labels=[pos_label] to specify a single positive class.
  warnings.warn(

2025-12-04 15:38:42,071:WARNING:C:\Users\ywcho\AppData\Local\Programs\Python\Python311\Lib\site-packages\pycaret\internal\metrics.py:204: FitFailedWarning: Metric 'make_scorer(roc_auc_score, response_method=('decision_function', 'predict_proba'), average=weighted, multi_class=ovr)' failed and error score 0.0 has been returned instead. If this is a custom metric, this usually means that the error is in the metric code. Full exception below:
Traceback (most recent call last):
  File "C:\Users\ywcho\AppData\Local\Programs\Python\Python311\Lib\site-packages\pycaret\internal\metrics.py", line 196, in _score
    return super()._score(
           ^^^^^^^^^^^^^^^
  File "C:\Users\ywcho\AppData\Local\Programs\Python\Python311\Lib\site-packages\sklearn\metrics\_scorer.py", line 350, in _score
    return self._sign * self._score_func(y_true, y_pred, **scoring_kwargs)
                        ^^^^^^^^^^^^^^^^^^^^^^^^^^^^^^^^^^^^^^^^^^^^^^^^^^
  File "C:\Users\ywcho\AppData\Local\Programs\Python\Python311\Lib\site-packages\pycaret\internal\metrics.py", line 144, in __call__
    return self.score_func(y_true, y_pred, **kwargs)
           ^^^^^^^^^^^^^^^^^^^^^^^^^^^^^^^^^^^^^^^^^
  File "C:\Users\ywcho\AppData\Local\Programs\Python\Python311\Lib\site-packages\sklearn\utils\_param_validation.py", line 213, in wrapper
    return func(*args, **kwargs)
           ^^^^^^^^^^^^^^^^^^^^^
  File "C:\Users\ywcho\AppData\Local\Programs\Python\Python311\Lib\site-packages\sklearn\metrics\_ranking.py", line 634, in roc_auc_score
    return _multiclass_roc_auc_score(
           ^^^^^^^^^^^^^^^^^^^^^^^^^^
  File "C:\Users\ywcho\AppData\Local\Programs\Python\Python311\Lib\site-packages\sklearn\metrics\_ranking.py", line 707, in _multiclass_roc_auc_score
    raise ValueError(
ValueError: Target scores need to be probabilities for multiclass roc_auc, i.e. they should sum up to 1.0 over classes

  warnings.warn(

2025-12-04 15:38:42,080:WARNING:C:\Users\ywcho\AppData\Local\Programs\Python\Python311\Lib\site-packages\sklearn\metrics\_classification.py:1561: UserWarning: Note that pos_label (set to 'turkish') is ignored when average != 'binary' (got 'weighted'). You may use labels=[pos_label] to specify a single positive class.
  warnings.warn(

2025-12-04 15:38:42,080:WARNING:C:\Users\ywcho\AppData\Local\Programs\Python\Python311\Lib\site-packages\sklearn\metrics\_classification.py:1561: UserWarning: Note that pos_label (set to 'turkish') is ignored when average != 'binary' (got 'weighted'). You may use labels=[pos_label] to specify a single positive class.
  warnings.warn(

2025-12-04 15:38:42,082:WARNING:C:\Users\ywcho\AppData\Local\Programs\Python\Python311\Lib\site-packages\sklearn\metrics\_classification.py:1561: UserWarning: Note that pos_label (set to 'turkish') is ignored when average != 'binary' (got 'weighted'). You may use labels=[pos_label] to specify a single positive class.
  warnings.warn(

2025-12-04 15:38:42,089:WARNING:C:\Users\ywcho\AppData\Local\Programs\Python\Python311\Lib\site-packages\pycaret\internal\metrics.py:204: FitFailedWarning: Metric 'make_scorer(roc_auc_score, response_method=('decision_function', 'predict_proba'), average=weighted, multi_class=ovr)' failed and error score 0.0 has been returned instead. If this is a custom metric, this usually means that the error is in the metric code. Full exception below:
Traceback (most recent call last):
  File "C:\Users\ywcho\AppData\Local\Programs\Python\Python311\Lib\site-packages\pycaret\internal\metrics.py", line 196, in _score
    return super()._score(
           ^^^^^^^^^^^^^^^
  File "C:\Users\ywcho\AppData\Local\Programs\Python\Python311\Lib\site-packages\sklearn\metrics\_scorer.py", line 350, in _score
    return self._sign * self._score_func(y_true, y_pred, **scoring_kwargs)
                        ^^^^^^^^^^^^^^^^^^^^^^^^^^^^^^^^^^^^^^^^^^^^^^^^^^
  File "C:\Users\ywcho\AppData\Local\Programs\Python\Python311\Lib\site-packages\pycaret\internal\metrics.py", line 144, in __call__
    return self.score_func(y_true, y_pred, **kwargs)
           ^^^^^^^^^^^^^^^^^^^^^^^^^^^^^^^^^^^^^^^^^
  File "C:\Users\ywcho\AppData\Local\Programs\Python\Python311\Lib\site-packages\sklearn\utils\_param_validation.py", line 213, in wrapper
    return func(*args, **kwargs)
           ^^^^^^^^^^^^^^^^^^^^^
  File "C:\Users\ywcho\AppData\Local\Programs\Python\Python311\Lib\site-packages\sklearn\metrics\_ranking.py", line 634, in roc_auc_score
    return _multiclass_roc_auc_score(
           ^^^^^^^^^^^^^^^^^^^^^^^^^^
  File "C:\Users\ywcho\AppData\Local\Programs\Python\Python311\Lib\site-packages\sklearn\metrics\_ranking.py", line 707, in _multiclass_roc_auc_score
    raise ValueError(
ValueError: Target scores need to be probabilities for multiclass roc_auc, i.e. they should sum up to 1.0 over classes

  warnings.warn(

2025-12-04 15:38:42,099:WARNING:C:\Users\ywcho\AppData\Local\Programs\Python\Python311\Lib\site-packages\sklearn\metrics\_classification.py:1561: UserWarning: Note that pos_label (set to 'turkish') is ignored when average != 'binary' (got 'weighted'). You may use labels=[pos_label] to specify a single positive class.
  warnings.warn(

2025-12-04 15:38:42,103:WARNING:C:\Users\ywcho\AppData\Local\Programs\Python\Python311\Lib\site-packages\sklearn\metrics\_classification.py:1561: UserWarning: Note that pos_label (set to 'turkish') is ignored when average != 'binary' (got 'weighted'). You may use labels=[pos_label] to specify a single positive class.
  warnings.warn(

2025-12-04 15:38:42,103:WARNING:C:\Users\ywcho\AppData\Local\Programs\Python\Python311\Lib\site-packages\sklearn\metrics\_classification.py:1561: UserWarning: Note that pos_label (set to 'turkish') is ignored when average != 'binary' (got 'weighted'). You may use labels=[pos_label] to specify a single positive class.
  warnings.warn(

2025-12-04 15:38:42,107:WARNING:C:\Users\ywcho\AppData\Local\Programs\Python\Python311\Lib\site-packages\pycaret\internal\metrics.py:204: FitFailedWarning: Metric 'make_scorer(roc_auc_score, response_method=('decision_function', 'predict_proba'), average=weighted, multi_class=ovr)' failed and error score 0.0 has been returned instead. If this is a custom metric, this usually means that the error is in the metric code. Full exception below:
Traceback (most recent call last):
  File "C:\Users\ywcho\AppData\Local\Programs\Python\Python311\Lib\site-packages\pycaret\internal\metrics.py", line 196, in _score
    return super()._score(
           ^^^^^^^^^^^^^^^
  File "C:\Users\ywcho\AppData\Local\Programs\Python\Python311\Lib\site-packages\sklearn\metrics\_scorer.py", line 350, in _score
    return self._sign * self._score_func(y_true, y_pred, **scoring_kwargs)
                        ^^^^^^^^^^^^^^^^^^^^^^^^^^^^^^^^^^^^^^^^^^^^^^^^^^
  File "C:\Users\ywcho\AppData\Local\Programs\Python\Python311\Lib\site-packages\pycaret\internal\metrics.py", line 144, in __call__
    return self.score_func(y_true, y_pred, **kwargs)
           ^^^^^^^^^^^^^^^^^^^^^^^^^^^^^^^^^^^^^^^^^
  File "C:\Users\ywcho\AppData\Local\Programs\Python\Python311\Lib\site-packages\sklearn\utils\_param_validation.py", line 213, in wrapper
    return func(*args, **kwargs)
           ^^^^^^^^^^^^^^^^^^^^^
  File "C:\Users\ywcho\AppData\Local\Programs\Python\Python311\Lib\site-packages\sklearn\metrics\_ranking.py", line 634, in roc_auc_score
    return _multiclass_roc_auc_score(
           ^^^^^^^^^^^^^^^^^^^^^^^^^^
  File "C:\Users\ywcho\AppData\Local\Programs\Python\Python311\Lib\site-packages\sklearn\metrics\_ranking.py", line 707, in _multiclass_roc_auc_score
    raise ValueError(
ValueError: Target scores need to be probabilities for multiclass roc_auc, i.e. they should sum up to 1.0 over classes

  warnings.warn(

2025-12-04 15:38:42,119:WARNING:C:\Users\ywcho\AppData\Local\Programs\Python\Python311\Lib\site-packages\sklearn\metrics\_classification.py:1561: UserWarning: Note that pos_label (set to 'turkish') is ignored when average != 'binary' (got 'weighted'). You may use labels=[pos_label] to specify a single positive class.
  warnings.warn(

2025-12-04 15:38:42,119:WARNING:C:\Users\ywcho\AppData\Local\Programs\Python\Python311\Lib\site-packages\sklearn\metrics\_classification.py:1561: UserWarning: Note that pos_label (set to 'turkish') is ignored when average != 'binary' (got 'weighted'). You may use labels=[pos_label] to specify a single positive class.
  warnings.warn(

2025-12-04 15:38:42,124:WARNING:C:\Users\ywcho\AppData\Local\Programs\Python\Python311\Lib\site-packages\sklearn\metrics\_classification.py:1561: UserWarning: Note that pos_label (set to 'turkish') is ignored when average != 'binary' (got 'weighted'). You may use labels=[pos_label] to specify a single positive class.
  warnings.warn(

2025-12-04 15:38:42,126:WARNING:C:\Users\ywcho\AppData\Local\Programs\Python\Python311\Lib\site-packages\pycaret\internal\metrics.py:204: FitFailedWarning: Metric 'make_scorer(roc_auc_score, response_method=('decision_function', 'predict_proba'), average=weighted, multi_class=ovr)' failed and error score 0.0 has been returned instead. If this is a custom metric, this usually means that the error is in the metric code. Full exception below:
Traceback (most recent call last):
  File "C:\Users\ywcho\AppData\Local\Programs\Python\Python311\Lib\site-packages\pycaret\internal\metrics.py", line 196, in _score
    return super()._score(
           ^^^^^^^^^^^^^^^
  File "C:\Users\ywcho\AppData\Local\Programs\Python\Python311\Lib\site-packages\sklearn\metrics\_scorer.py", line 350, in _score
    return self._sign * self._score_func(y_true, y_pred, **scoring_kwargs)
                        ^^^^^^^^^^^^^^^^^^^^^^^^^^^^^^^^^^^^^^^^^^^^^^^^^^
  File "C:\Users\ywcho\AppData\Local\Programs\Python\Python311\Lib\site-packages\pycaret\internal\metrics.py", line 144, in __call__
    return self.score_func(y_true, y_pred, **kwargs)
           ^^^^^^^^^^^^^^^^^^^^^^^^^^^^^^^^^^^^^^^^^
  File "C:\Users\ywcho\AppData\Local\Programs\Python\Python311\Lib\site-packages\sklearn\utils\_param_validation.py", line 213, in wrapper
    return func(*args, **kwargs)
           ^^^^^^^^^^^^^^^^^^^^^
  File "C:\Users\ywcho\AppData\Local\Programs\Python\Python311\Lib\site-packages\sklearn\metrics\_ranking.py", line 634, in roc_auc_score
    return _multiclass_roc_auc_score(
           ^^^^^^^^^^^^^^^^^^^^^^^^^^
  File "C:\Users\ywcho\AppData\Local\Programs\Python\Python311\Lib\site-packages\sklearn\metrics\_ranking.py", line 707, in _multiclass_roc_auc_score
    raise ValueError(
ValueError: Target scores need to be probabilities for multiclass roc_auc, i.e. they should sum up to 1.0 over classes

  warnings.warn(

2025-12-04 15:38:42,133:WARNING:C:\Users\ywcho\AppData\Local\Programs\Python\Python311\Lib\site-packages\sklearn\metrics\_classification.py:1561: UserWarning: Note that pos_label (set to 'turkish') is ignored when average != 'binary' (got 'weighted'). You may use labels=[pos_label] to specify a single positive class.
  warnings.warn(

2025-12-04 15:38:42,135:WARNING:C:\Users\ywcho\AppData\Local\Programs\Python\Python311\Lib\site-packages\sklearn\metrics\_classification.py:1561: UserWarning: Note that pos_label (set to 'turkish') is ignored when average != 'binary' (got 'weighted'). You may use labels=[pos_label] to specify a single positive class.
  warnings.warn(

2025-12-04 15:38:42,138:WARNING:C:\Users\ywcho\AppData\Local\Programs\Python\Python311\Lib\site-packages\sklearn\metrics\_classification.py:1561: UserWarning: Note that pos_label (set to 'turkish') is ignored when average != 'binary' (got 'weighted'). You may use labels=[pos_label] to specify a single positive class.
  warnings.warn(

2025-12-04 15:38:42,151:WARNING:C:\Users\ywcho\AppData\Local\Programs\Python\Python311\Lib\site-packages\sklearn\metrics\_classification.py:1561: UserWarning: Note that pos_label (set to 'turkish') is ignored when average != 'binary' (got 'weighted'). You may use labels=[pos_label] to specify a single positive class.
  warnings.warn(

2025-12-04 15:38:42,155:WARNING:C:\Users\ywcho\AppData\Local\Programs\Python\Python311\Lib\site-packages\sklearn\metrics\_classification.py:1561: UserWarning: Note that pos_label (set to 'turkish') is ignored when average != 'binary' (got 'weighted'). You may use labels=[pos_label] to specify a single positive class.
  warnings.warn(

2025-12-04 15:38:42,168:WARNING:C:\Users\ywcho\AppData\Local\Programs\Python\Python311\Lib\site-packages\sklearn\metrics\_classification.py:1561: UserWarning: Note that pos_label (set to 'turkish') is ignored when average != 'binary' (got 'weighted'). You may use labels=[pos_label] to specify a single positive class.
  warnings.warn(

2025-12-04 15:38:42,174:WARNING:C:\Users\ywcho\AppData\Local\Programs\Python\Python311\Lib\site-packages\pycaret\internal\metrics.py:204: FitFailedWarning: Metric 'make_scorer(roc_auc_score, response_method=('decision_function', 'predict_proba'), average=weighted, multi_class=ovr)' failed and error score 0.0 has been returned instead. If this is a custom metric, this usually means that the error is in the metric code. Full exception below:
Traceback (most recent call last):
  File "C:\Users\ywcho\AppData\Local\Programs\Python\Python311\Lib\site-packages\pycaret\internal\metrics.py", line 196, in _score
    return super()._score(
           ^^^^^^^^^^^^^^^
  File "C:\Users\ywcho\AppData\Local\Programs\Python\Python311\Lib\site-packages\sklearn\metrics\_scorer.py", line 350, in _score
    return self._sign * self._score_func(y_true, y_pred, **scoring_kwargs)
                        ^^^^^^^^^^^^^^^^^^^^^^^^^^^^^^^^^^^^^^^^^^^^^^^^^^
  File "C:\Users\ywcho\AppData\Local\Programs\Python\Python311\Lib\site-packages\pycaret\internal\metrics.py", line 144, in __call__
    return self.score_func(y_true, y_pred, **kwargs)
           ^^^^^^^^^^^^^^^^^^^^^^^^^^^^^^^^^^^^^^^^^
  File "C:\Users\ywcho\AppData\Local\Programs\Python\Python311\Lib\site-packages\sklearn\utils\_param_validation.py", line 213, in wrapper
    return func(*args, **kwargs)
           ^^^^^^^^^^^^^^^^^^^^^
  File "C:\Users\ywcho\AppData\Local\Programs\Python\Python311\Lib\site-packages\sklearn\metrics\_ranking.py", line 634, in roc_auc_score
    return _multiclass_roc_auc_score(
           ^^^^^^^^^^^^^^^^^^^^^^^^^^
  File "C:\Users\ywcho\AppData\Local\Programs\Python\Python311\Lib\site-packages\sklearn\metrics\_ranking.py", line 707, in _multiclass_roc_auc_score
    raise ValueError(
ValueError: Target scores need to be probabilities for multiclass roc_auc, i.e. they should sum up to 1.0 over classes

  warnings.warn(

2025-12-04 15:38:42,182:WARNING:C:\Users\ywcho\AppData\Local\Programs\Python\Python311\Lib\site-packages\sklearn\metrics\_classification.py:1561: UserWarning: Note that pos_label (set to 'turkish') is ignored when average != 'binary' (got 'weighted'). You may use labels=[pos_label] to specify a single positive class.
  warnings.warn(

2025-12-04 15:38:42,198:WARNING:C:\Users\ywcho\AppData\Local\Programs\Python\Python311\Lib\site-packages\sklearn\metrics\_classification.py:1561: UserWarning: Note that pos_label (set to 'turkish') is ignored when average != 'binary' (got 'weighted'). You may use labels=[pos_label] to specify a single positive class.
  warnings.warn(

2025-12-04 15:38:42,215:WARNING:C:\Users\ywcho\AppData\Local\Programs\Python\Python311\Lib\site-packages\sklearn\metrics\_classification.py:1561: UserWarning: Note that pos_label (set to 'turkish') is ignored when average != 'binary' (got 'weighted'). You may use labels=[pos_label] to specify a single positive class.
  warnings.warn(

2025-12-04 15:38:42,244:INFO:Calculating mean and std
2025-12-04 15:38:42,247:INFO:Creating metrics dataframe
2025-12-04 15:38:42,250:INFO:Uploading results into container
2025-12-04 15:38:42,252:INFO:Uploading model into container now
2025-12-04 15:38:42,252:INFO:_master_model_container: 1
2025-12-04 15:38:42,252:INFO:_display_container: 2
2025-12-04 15:38:42,252:INFO:LogisticRegression(C=1.0, class_weight=None, dual=False, fit_intercept=True,
                   intercept_scaling=1, l1_ratio=None, max_iter=1000,
                   multi_class='auto', n_jobs=None, penalty='l2',
                   random_state=42, solver='lbfgs', tol=0.0001, verbose=0,
                   warm_start=False)
2025-12-04 15:38:42,252:INFO:create_model() successfully completed......................................
2025-12-04 15:38:42,385:INFO:SubProcess create_model() end ==================================
2025-12-04 15:38:42,385:INFO:Creating metrics dataframe
2025-12-04 15:38:42,390:INFO:Initializing K Neighbors Classifier
2025-12-04 15:38:42,390:INFO:Total runtime is 0.164397931098938 minutes
2025-12-04 15:38:42,390:INFO:SubProcess create_model() called ==================================
2025-12-04 15:38:42,390:INFO:Initializing create_model()
2025-12-04 15:38:42,390:INFO:create_model(self=<pycaret.classification.oop.ClassificationExperiment object at 0x000002A1B340F610>, estimator=knn, fold=StratifiedKFold(n_splits=10, random_state=None, shuffle=False), round=4, cross_validation=True, predict=True, fit_kwargs={}, groups=None, refit=False, probability_threshold=None, experiment_custom_tags=None, verbose=False, system=False, add_to_model_list=True, metrics=None, display=<pycaret.internal.display.display.CommonDisplay object at 0x000002A1ED63DA50>, model_only=True, return_train_score=False, error_score=0.0, kwargs={})
2025-12-04 15:38:42,390:INFO:Checking exceptions
2025-12-04 15:38:42,390:INFO:Importing libraries
2025-12-04 15:38:42,390:INFO:Copying training dataset
2025-12-04 15:38:42,399:INFO:Defining folds
2025-12-04 15:38:42,399:INFO:Declaring metric variables
2025-12-04 15:38:42,399:INFO:Importing untrained model
2025-12-04 15:38:42,400:INFO:K Neighbors Classifier Imported successfully
2025-12-04 15:38:42,400:INFO:Starting cross validation
2025-12-04 15:38:42,401:INFO:Cross validating with StratifiedKFold(n_splits=10, random_state=None, shuffle=False), n_jobs=-1
2025-12-04 15:38:42,711:WARNING:C:\Users\ywcho\AppData\Local\Programs\Python\Python311\Lib\site-packages\numpy\core\_methods.py:187: RuntimeWarning: overflow encountered in reduce
  ret = umr_sum(x, axis, dtype, out, keepdims=keepdims, where=where)

2025-12-04 15:38:42,727:WARNING:C:\Users\ywcho\AppData\Local\Programs\Python\Python311\Lib\site-packages\numpy\core\_methods.py:187: RuntimeWarning: overflow encountered in reduce
  ret = umr_sum(x, axis, dtype, out, keepdims=keepdims, where=where)

2025-12-04 15:38:42,729:WARNING:C:\Users\ywcho\AppData\Local\Programs\Python\Python311\Lib\site-packages\numpy\core\_methods.py:187: RuntimeWarning: overflow encountered in reduce
  ret = umr_sum(x, axis, dtype, out, keepdims=keepdims, where=where)

2025-12-04 15:38:42,744:WARNING:C:\Users\ywcho\AppData\Local\Programs\Python\Python311\Lib\site-packages\numpy\core\_methods.py:187: RuntimeWarning: overflow encountered in reduce
  ret = umr_sum(x, axis, dtype, out, keepdims=keepdims, where=where)

2025-12-04 15:38:42,746:WARNING:C:\Users\ywcho\AppData\Local\Programs\Python\Python311\Lib\site-packages\numpy\core\_methods.py:187: RuntimeWarning: overflow encountered in reduce
  ret = umr_sum(x, axis, dtype, out, keepdims=keepdims, where=where)

2025-12-04 15:38:42,748:WARNING:C:\Users\ywcho\AppData\Local\Programs\Python\Python311\Lib\site-packages\numpy\core\_methods.py:187: RuntimeWarning: overflow encountered in reduce
  ret = umr_sum(x, axis, dtype, out, keepdims=keepdims, where=where)

2025-12-04 15:38:42,752:WARNING:C:\Users\ywcho\AppData\Local\Programs\Python\Python311\Lib\site-packages\numpy\core\_methods.py:187: RuntimeWarning: overflow encountered in reduce
  ret = umr_sum(x, axis, dtype, out, keepdims=keepdims, where=where)

2025-12-04 15:38:42,766:WARNING:C:\Users\ywcho\AppData\Local\Programs\Python\Python311\Lib\site-packages\numpy\core\_methods.py:187: RuntimeWarning: overflow encountered in reduce
  ret = umr_sum(x, axis, dtype, out, keepdims=keepdims, where=where)

2025-12-04 15:38:43,467:WARNING:C:\Users\ywcho\AppData\Local\Programs\Python\Python311\Lib\site-packages\sklearn\metrics\_classification.py:1561: UserWarning: Note that pos_label (set to 'turkish') is ignored when average != 'binary' (got 'weighted'). You may use labels=[pos_label] to specify a single positive class.
  warnings.warn(

2025-12-04 15:38:43,484:WARNING:C:\Users\ywcho\AppData\Local\Programs\Python\Python311\Lib\site-packages\sklearn\metrics\_classification.py:1561: UserWarning: Note that pos_label (set to 'turkish') is ignored when average != 'binary' (got 'weighted'). You may use labels=[pos_label] to specify a single positive class.
  warnings.warn(

2025-12-04 15:38:43,512:WARNING:C:\Users\ywcho\AppData\Local\Programs\Python\Python311\Lib\site-packages\sklearn\metrics\_classification.py:1561: UserWarning: Note that pos_label (set to 'turkish') is ignored when average != 'binary' (got 'weighted'). You may use labels=[pos_label] to specify a single positive class.
  warnings.warn(

2025-12-04 15:38:43,512:WARNING:C:\Users\ywcho\AppData\Local\Programs\Python\Python311\Lib\site-packages\sklearn\metrics\_classification.py:1561: UserWarning: Note that pos_label (set to 'turkish') is ignored when average != 'binary' (got 'weighted'). You may use labels=[pos_label] to specify a single positive class.
  warnings.warn(

2025-12-04 15:38:43,522:WARNING:C:\Users\ywcho\AppData\Local\Programs\Python\Python311\Lib\site-packages\sklearn\metrics\_classification.py:1561: UserWarning: Note that pos_label (set to 'turkish') is ignored when average != 'binary' (got 'weighted'). You may use labels=[pos_label] to specify a single positive class.
  warnings.warn(

2025-12-04 15:38:43,547:WARNING:C:\Users\ywcho\AppData\Local\Programs\Python\Python311\Lib\site-packages\sklearn\metrics\_classification.py:1561: UserWarning: Note that pos_label (set to 'turkish') is ignored when average != 'binary' (got 'weighted'). You may use labels=[pos_label] to specify a single positive class.
  warnings.warn(

2025-12-04 15:38:43,562:WARNING:C:\Users\ywcho\AppData\Local\Programs\Python\Python311\Lib\site-packages\sklearn\metrics\_classification.py:1561: UserWarning: Note that pos_label (set to 'turkish') is ignored when average != 'binary' (got 'weighted'). You may use labels=[pos_label] to specify a single positive class.
  warnings.warn(

2025-12-04 15:38:43,568:WARNING:C:\Users\ywcho\AppData\Local\Programs\Python\Python311\Lib\site-packages\sklearn\metrics\_classification.py:1561: UserWarning: Note that pos_label (set to 'turkish') is ignored when average != 'binary' (got 'weighted'). You may use labels=[pos_label] to specify a single positive class.
  warnings.warn(

2025-12-04 15:38:43,570:WARNING:C:\Users\ywcho\AppData\Local\Programs\Python\Python311\Lib\site-packages\sklearn\metrics\_classification.py:1561: UserWarning: Note that pos_label (set to 'turkish') is ignored when average != 'binary' (got 'weighted'). You may use labels=[pos_label] to specify a single positive class.
  warnings.warn(

2025-12-04 15:38:43,585:WARNING:C:\Users\ywcho\AppData\Local\Programs\Python\Python311\Lib\site-packages\sklearn\metrics\_classification.py:1561: UserWarning: Note that pos_label (set to 'turkish') is ignored when average != 'binary' (got 'weighted'). You may use labels=[pos_label] to specify a single positive class.
  warnings.warn(

2025-12-04 15:38:43,594:WARNING:C:\Users\ywcho\AppData\Local\Programs\Python\Python311\Lib\site-packages\sklearn\metrics\_classification.py:1561: UserWarning: Note that pos_label (set to 'turkish') is ignored when average != 'binary' (got 'weighted'). You may use labels=[pos_label] to specify a single positive class.
  warnings.warn(

2025-12-04 15:38:43,596:WARNING:C:\Users\ywcho\AppData\Local\Programs\Python\Python311\Lib\site-packages\sklearn\metrics\_classification.py:1561: UserWarning: Note that pos_label (set to 'turkish') is ignored when average != 'binary' (got 'weighted'). You may use labels=[pos_label] to specify a single positive class.
  warnings.warn(

2025-12-04 15:38:43,596:WARNING:C:\Users\ywcho\AppData\Local\Programs\Python\Python311\Lib\site-packages\sklearn\metrics\_classification.py:1561: UserWarning: Note that pos_label (set to 'turkish') is ignored when average != 'binary' (got 'weighted'). You may use labels=[pos_label] to specify a single positive class.
  warnings.warn(

2025-12-04 15:38:43,598:WARNING:C:\Users\ywcho\AppData\Local\Programs\Python\Python311\Lib\site-packages\sklearn\metrics\_classification.py:1561: UserWarning: Note that pos_label (set to 'turkish') is ignored when average != 'binary' (got 'weighted'). You may use labels=[pos_label] to specify a single positive class.
  warnings.warn(

2025-12-04 15:38:43,601:WARNING:C:\Users\ywcho\AppData\Local\Programs\Python\Python311\Lib\site-packages\sklearn\metrics\_classification.py:1561: UserWarning: Note that pos_label (set to 'turkish') is ignored when average != 'binary' (got 'weighted'). You may use labels=[pos_label] to specify a single positive class.
  warnings.warn(

2025-12-04 15:38:43,612:WARNING:C:\Users\ywcho\AppData\Local\Programs\Python\Python311\Lib\site-packages\sklearn\metrics\_classification.py:1561: UserWarning: Note that pos_label (set to 'turkish') is ignored when average != 'binary' (got 'weighted'). You may use labels=[pos_label] to specify a single positive class.
  warnings.warn(

2025-12-04 15:38:43,614:WARNING:C:\Users\ywcho\AppData\Local\Programs\Python\Python311\Lib\site-packages\sklearn\metrics\_classification.py:1561: UserWarning: Note that pos_label (set to 'turkish') is ignored when average != 'binary' (got 'weighted'). You may use labels=[pos_label] to specify a single positive class.
  warnings.warn(

2025-12-04 15:38:43,619:WARNING:C:\Users\ywcho\AppData\Local\Programs\Python\Python311\Lib\site-packages\sklearn\metrics\_classification.py:1561: UserWarning: Note that pos_label (set to 'turkish') is ignored when average != 'binary' (got 'weighted'). You may use labels=[pos_label] to specify a single positive class.
  warnings.warn(

2025-12-04 15:38:43,629:WARNING:C:\Users\ywcho\AppData\Local\Programs\Python\Python311\Lib\site-packages\sklearn\metrics\_classification.py:1561: UserWarning: Note that pos_label (set to 'turkish') is ignored when average != 'binary' (got 'weighted'). You may use labels=[pos_label] to specify a single positive class.
  warnings.warn(

2025-12-04 15:38:43,635:WARNING:C:\Users\ywcho\AppData\Local\Programs\Python\Python311\Lib\site-packages\sklearn\metrics\_classification.py:1561: UserWarning: Note that pos_label (set to 'turkish') is ignored when average != 'binary' (got 'weighted'). You may use labels=[pos_label] to specify a single positive class.
  warnings.warn(

2025-12-04 15:38:43,639:WARNING:C:\Users\ywcho\AppData\Local\Programs\Python\Python311\Lib\site-packages\sklearn\metrics\_classification.py:1561: UserWarning: Note that pos_label (set to 'turkish') is ignored when average != 'binary' (got 'weighted'). You may use labels=[pos_label] to specify a single positive class.
  warnings.warn(

2025-12-04 15:38:43,647:WARNING:C:\Users\ywcho\AppData\Local\Programs\Python\Python311\Lib\site-packages\sklearn\metrics\_classification.py:1561: UserWarning: Note that pos_label (set to 'turkish') is ignored when average != 'binary' (got 'weighted'). You may use labels=[pos_label] to specify a single positive class.
  warnings.warn(

2025-12-04 15:38:43,651:WARNING:C:\Users\ywcho\AppData\Local\Programs\Python\Python311\Lib\site-packages\sklearn\metrics\_classification.py:1561: UserWarning: Note that pos_label (set to 'turkish') is ignored when average != 'binary' (got 'weighted'). You may use labels=[pos_label] to specify a single positive class.
  warnings.warn(

2025-12-04 15:38:43,666:WARNING:C:\Users\ywcho\AppData\Local\Programs\Python\Python311\Lib\site-packages\sklearn\metrics\_classification.py:1561: UserWarning: Note that pos_label (set to 'turkish') is ignored when average != 'binary' (got 'weighted'). You may use labels=[pos_label] to specify a single positive class.
  warnings.warn(

2025-12-04 15:38:45,987:WARNING:C:\Users\ywcho\AppData\Local\Programs\Python\Python311\Lib\site-packages\numpy\core\_methods.py:187: RuntimeWarning: overflow encountered in reduce
  ret = umr_sum(x, axis, dtype, out, keepdims=keepdims, where=where)

2025-12-04 15:38:46,000:WARNING:C:\Users\ywcho\AppData\Local\Programs\Python\Python311\Lib\site-packages\numpy\core\_methods.py:187: RuntimeWarning: overflow encountered in reduce
  ret = umr_sum(x, axis, dtype, out, keepdims=keepdims, where=where)

2025-12-04 15:38:46,433:WARNING:C:\Users\ywcho\AppData\Local\Programs\Python\Python311\Lib\site-packages\sklearn\metrics\_classification.py:1561: UserWarning: Note that pos_label (set to 'turkish') is ignored when average != 'binary' (got 'weighted'). You may use labels=[pos_label] to specify a single positive class.
  warnings.warn(

2025-12-04 15:38:46,444:WARNING:C:\Users\ywcho\AppData\Local\Programs\Python\Python311\Lib\site-packages\sklearn\metrics\_classification.py:1561: UserWarning: Note that pos_label (set to 'turkish') is ignored when average != 'binary' (got 'weighted'). You may use labels=[pos_label] to specify a single positive class.
  warnings.warn(

2025-12-04 15:38:46,457:WARNING:C:\Users\ywcho\AppData\Local\Programs\Python\Python311\Lib\site-packages\sklearn\metrics\_classification.py:1561: UserWarning: Note that pos_label (set to 'turkish') is ignored when average != 'binary' (got 'weighted'). You may use labels=[pos_label] to specify a single positive class.
  warnings.warn(

2025-12-04 15:38:46,467:WARNING:C:\Users\ywcho\AppData\Local\Programs\Python\Python311\Lib\site-packages\sklearn\metrics\_classification.py:1561: UserWarning: Note that pos_label (set to 'turkish') is ignored when average != 'binary' (got 'weighted'). You may use labels=[pos_label] to specify a single positive class.
  warnings.warn(

2025-12-04 15:38:46,478:WARNING:C:\Users\ywcho\AppData\Local\Programs\Python\Python311\Lib\site-packages\sklearn\metrics\_classification.py:1561: UserWarning: Note that pos_label (set to 'turkish') is ignored when average != 'binary' (got 'weighted'). You may use labels=[pos_label] to specify a single positive class.
  warnings.warn(

2025-12-04 15:38:46,490:WARNING:C:\Users\ywcho\AppData\Local\Programs\Python\Python311\Lib\site-packages\sklearn\metrics\_classification.py:1561: UserWarning: Note that pos_label (set to 'turkish') is ignored when average != 'binary' (got 'weighted'). You may use labels=[pos_label] to specify a single positive class.
  warnings.warn(

2025-12-04 15:38:46,517:INFO:Calculating mean and std
2025-12-04 15:38:46,518:INFO:Creating metrics dataframe
2025-12-04 15:38:46,519:INFO:Uploading results into container
2025-12-04 15:38:46,519:INFO:Uploading model into container now
2025-12-04 15:38:46,520:INFO:_master_model_container: 2
2025-12-04 15:38:46,520:INFO:_display_container: 2
2025-12-04 15:38:46,520:INFO:KNeighborsClassifier(algorithm='auto', leaf_size=30, metric='minkowski',
                     metric_params=None, n_jobs=-1, n_neighbors=5, p=2,
                     weights='uniform')
2025-12-04 15:38:46,520:INFO:create_model() successfully completed......................................
2025-12-04 15:38:46,617:INFO:SubProcess create_model() end ==================================
2025-12-04 15:38:46,617:INFO:Creating metrics dataframe
2025-12-04 15:38:46,619:INFO:Initializing Naive Bayes
2025-12-04 15:38:46,619:INFO:Total runtime is 0.23488437334696452 minutes
2025-12-04 15:38:46,619:INFO:SubProcess create_model() called ==================================
2025-12-04 15:38:46,619:INFO:Initializing create_model()
2025-12-04 15:38:46,620:INFO:create_model(self=<pycaret.classification.oop.ClassificationExperiment object at 0x000002A1B340F610>, estimator=nb, fold=StratifiedKFold(n_splits=10, random_state=None, shuffle=False), round=4, cross_validation=True, predict=True, fit_kwargs={}, groups=None, refit=False, probability_threshold=None, experiment_custom_tags=None, verbose=False, system=False, add_to_model_list=True, metrics=None, display=<pycaret.internal.display.display.CommonDisplay object at 0x000002A1ED63DA50>, model_only=True, return_train_score=False, error_score=0.0, kwargs={})
2025-12-04 15:38:46,620:INFO:Checking exceptions
2025-12-04 15:38:46,620:INFO:Importing libraries
2025-12-04 15:38:46,620:INFO:Copying training dataset
2025-12-04 15:38:46,628:INFO:Defining folds
2025-12-04 15:38:46,628:INFO:Declaring metric variables
2025-12-04 15:38:46,628:INFO:Importing untrained model
2025-12-04 15:38:46,628:INFO:Naive Bayes Imported successfully
2025-12-04 15:38:46,628:INFO:Starting cross validation
2025-12-04 15:38:46,629:INFO:Cross validating with StratifiedKFold(n_splits=10, random_state=None, shuffle=False), n_jobs=-1
2025-12-04 15:38:46,996:WARNING:C:\Users\ywcho\AppData\Local\Programs\Python\Python311\Lib\site-packages\numpy\core\_methods.py:187: RuntimeWarning: overflow encountered in reduce
  ret = umr_sum(x, axis, dtype, out, keepdims=keepdims, where=where)

2025-12-04 15:38:46,996:WARNING:C:\Users\ywcho\AppData\Local\Programs\Python\Python311\Lib\site-packages\numpy\core\_methods.py:187: RuntimeWarning: overflow encountered in reduce
  ret = umr_sum(x, axis, dtype, out, keepdims=keepdims, where=where)

2025-12-04 15:38:47,007:WARNING:C:\Users\ywcho\AppData\Local\Programs\Python\Python311\Lib\site-packages\numpy\core\_methods.py:187: RuntimeWarning: overflow encountered in reduce
  ret = umr_sum(x, axis, dtype, out, keepdims=keepdims, where=where)

2025-12-04 15:38:47,015:WARNING:C:\Users\ywcho\AppData\Local\Programs\Python\Python311\Lib\site-packages\numpy\core\_methods.py:187: RuntimeWarning: overflow encountered in reduce
  ret = umr_sum(x, axis, dtype, out, keepdims=keepdims, where=where)

2025-12-04 15:38:47,016:WARNING:C:\Users\ywcho\AppData\Local\Programs\Python\Python311\Lib\site-packages\numpy\core\_methods.py:187: RuntimeWarning: overflow encountered in reduce
  ret = umr_sum(x, axis, dtype, out, keepdims=keepdims, where=where)

2025-12-04 15:38:47,034:WARNING:C:\Users\ywcho\AppData\Local\Programs\Python\Python311\Lib\site-packages\numpy\core\_methods.py:187: RuntimeWarning: overflow encountered in reduce
  ret = umr_sum(x, axis, dtype, out, keepdims=keepdims, where=where)

2025-12-04 15:38:47,036:WARNING:C:\Users\ywcho\AppData\Local\Programs\Python\Python311\Lib\site-packages\numpy\core\_methods.py:187: RuntimeWarning: overflow encountered in reduce
  ret = umr_sum(x, axis, dtype, out, keepdims=keepdims, where=where)

2025-12-04 15:38:47,044:WARNING:C:\Users\ywcho\AppData\Local\Programs\Python\Python311\Lib\site-packages\numpy\core\_methods.py:187: RuntimeWarning: overflow encountered in reduce
  ret = umr_sum(x, axis, dtype, out, keepdims=keepdims, where=where)

2025-12-04 15:38:47,047:WARNING:C:\Users\ywcho\AppData\Local\Programs\Python\Python311\Lib\site-packages\numpy\core\_methods.py:187: RuntimeWarning: overflow encountered in reduce
  ret = umr_sum(x, axis, dtype, out, keepdims=keepdims, where=where)

2025-12-04 15:38:47,067:WARNING:C:\Users\ywcho\AppData\Local\Programs\Python\Python311\Lib\site-packages\numpy\core\_methods.py:187: RuntimeWarning: overflow encountered in reduce
  ret = umr_sum(x, axis, dtype, out, keepdims=keepdims, where=where)

2025-12-04 15:38:47,122:WARNING:C:\Users\ywcho\AppData\Local\Programs\Python\Python311\Lib\site-packages\sklearn\metrics\_classification.py:1561: UserWarning: Note that pos_label (set to 'turkish') is ignored when average != 'binary' (got 'weighted'). You may use labels=[pos_label] to specify a single positive class.
  warnings.warn(

2025-12-04 15:38:47,126:WARNING:C:\Users\ywcho\AppData\Local\Programs\Python\Python311\Lib\site-packages\sklearn\metrics\_classification.py:1561: UserWarning: Note that pos_label (set to 'turkish') is ignored when average != 'binary' (got 'weighted'). You may use labels=[pos_label] to specify a single positive class.
  warnings.warn(

2025-12-04 15:38:47,134:WARNING:C:\Users\ywcho\AppData\Local\Programs\Python\Python311\Lib\site-packages\sklearn\metrics\_classification.py:1561: UserWarning: Note that pos_label (set to 'turkish') is ignored when average != 'binary' (got 'weighted'). You may use labels=[pos_label] to specify a single positive class.
  warnings.warn(

2025-12-04 15:38:47,140:WARNING:C:\Users\ywcho\AppData\Local\Programs\Python\Python311\Lib\site-packages\sklearn\metrics\_classification.py:1561: UserWarning: Note that pos_label (set to 'turkish') is ignored when average != 'binary' (got 'weighted'). You may use labels=[pos_label] to specify a single positive class.
  warnings.warn(

2025-12-04 15:38:47,146:WARNING:C:\Users\ywcho\AppData\Local\Programs\Python\Python311\Lib\site-packages\sklearn\metrics\_classification.py:1561: UserWarning: Note that pos_label (set to 'turkish') is ignored when average != 'binary' (got 'weighted'). You may use labels=[pos_label] to specify a single positive class.
  warnings.warn(

2025-12-04 15:38:47,147:WARNING:C:\Users\ywcho\AppData\Local\Programs\Python\Python311\Lib\site-packages\sklearn\metrics\_classification.py:1561: UserWarning: Note that pos_label (set to 'turkish') is ignored when average != 'binary' (got 'weighted'). You may use labels=[pos_label] to specify a single positive class.
  warnings.warn(

2025-12-04 15:38:47,149:WARNING:C:\Users\ywcho\AppData\Local\Programs\Python\Python311\Lib\site-packages\sklearn\metrics\_classification.py:1561: UserWarning: Note that pos_label (set to 'turkish') is ignored when average != 'binary' (got 'weighted'). You may use labels=[pos_label] to specify a single positive class.
  warnings.warn(

2025-12-04 15:38:47,149:WARNING:C:\Users\ywcho\AppData\Local\Programs\Python\Python311\Lib\site-packages\sklearn\metrics\_classification.py:1561: UserWarning: Note that pos_label (set to 'turkish') is ignored when average != 'binary' (got 'weighted'). You may use labels=[pos_label] to specify a single positive class.
  warnings.warn(

2025-12-04 15:38:47,159:WARNING:C:\Users\ywcho\AppData\Local\Programs\Python\Python311\Lib\site-packages\sklearn\metrics\_classification.py:1561: UserWarning: Note that pos_label (set to 'turkish') is ignored when average != 'binary' (got 'weighted'). You may use labels=[pos_label] to specify a single positive class.
  warnings.warn(

2025-12-04 15:38:47,161:WARNING:C:\Users\ywcho\AppData\Local\Programs\Python\Python311\Lib\site-packages\sklearn\metrics\_classification.py:1561: UserWarning: Note that pos_label (set to 'turkish') is ignored when average != 'binary' (got 'weighted'). You may use labels=[pos_label] to specify a single positive class.
  warnings.warn(

2025-12-04 15:38:47,162:WARNING:C:\Users\ywcho\AppData\Local\Programs\Python\Python311\Lib\site-packages\sklearn\metrics\_classification.py:1561: UserWarning: Note that pos_label (set to 'turkish') is ignored when average != 'binary' (got 'weighted'). You may use labels=[pos_label] to specify a single positive class.
  warnings.warn(

2025-12-04 15:38:47,164:WARNING:C:\Users\ywcho\AppData\Local\Programs\Python\Python311\Lib\site-packages\sklearn\metrics\_classification.py:1561: UserWarning: Note that pos_label (set to 'turkish') is ignored when average != 'binary' (got 'weighted'). You may use labels=[pos_label] to specify a single positive class.
  warnings.warn(

2025-12-04 15:38:47,166:WARNING:C:\Users\ywcho\AppData\Local\Programs\Python\Python311\Lib\site-packages\sklearn\metrics\_classification.py:1561: UserWarning: Note that pos_label (set to 'turkish') is ignored when average != 'binary' (got 'weighted'). You may use labels=[pos_label] to specify a single positive class.
  warnings.warn(

2025-12-04 15:38:47,169:WARNING:C:\Users\ywcho\AppData\Local\Programs\Python\Python311\Lib\site-packages\sklearn\metrics\_classification.py:1561: UserWarning: Note that pos_label (set to 'turkish') is ignored when average != 'binary' (got 'weighted'). You may use labels=[pos_label] to specify a single positive class.
  warnings.warn(

2025-12-04 15:38:47,170:WARNING:C:\Users\ywcho\AppData\Local\Programs\Python\Python311\Lib\site-packages\sklearn\metrics\_classification.py:1561: UserWarning: Note that pos_label (set to 'turkish') is ignored when average != 'binary' (got 'weighted'). You may use labels=[pos_label] to specify a single positive class.
  warnings.warn(

2025-12-04 15:38:47,171:WARNING:C:\Users\ywcho\AppData\Local\Programs\Python\Python311\Lib\site-packages\sklearn\metrics\_classification.py:1561: UserWarning: Note that pos_label (set to 'turkish') is ignored when average != 'binary' (got 'weighted'). You may use labels=[pos_label] to specify a single positive class.
  warnings.warn(

 f"{metric.capitalize()} is", len(result))

2025-12-04 15:38:47,176:WARNING:C:\Users\ywcho\AppData\Local\Programs\Python\Python311\Lib\site-packages\sklearn\metrics\_classification.py:1561: UserWarning: Note that pos_label (set to 'turkish') is ignored when average != 'binary' (got 'weighted'). You may use labels=[pos_label] to specify a single positive class.
  warnings.warn(

2025-12-04 15:38:47,176:WARNING:C:\Users\ywcho\AppData\Local\Programs\Python\Python311\Lib\site-packages\sklearn\metrics\_classification.py:1561: UserWarning: Note that pos_label (set to 'turkish') is ignored when average != 'binary' (got 'weighted'). You may use labels=[pos_label] to specify a single positive class.
  warnings.warn(

2025-12-04 15:38:47,180:WARNING:C:\Users\ywcho\AppData\Local\Programs\Python\Python311\Lib\site-packages\sklearn\metrics\_classification.py:1561: UserWarning: Note that pos_label (set to 'turkish') is ignored when average != 'binary' (got 'weighted'). You may use labels=[pos_label] to specify a single positive class.
  warnings.warn(

2025-12-04 15:38:47,181:WARNING:C:\Users\ywcho\AppData\Local\Programs\Python\Python311\Lib\site-packages\sklearn\metrics\_classification.py:1561: UserWarning: Note that pos_label (set to 'turkish') is ignored when average != 'binary' (got 'weighted'). You may use labels=[pos_label] to specify a single positive class.
  warnings.warn(

2025-12-04 15:38:47,183:WARNING:C:\Users\ywcho\AppData\Local\Programs\Python\Python311\Lib\site-packages\sklearn\metrics\_classification.py:1561: UserWarning: Note that pos_label (set to 'turkish') is ignored when average != 'binary' (got 'weighted'). You may use labels=[pos_label] to specify a single positive class.
  warnings.warn(

2025-12-04 15:38:47,188:WARNING:C:\Users\ywcho\AppData\Local\Programs\Python\Python311\Lib\site-packages\sklearn\metrics\_classification.py:1561: UserWarning: Note that pos_label (set to 'turkish') is ignored when average != 'binary' (got 'weighted'). You may use labels=[pos_label] to specify a single positive class.
  warnings.warn(

2025-12-04 15:38:47,189:WARNING:C:\Users\ywcho\AppData\Local\Programs\Python\Python311\Lib\site-packages\sklearn\metrics\_classification.py:1561: UserWarning: Note that pos_label (set to 'turkish') is ignored when average != 'binary' (got 'weighted'). You may use labels=[pos_label] to specify a single positive class.
  warnings.warn(

2025-12-04 15:38:47,192:WARNING:C:\Users\ywcho\AppData\Local\Programs\Python\Python311\Lib\site-packages\sklearn\metrics\_classification.py:1561: UserWarning: Note that pos_label (set to 'turkish') is ignored when average != 'binary' (got 'weighted'). You may use labels=[pos_label] to specify a single positive class.
  warnings.warn(

2025-12-04 15:38:47,192:WARNING:C:\Users\ywcho\AppData\Local\Programs\Python\Python311\Lib\site-packages\sklearn\metrics\_classification.py:1509: UndefinedMetricWarning: Precision is ill-defined and being set to 0.0 in labels with no predicted samples. Use `zero_division` parameter to control this behavior.
  _warn_prf(average, modifier, f"{metric.capitalize()} is", len(result))

2025-12-04 15:38:47,195:WARNING:C:\Users\ywcho\AppData\Local\Programs\Python\Python311\Lib\site-packages\sklearn\metrics\_classification.py:1561: UserWarning: Note that pos_label (set to 'turkish') is ignored when average != 'binary' (got 'weighted'). You may use labels=[pos_label] to specify a single positive class.
  warnings.warn(

2025-12-04 15:38:47,200:WARNING:C:\Users\ywcho\AppData\Local\Programs\Python\Python311\Lib\site-packages\sklearn\metrics\_classification.py:1561: UserWarning: Note that pos_label (set to 'turkish') is ignored when average != 'binary' (got 'weighted'). You may use labels=[pos_label] to specify a single positive class.
  warnings.warn(

2025-12-04 15:38:47,205:WARNING:C:\Users\ywcho\AppData\Local\Programs\Python\Python311\Lib\site-packages\sklearn\metrics\_classification.py:1561: UserWarning: Note that pos_label (set to 'turkish') is ignored when average != 'binary' (got 'weighted'). You may use labels=[pos_label] to specify a single positive class.
  warnings.warn(

2025-12-04 15:38:47,206:WARNING:C:\Users\ywcho\AppData\Local\Programs\Python\Python311\Lib\site-packages\sklearn\metrics\_classification.py:1561: UserWarning: Note that pos_label (set to 'turkish') is ignored when average != 'binary' (got 'weighted'). You may use labels=[pos_label] to specify a single positive class.
  warnings.warn(

2025-12-04 15:38:47,209:WARNING:C:\Users\ywcho\AppData\Local\Programs\Python\Python311\Lib\site-packages\sklearn\metrics\_classification.py:1561: UserWarning: Note that pos_label (set to 'turkish') is ignored when average != 'binary' (got 'weighted'). You may use labels=[pos_label] to specify a single positive class.
  warnings.warn(

2025-12-04 15:38:47,209:WARNING:C:\Users\ywcho\AppData\Local\Programs\Python\Python311\Lib\site-packages\sklearn\metrics\_classification.py:1509: UndefinedMetricWarning: Precision is ill-defined and being set to 0.0 in labels with no predicted samples. Use `zero_division` parameter to control this behavior.
  _warn_prf(average, modifier, f"{metric.capitalize()} is", len(result))

2025-12-04 15:38:47,209:WARNING:C:\Users\ywcho\AppData\Local\Programs\Python\Python311\Lib\site-packages\sklearn\metrics\_classification.py:1561: UserWarning: Note that pos_label (set to 'turkish') is ignored when average != 'binary' (got 'weighted'). You may use labels=[pos_label] to specify a single positive class.
  warnings.warn(

2025-12-04 15:38:47,230:INFO:Calculating mean and std
2025-12-04 15:38:47,230:INFO:Creating metrics dataframe
2025-12-04 15:38:47,232:INFO:Uploading results into container
2025-12-04 15:38:47,232:INFO:Uploading model into container now
2025-12-04 15:38:47,232:INFO:_master_model_container: 3
2025-12-04 15:38:47,232:INFO:_display_container: 2
2025-12-04 15:38:47,232:INFO:GaussianNB(priors=None, var_smoothing=1e-09)
2025-12-04 15:38:47,232:INFO:create_model() successfully completed......................................
2025-12-04 15:38:47,322:INFO:SubProcess create_model() end ==================================
2025-12-04 15:38:47,322:INFO:Creating metrics dataframe
2025-12-04 15:38:47,324:INFO:Initializing Decision Tree Classifier
2025-12-04 15:38:47,324:INFO:Total runtime is 0.24664084911346434 minutes
2025-12-04 15:38:47,324:INFO:SubProcess create_model() called ==================================
2025-12-04 15:38:47,324:INFO:Initializing create_model()
2025-12-04 15:38:47,324:INFO:create_model(self=<pycaret.classification.oop.ClassificationExperiment object at 0x000002A1B340F610>, estimator=dt, fold=StratifiedKFold(n_splits=10, random_state=None, shuffle=False), round=4, cross_validation=True, predict=True, fit_kwargs={}, groups=None, refit=False, probability_threshold=None, experiment_custom_tags=None, verbose=False, system=False, add_to_model_list=True, metrics=None, display=<pycaret.internal.display.display.CommonDisplay object at 0x000002A1ED63DA50>, model_only=True, return_train_score=False, error_score=0.0, kwargs={})
2025-12-04 15:38:47,324:INFO:Checking exceptions
2025-12-04 15:38:47,324:INFO:Importing libraries
2025-12-04 15:38:47,324:INFO:Copying training dataset
2025-12-04 15:38:47,325:INFO:Defining folds
2025-12-04 15:38:47,325:INFO:Declaring metric variables
2025-12-04 15:38:47,325:INFO:Importing untrained model
2025-12-04 15:38:47,325:INFO:Decision Tree Classifier Imported successfully
2025-12-04 15:38:47,325:INFO:Starting cross validation
2025-12-04 15:38:47,325:INFO:Cross validating with StratifiedKFold(n_splits=10, random_state=None, shuffle=False), n_jobs=-1
2025-12-04 15:38:47,623:WARNING:C:\Users\ywcho\AppData\Local\Programs\Python\Python311\Lib\site-packages\numpy\core\_methods.py:187: RuntimeWarning: overflow encountered in reduce
  ret = umr_sum(x, axis, dtype, out, keepdims=keepdims, where=where)

2025-12-04 15:38:47,629:WARNING:C:\Users\ywcho\AppData\Local\Programs\Python\Python311\Lib\site-packages\numpy\core\_methods.py:187: RuntimeWarning: overflow encountered in reduce
  ret = umr_sum(x, axis, dtype, out, keepdims=keepdims, where=where)

2025-12-04 15:38:47,631:WARNING:C:\Users\ywcho\AppData\Local\Programs\Python\Python311\Lib\site-packages\numpy\core\_methods.py:187: RuntimeWarning: overflow encountered in reduce
  ret = umr_sum(x, axis, dtype, out, keepdims=keepdims, where=where)

2025-12-04 15:38:47,631:WARNING:C:\Users\ywcho\AppData\Local\Programs\Python\Python311\Lib\site-packages\numpy\core\_methods.py:187: RuntimeWarning: overflow encountered in reduce
  ret = umr_sum(x, axis, dtype, out, keepdims=keepdims, where=where)

2025-12-04 15:38:47,634:WARNING:C:\Users\ywcho\AppData\Local\Programs\Python\Python311\Lib\site-packages\numpy\core\_methods.py:187: RuntimeWarning: overflow encountered in reduce
  ret = umr_sum(x, axis, dtype, out, keepdims=keepdims, where=where)

2025-12-04 15:38:47,636:WARNING:C:\Users\ywcho\AppData\Local\Programs\Python\Python311\Lib\site-packages\numpy\core\_methods.py:187: RuntimeWarning: overflow encountered in reduce
  ret = umr_sum(x, axis, dtype, out, keepdims=keepdims, where=where)

2025-12-04 15:38:47,666:WARNING:C:\Users\ywcho\AppData\Local\Programs\Python\Python311\Lib\site-packages\numpy\core\_methods.py:187: RuntimeWarning: overflow encountered in reduce
  ret = umr_sum(x, axis, dtype, out, keepdims=keepdims, where=where)

2025-12-04 15:38:47,668:WARNING:C:\Users\ywcho\AppData\Local\Programs\Python\Python311\Lib\site-packages\numpy\core\_methods.py:187: RuntimeWarning: overflow encountered in reduce
  ret = umr_sum(x, axis, dtype, out, keepdims=keepdims, where=where)

2025-12-04 15:38:47,676:WARNING:C:\Users\ywcho\AppData\Local\Programs\Python\Python311\Lib\site-packages\numpy\core\_methods.py:187: RuntimeWarning: overflow encountered in reduce
  ret = umr_sum(x, axis, dtype, out, keepdims=keepdims, where=where)

2025-12-04 15:38:47,691:WARNING:C:\Users\ywcho\AppData\Local\Programs\Python\Python311\Lib\site-packages\numpy\core\_methods.py:187: RuntimeWarning: overflow encountered in reduce
  ret = umr_sum(x, axis, dtype, out, keepdims=keepdims, where=where)

2025-12-04 15:38:48,062:WARNING:C:\Users\ywcho\AppData\Local\Programs\Python\Python311\Lib\site-packages\sklearn\metrics\_classification.py:1561: UserWarning: Note that pos_label (set to 'turkish') is ignored when average != 'binary' (got 'weighted'). You may use labels=[pos_label] to specify a single positive class.
  warnings.warn(

2025-12-04 15:38:48,078:WARNING:C:\Users\ywcho\AppData\Local\Programs\Python\Python311\Lib\site-packages\sklearn\metrics\_classification.py:1561: UserWarning: Note that pos_label (set to 'turkish') is ignored when average != 'binary' (got 'weighted'). You may use labels=[pos_label] to specify a single positive class.
  warnings.warn(

2025-12-04 15:38:48,093:WARNING:C:\Users\ywcho\AppData\Local\Programs\Python\Python311\Lib\site-packages\sklearn\metrics\_classification.py:1561: UserWarning: Note that pos_label (set to 'turkish') is ignored when average != 'binary' (got 'weighted'). You may use labels=[pos_label] to specify a single positive class.
  warnings.warn(

2025-12-04 15:38:48,095:WARNING:C:\Users\ywcho\AppData\Local\Programs\Python\Python311\Lib\site-packages\sklearn\metrics\_classification.py:1561: UserWarning: Note that pos_label (set to 'turkish') is ignored when average != 'binary' (got 'weighted'). You may use labels=[pos_label] to specify a single positive class.
  warnings.warn(

2025-12-04 15:38:48,106:WARNING:C:\Users\ywcho\AppData\Local\Programs\Python\Python311\Lib\site-packages\sklearn\metrics\_classification.py:1561: UserWarning: Note that pos_label (set to 'turkish') is ignored when average != 'binary' (got 'weighted'). You may use labels=[pos_label] to specify a single positive class.
  warnings.warn(

2025-12-04 15:38:48,108:WARNING:C:\Users\ywcho\AppData\Local\Programs\Python\Python311\Lib\site-packages\sklearn\metrics\_classification.py:1561: UserWarning: Note that pos_label (set to 'turkish') is ignored when average != 'binary' (got 'weighted'). You may use labels=[pos_label] to specify a single positive class.
  warnings.warn(

2025-12-04 15:38:48,113:WARNING:C:\Users\ywcho\AppData\Local\Programs\Python\Python311\Lib\site-packages\sklearn\metrics\_classification.py:1561: UserWarning: Note that pos_label (set to 'turkish') is ignored when average != 'binary' (got 'weighted'). You may use labels=[pos_label] to specify a single positive class.
  warnings.warn(

2025-12-04 15:38:48,115:WARNING:C:\Users\ywcho\AppData\Local\Programs\Python\Python311\Lib\site-packages\sklearn\metrics\_classification.py:1561: UserWarning: Note that pos_label (set to 'turkish') is ignored when average != 'binary' (got 'weighted'). You may use labels=[pos_label] to specify a single positive class.
  warnings.warn(

2025-12-04 15:38:48,118:WARNING:C:\Users\ywcho\AppData\Local\Programs\Python\Python311\Lib\site-packages\sklearn\metrics\_classification.py:1561: UserWarning: Note that pos_label (set to 'turkish') is ignored when average != 'binary' (got 'weighted'). You may use labels=[pos_label] to specify a single positive class.
  warnings.warn(

2025-12-04 15:38:48,118:WARNING:C:\Users\ywcho\AppData\Local\Programs\Python\Python311\Lib\site-packages\sklearn\metrics\_classification.py:1561: UserWarning: Note that pos_label (set to 'turkish') is ignored when average != 'binary' (got 'weighted'). You may use labels=[pos_label] to specify a single positive class.
  warnings.warn(

2025-12-04 15:38:48,124:WARNING:C:\Users\ywcho\AppData\Local\Programs\Python\Python311\Lib\site-packages\sklearn\metrics\_classification.py:1561: UserWarning: Note that pos_label (set to 'turkish') is ignored when average != 'binary' (got 'weighted'). You may use labels=[pos_label] to specify a single positive class.
  warnings.warn(

2025-12-04 15:38:48,126:WARNING:C:\Users\ywcho\AppData\Local\Programs\Python\Python311\Lib\site-packages\sklearn\metrics\_classification.py:1561: UserWarning: Note that pos_label (set to 'turkish') is ignored when average != 'binary' (got 'weighted'). You may use labels=[pos_label] to specify a single positive class.
  warnings.warn(

2025-12-04 15:38:48,128:WARNING:C:\Users\ywcho\AppData\Local\Programs\Python\Python311\Lib\site-packages\sklearn\metrics\_classification.py:1561: UserWarning: Note that pos_label (set to 'turkish') is ignored when average != 'binary' (got 'weighted'). You may use labels=[pos_label] to specify a single positive class.
  warnings.warn(

2025-12-04 15:38:48,130:WARNING:C:\Users\ywcho\AppData\Local\Programs\Python\Python311\Lib\site-packages\sklearn\metrics\_classification.py:1561: UserWarning: Note that pos_label (set to 'turkish') is ignored when average != 'binary' (got 'weighted'). You may use labels=[pos_label] to specify a single positive class.
  warnings.warn(

2025-12-04 15:38:48,132:WARNING:C:\Users\ywcho\AppData\Local\Programs\Python\Python311\Lib\site-packages\sklearn\metrics\_classification.py:1561: UserWarning: Note that pos_label (set to 'turkish') is ignored when average != 'binary' (got 'weighted'). You may use labels=[pos_label] to specify a single positive class.
  warnings.warn(

2025-12-04 15:38:48,134:WARNING:C:\Users\ywcho\AppData\Local\Programs\Python\Python311\Lib\site-packages\sklearn\metrics\_classification.py:1561: UserWarning: Note that pos_label (set to 'turkish') is ignored when average != 'binary' (got 'weighted'). You may use labels=[pos_label] to specify a single positive class.
  warnings.warn(

2025-12-04 15:38:48,134:WARNING:C:\Users\ywcho\AppData\Local\Programs\Python\Python311\Lib\site-packages\sklearn\metrics\_classification.py:1561: UserWarning: Note that pos_label (set to 'turkish') is ignored when average != 'binary' (got 'weighted'). You may use labels=[pos_label] to specify a single positive class.
  warnings.warn(

2025-12-04 15:38:48,136:WARNING:C:\Users\ywcho\AppData\Local\Programs\Python\Python311\Lib\site-packages\sklearn\metrics\_classification.py:1561: UserWarning: Note that pos_label (set to 'turkish') is ignored when average != 'binary' (got 'weighted'). You may use labels=[pos_label] to specify a single positive class.
  warnings.warn(

2025-12-04 15:38:48,142:WARNING:C:\Users\ywcho\AppData\Local\Programs\Python\Python311\Lib\site-packages\sklearn\metrics\_classification.py:1561: UserWarning: Note that pos_label (set to 'turkish') is ignored when average != 'binary' (got 'weighted'). You may use labels=[pos_label] to specify a single positive class.
  warnings.warn(

2025-12-04 15:38:48,142:WARNING:C:\Users\ywcho\AppData\Local\Programs\Python\Python311\Lib\site-packages\sklearn\metrics\_classification.py:1561: UserWarning: Note that pos_label (set to 'turkish') is ignored when average != 'binary' (got 'weighted'). You may use labels=[pos_label] to specify a single positive class.
  warnings.warn(

2025-12-04 15:38:48,146:WARNING:C:\Users\ywcho\AppData\Local\Programs\Python\Python311\Lib\site-packages\sklearn\metrics\_classification.py:1561: UserWarning: Note that pos_label (set to 'turkish') is ignored when average != 'binary' (got 'weighted'). You may use labels=[pos_label] to specify a single positive class.
  warnings.warn(

2025-12-04 15:38:48,146:WARNING:C:\Users\ywcho\AppData\Local\Programs\Python\Python311\Lib\site-packages\sklearn\metrics\_classification.py:1561: UserWarning: Note that pos_label (set to 'turkish') is ignored when average != 'binary' (got 'weighted'). You may use labels=[pos_label] to specify a single positive class.
  warnings.warn(

2025-12-04 15:38:48,146:WARNING:C:\Users\ywcho\AppData\Local\Programs\Python\Python311\Lib\site-packages\sklearn\metrics\_classification.py:1561: UserWarning: Note that pos_label (set to 'turkish') is ignored when average != 'binary' (got 'weighted'). You may use labels=[pos_label] to specify a single positive class.
  warnings.warn(

2025-12-04 15:38:48,148:WARNING:C:\Users\ywcho\AppData\Local\Programs\Python\Python311\Lib\site-packages\sklearn\metrics\_classification.py:1561: UserWarning: Note that pos_label (set to 'turkish') is ignored when average != 'binary' (got 'weighted'). You may use labels=[pos_label] to specify a single positive class.
  warnings.warn(

2025-12-04 15:38:48,152:WARNING:C:\Users\ywcho\AppData\Local\Programs\Python\Python311\Lib\site-packages\sklearn\metrics\_classification.py:1561: UserWarning: Note that pos_label (set to 'turkish') is ignored when average != 'binary' (got 'weighted'). You may use labels=[pos_label] to specify a single positive class.
  warnings.warn(

2025-12-04 15:38:48,160:WARNING:C:\Users\ywcho\AppData\Local\Programs\Python\Python311\Lib\site-packages\sklearn\metrics\_classification.py:1561: UserWarning: Note that pos_label (set to 'turkish') is ignored when average != 'binary' (got 'weighted'). You may use labels=[pos_label] to specify a single positive class.
  warnings.warn(

2025-12-04 15:38:48,160:WARNING:C:\Users\ywcho\AppData\Local\Programs\Python\Python311\Lib\site-packages\sklearn\metrics\_classification.py:1561: UserWarning: Note that pos_label (set to 'turkish') is ignored when average != 'binary' (got 'weighted'). You may use labels=[pos_label] to specify a single positive class.
  warnings.warn(

2025-12-04 15:38:48,164:WARNING:C:\Users\ywcho\AppData\Local\Programs\Python\Python311\Lib\site-packages\sklearn\metrics\_classification.py:1561: UserWarning: Note that pos_label (set to 'turkish') is ignored when average != 'binary' (got 'weighted'). You may use labels=[pos_label] to specify a single positive class.
  warnings.warn(

2025-12-04 15:38:48,168:WARNING:C:\Users\ywcho\AppData\Local\Programs\Python\Python311\Lib\site-packages\sklearn\metrics\_classification.py:1561: UserWarning: Note that pos_label (set to 'turkish') is ignored when average != 'binary' (got 'weighted'). You may use labels=[pos_label] to specify a single positive class.
  warnings.warn(

2025-12-04 15:38:48,178:WARNING:C:\Users\ywcho\AppData\Local\Programs\Python\Python311\Lib\site-packages\sklearn\metrics\_classification.py:1561: UserWarning: Note that pos_label (set to 'turkish') is ignored when average != 'binary' (got 'weighted'). You may use labels=[pos_label] to specify a single positive class.
  warnings.warn(

2025-12-04 15:38:48,193:INFO:Calculating mean and std
2025-12-04 15:38:48,193:INFO:Creating metrics dataframe
2025-12-04 15:38:48,193:INFO:Uploading results into container
2025-12-04 15:38:48,193:INFO:Uploading model into container now
2025-12-04 15:38:48,193:INFO:_master_model_container: 4
2025-12-04 15:38:48,193:INFO:_display_container: 2
2025-12-04 15:38:48,193:INFO:DecisionTreeClassifier(ccp_alpha=0.0, class_weight=None, criterion='gini',
                       max_depth=None, max_features=None, max_leaf_nodes=None,
                       min_impurity_decrease=0.0, min_samples_leaf=1,
                       min_samples_split=2, min_weight_fraction_leaf=0.0,
                       monotonic_cst=None, random_state=42, splitter='best')
2025-12-04 15:38:48,193:INFO:create_model() successfully completed......................................
2025-12-04 15:38:48,288:INFO:SubProcess create_model() end ==================================
2025-12-04 15:38:48,288:INFO:Creating metrics dataframe
2025-12-04 15:38:48,289:INFO:Initializing SVM - Linear Kernel
2025-12-04 15:38:48,289:INFO:Total runtime is 0.2627275983492533 minutes
2025-12-04 15:38:48,289:INFO:SubProcess create_model() called ==================================
2025-12-04 15:38:48,289:INFO:Initializing create_model()
2025-12-04 15:38:48,289:INFO:create_model(self=<pycaret.classification.oop.ClassificationExperiment object at 0x000002A1B340F610>, estimator=svm, fold=StratifiedKFold(n_splits=10, random_state=None, shuffle=False), round=4, cross_validation=True, predict=True, fit_kwargs={}, groups=None, refit=False, probability_threshold=None, experiment_custom_tags=None, verbose=False, system=False, add_to_model_list=True, metrics=None, display=<pycaret.internal.display.display.CommonDisplay object at 0x000002A1ED63DA50>, model_only=True, return_train_score=False, error_score=0.0, kwargs={})
2025-12-04 15:38:48,289:INFO:Checking exceptions
2025-12-04 15:38:48,291:INFO:Importing libraries
2025-12-04 15:38:48,291:INFO:Copying training dataset
2025-12-04 15:38:48,291:INFO:Defining folds
2025-12-04 15:38:48,291:INFO:Declaring metric variables
2025-12-04 15:38:48,291:INFO:Importing untrained model
2025-12-04 15:38:48,291:INFO:SVM - Linear Kernel Imported successfully
2025-12-04 15:38:48,291:INFO:Starting cross validation
2025-12-04 15:38:48,291:INFO:Cross validating with StratifiedKFold(n_splits=10, random_state=None, shuffle=False), n_jobs=-1
2025-12-04 15:38:48,588:WARNING:C:\Users\ywcho\AppData\Local\Programs\Python\Python311\Lib\site-packages\numpy\core\_methods.py:187: RuntimeWarning: overflow encountered in reduce
  ret = umr_sum(x, axis, dtype, out, keepdims=keepdims, where=where)

2025-12-04 15:38:48,600:WARNING:C:\Users\ywcho\AppData\Local\Programs\Python\Python311\Lib\site-packages\numpy\core\_methods.py:187: RuntimeWarning: overflow encountered in reduce
  ret = umr_sum(x, axis, dtype, out, keepdims=keepdims, where=where)

2025-12-04 15:38:48,602:WARNING:C:\Users\ywcho\AppData\Local\Programs\Python\Python311\Lib\site-packages\numpy\core\_methods.py:187: RuntimeWarning: overflow encountered in reduce
  ret = umr_sum(x, axis, dtype, out, keepdims=keepdims, where=where)

2025-12-04 15:38:48,608:WARNING:C:\Users\ywcho\AppData\Local\Programs\Python\Python311\Lib\site-packages\numpy\core\_methods.py:187: RuntimeWarning: overflow encountered in reduce
  ret = umr_sum(x, axis, dtype, out, keepdims=keepdims, where=where)

2025-12-04 15:38:48,608:WARNING:C:\Users\ywcho\AppData\Local\Programs\Python\Python311\Lib\site-packages\numpy\core\_methods.py:187: RuntimeWarning: overflow encountered in reduce
  ret = umr_sum(x, axis, dtype, out, keepdims=keepdims, where=where)

2025-12-04 15:38:48,608:WARNING:C:\Users\ywcho\AppData\Local\Programs\Python\Python311\Lib\site-packages\numpy\core\_methods.py:187: RuntimeWarning: overflow encountered in reduce
  ret = umr_sum(x, axis, dtype, out, keepdims=keepdims, where=where)

2025-12-04 15:38:48,608:WARNING:C:\Users\ywcho\AppData\Local\Programs\Python\Python311\Lib\site-packages\numpy\core\_methods.py:187: RuntimeWarning: overflow encountered in reduce
  ret = umr_sum(x, axis, dtype, out, keepdims=keepdims, where=where)

2025-12-04 15:38:48,625:WARNING:C:\Users\ywcho\AppData\Local\Programs\Python\Python311\Lib\site-packages\numpy\core\_methods.py:187: RuntimeWarning: overflow encountered in reduce
  ret = umr_sum(x, axis, dtype, out, keepdims=keepdims, where=where)

2025-12-04 15:38:48,631:WARNING:C:\Users\ywcho\AppData\Local\Programs\Python\Python311\Lib\site-packages\numpy\core\_methods.py:187: RuntimeWarning: overflow encountered in reduce
  ret = umr_sum(x, axis, dtype, out, keepdims=keepdims, where=where)

2025-12-04 15:38:48,633:WARNING:C:\Users\ywcho\AppData\Local\Programs\Python\Python311\Lib\site-packages\numpy\core\_methods.py:187: RuntimeWarning: overflow encountered in reduce
  ret = umr_sum(x, axis, dtype, out, keepdims=keepdims, where=where)

2025-12-04 15:38:48,817:WARNING:C:\Users\ywcho\AppData\Local\Programs\Python\Python311\Lib\site-packages\pycaret\internal\metrics.py:204: FitFailedWarning: Metric 'make_scorer(roc_auc_score, response_method=('decision_function', 'predict_proba'), average=weighted, multi_class=ovr)' failed and error score 0.0 has been returned instead. If this is a custom metric, this usually means that the error is in the metric code. Full exception below:
Traceback (most recent call last):
  File "C:\Users\ywcho\AppData\Local\Programs\Python\Python311\Lib\site-packages\pycaret\internal\metrics.py", line 196, in _score
    return super()._score(
           ^^^^^^^^^^^^^^^
  File "C:\Users\ywcho\AppData\Local\Programs\Python\Python311\Lib\site-packages\sklearn\metrics\_scorer.py", line 350, in _score
    return self._sign * self._score_func(y_true, y_pred, **scoring_kwargs)
                        ^^^^^^^^^^^^^^^^^^^^^^^^^^^^^^^^^^^^^^^^^^^^^^^^^^
  File "C:\Users\ywcho\AppData\Local\Programs\Python\Python311\Lib\site-packages\pycaret\internal\metrics.py", line 144, in __call__
    return self.score_func(y_true, y_pred, **kwargs)
           ^^^^^^^^^^^^^^^^^^^^^^^^^^^^^^^^^^^^^^^^^
  File "C:\Users\ywcho\AppData\Local\Programs\Python\Python311\Lib\site-packages\sklearn\utils\_param_validation.py", line 213, in wrapper
    return func(*args, **kwargs)
           ^^^^^^^^^^^^^^^^^^^^^
  File "C:\Users\ywcho\AppData\Local\Programs\Python\Python311\Lib\site-packages\sklearn\metrics\_ranking.py", line 634, in roc_auc_score
    return _multiclass_roc_auc_score(
           ^^^^^^^^^^^^^^^^^^^^^^^^^^
  File "C:\Users\ywcho\AppData\Local\Programs\Python\Python311\Lib\site-packages\sklearn\metrics\_ranking.py", line 707, in _multiclass_roc_auc_score
    raise ValueError(
ValueError: Target scores need to be probabilities for multiclass roc_auc, i.e. they should sum up to 1.0 over classes

  warnings.warn(

2025-12-04 15:38:48,825:WARNING:C:\Users\ywcho\AppData\Local\Programs\Python\Python311\Lib\site-packages\sklearn\metrics\_classification.py:1561: UserWarning: Note that pos_label (set to 'turkish') is ignored when average != 'binary' (got 'weighted'). You may use labels=[pos_label] to specify a single positive class.
  warnings.warn(

2025-12-04 15:38:48,974:WARNING:C:\Users\ywcho\AppData\Local\Programs\Python\Python311\Lib\site-packages\sklearn\metrics\_classification.py:1561: UserWarning: Note that pos_label (set to 'turkish') is ignored when average != 'binary' (got 'weighted'). You may use labels=[pos_label] to specify a single positive class.
  warnings.warn(

2025-12-04 15:38:48,987:WARNING:C:\Users\ywcho\AppData\Local\Programs\Python\Python311\Lib\site-packages\sklearn\metrics\_classification.py:1509: UndefinedMetricWarning: Precision is ill-defined and being set to 0.0 in labels with no predicted samples. Use `zero_division` parameter to control this behavior.
  _warn_prf(average, modifier, f"{metric.capitalize()} is", len(result))

2025-12-04 15:38:49,017:WARNING:C:\Users\ywcho\AppData\Local\Programs\Python\Python311\Lib\site-packages\pycaret\internal\metrics.py:204: FitFailedWarning: Metric 'make_scorer(roc_auc_score, response_method=('decision_function', 'predict_proba'), average=weighted, multi_class=ovr)' failed and error score 0.0 has been returned instead. If this is a custom metric, this usually means that the error is in the metric code. Full exception below:
Traceback (most recent call last):
  File "C:\Users\ywcho\AppData\Local\Programs\Python\Python311\Lib\site-packages\pycaret\internal\metrics.py", line 196, in _score
    return super()._score(
           ^^^^^^^^^^^^^^^
  File "C:\Users\ywcho\AppData\Local\Programs\Python\Python311\Lib\site-packages\sklearn\metrics\_scorer.py", line 350, in _score
    return self._sign * self._score_func(y_true, y_pred, **scoring_kwargs)
                        ^^^^^^^^^^^^^^^^^^^^^^^^^^^^^^^^^^^^^^^^^^^^^^^^^^
  File "C:\Users\ywcho\AppData\Local\Programs\Python\Python311\Lib\site-packages\pycaret\internal\metrics.py", line 144, in __call__
    return self.score_func(y_true, y_pred, **kwargs)
           ^^^^^^^^^^^^^^^^^^^^^^^^^^^^^^^^^^^^^^^^^
  File "C:\Users\ywcho\AppData\Local\Programs\Python\Python311\Lib\site-packages\sklearn\utils\_param_validation.py", line 213, in wrapper
    return func(*args, **kwargs)
           ^^^^^^^^^^^^^^^^^^^^^
  File "C:\Users\ywcho\AppData\Local\Programs\Python\Python311\Lib\site-packages\sklearn\metrics\_ranking.py", line 634, in roc_auc_score
    return _multiclass_roc_auc_score(
           ^^^^^^^^^^^^^^^^^^^^^^^^^^
  File "C:\Users\ywcho\AppData\Local\Programs\Python\Python311\Lib\site-packages\sklearn\metrics\_ranking.py", line 707, in _multiclass_roc_auc_score
    raise ValueError(
ValueError: Target scores need to be probabilities for multiclass roc_auc, i.e. they should sum up to 1.0 over classes

  warnings.warn(

2025-12-04 15:38:49,023:WARNING:C:\Users\ywcho\AppData\Local\Programs\Python\Python311\Lib\site-packages\sklearn\metrics\_classification.py:1561: UserWarning: Note that pos_label (set to 'turkish') is ignored when average != 'binary' (got 'weighted'). You may use labels=[pos_label] to specify a single positive class.
  warnings.warn(

2025-12-04 15:38:49,050:WARNING:C:\Users\ywcho\AppData\Local\Programs\Python\Python311\Lib\site-packages\sklearn\metrics\_classification.py:1561: UserWarning: Note that pos_label (set to 'turkish') is ignored when average != 'binary' (got 'weighted'). You may use labels=[pos_label] to specify a single positive class.
  warnings.warn(

2025-12-04 15:38:49,130:WARNING:C:\Users\ywcho\AppData\Local\Programs\Python\Python311\Lib\site-packages\sklearn\metrics\_classification.py:1561: UserWarning: Note that pos_label (set to 'turkish') is ignored when average != 'binary' (got 'weighted'). You may use labels=[pos_label] to specify a single positive class.
  warnings.warn(

2025-12-04 15:38:49,142:WARNING:C:\Users\ywcho\AppData\Local\Programs\Python\Python311\Lib\site-packages\sklearn\metrics\_classification.py:1509: UndefinedMetricWarning: Precision is ill-defined and being set to 0.0 in labels with no predicted samples. Use `zero_division` parameter to control this behavior.
  _warn_prf(average, modifier, f"{metric.capitalize()} is", len(result))

2025-12-04 15:38:49,151:WARNING:C:\Users\ywcho\AppData\Local\Programs\Python\Python311\Lib\site-packages\sklearn\metrics\_classification.py:1561: UserWarning: Note that pos_label (set to 'turkish') is ignored when average != 'binary' (got 'weighted'). You may use labels=[pos_label] to specify a single positive class.
  warnings.warn(

2025-12-04 15:38:49,210:WARNING:C:\Users\ywcho\AppData\Local\Programs\Python\Python311\Lib\site-packages\pycaret\internal\metrics.py:204: FitFailedWarning: Metric 'make_scorer(roc_auc_score, response_method=('decision_function', 'predict_proba'), average=weighted, multi_class=ovr)' failed and error score 0.0 has been returned instead. If this is a custom metric, this usually means that the error is in the metric code. Full exception below:
Traceback (most recent call last):
  File "C:\Users\ywcho\AppData\Local\Programs\Python\Python311\Lib\site-packages\pycaret\internal\metrics.py", line 196, in _score
    return super()._score(
           ^^^^^^^^^^^^^^^
  File "C:\Users\ywcho\AppData\Local\Programs\Python\Python311\Lib\site-packages\sklearn\metrics\_scorer.py", line 350, in _score
    return self._sign * self._score_func(y_true, y_pred, **scoring_kwargs)
                        ^^^^^^^^^^^^^^^^^^^^^^^^^^^^^^^^^^^^^^^^^^^^^^^^^^
  File "C:\Users\ywcho\AppData\Local\Programs\Python\Python311\Lib\site-packages\pycaret\internal\metrics.py", line 144, in __call__
    return self.score_func(y_true, y_pred, **kwargs)
           ^^^^^^^^^^^^^^^^^^^^^^^^^^^^^^^^^^^^^^^^^
  File "C:\Users\ywcho\AppData\Local\Programs\Python\Python311\Lib\site-packages\sklearn\utils\_param_validation.py", line 213, in wrapper
    return func(*args, **kwargs)
           ^^^^^^^^^^^^^^^^^^^^^
  File "C:\Users\ywcho\AppData\Local\Programs\Python\Python311\Lib\site-packages\sklearn\metrics\_ranking.py", line 634, in roc_auc_score
    return _multiclass_roc_auc_score(
           ^^^^^^^^^^^^^^^^^^^^^^^^^^
  File "C:\Users\ywcho\AppData\Local\Programs\Python\Python311\Lib\site-packages\sklearn\metrics\_ranking.py", line 707, in _multiclass_roc_auc_score
    raise ValueError(
ValueError: Target scores need to be probabilities for multiclass roc_auc, i.e. they should sum up to 1.0 over classes

  warnings.warn(

2025-12-04 15:38:49,218:WARNING:C:\Users\ywcho\AppData\Local\Programs\Python\Python311\Lib\site-packages\sklearn\metrics\_classification.py:1561: UserWarning: Note that pos_label (set to 'turkish') is ignored when average != 'binary' (got 'weighted'). You may use labels=[pos_label] to specify a single positive class.
  warnings.warn(

2025-12-04 15:38:49,303:WARNING:C:\Users\ywcho\AppData\Local\Programs\Python\Python311\Lib\site-packages\pycaret\internal\metrics.py:204: FitFailedWarning: Metric 'make_scorer(roc_auc_score, response_method=('decision_function', 'predict_proba'), average=weighted, multi_class=ovr)' failed and error score 0.0 has been returned instead. If this is a custom metric, this usually means that the error is in the metric code. Full exception below:
Traceback (most recent call last):
  File "C:\Users\ywcho\AppData\Local\Programs\Python\Python311\Lib\site-packages\pycaret\internal\metrics.py", line 196, in _score
    return super()._score(
           ^^^^^^^^^^^^^^^
  File "C:\Users\ywcho\AppData\Local\Programs\Python\Python311\Lib\site-packages\sklearn\metrics\_scorer.py", line 350, in _score
    return self._sign * self._score_func(y_true, y_pred, **scoring_kwargs)
                        ^^^^^^^^^^^^^^^^^^^^^^^^^^^^^^^^^^^^^^^^^^^^^^^^^^
  File "C:\Users\ywcho\AppData\Local\Programs\Python\Python311\Lib\site-packages\pycaret\internal\metrics.py", line 144, in __call__
    return self.score_func(y_true, y_pred, **kwargs)
           ^^^^^^^^^^^^^^^^^^^^^^^^^^^^^^^^^^^^^^^^^
  File "C:\Users\ywcho\AppData\Local\Programs\Python\Python311\Lib\site-packages\sklearn\utils\_param_validation.py", line 213, in wrapper
    return func(*args, **kwargs)
           ^^^^^^^^^^^^^^^^^^^^^
  File "C:\Users\ywcho\AppData\Local\Programs\Python\Python311\Lib\site-packages\sklearn\metrics\_ranking.py", line 634, in roc_auc_score
    return _multiclass_roc_auc_score(
           ^^^^^^^^^^^^^^^^^^^^^^^^^^
  File "C:\Users\ywcho\AppData\Local\Programs\Python\Python311\Lib\site-packages\sklearn\metrics\_ranking.py", line 707, in _multiclass_roc_auc_score
    raise ValueError(
ValueError: Target scores need to be probabilities for multiclass roc_auc, i.e. they should sum up to 1.0 over classes

  warnings.warn(

2025-12-04 15:38:49,310:WARNING:C:\Users\ywcho\AppData\Local\Programs\Python\Python311\Lib\site-packages\sklearn\metrics\_classification.py:1561: UserWarning: Note that pos_label (set to 'turkish') is ignored when average != 'binary' (got 'weighted'). You may use labels=[pos_label] to specify a single positive class.
  warnings.warn(

2025-12-04 15:38:49,336:WARNING:C:\Users\ywcho\AppData\Local\Programs\Python\Python311\Lib\site-packages\pycaret\internal\metrics.py:204: FitFailedWarning: Metric 'make_scorer(roc_auc_score, response_method=('decision_function', 'predict_proba'), average=weighted, multi_class=ovr)' failed and error score 0.0 has been returned instead. If this is a custom metric, this usually means that the error is in the metric code. Full exception below:
Traceback (most recent call last):
  File "C:\Users\ywcho\AppData\Local\Programs\Python\Python311\Lib\site-packages\pycaret\internal\metrics.py", line 196, in _score
    return super()._score(
           ^^^^^^^^^^^^^^^
  File "C:\Users\ywcho\AppData\Local\Programs\Python\Python311\Lib\site-packages\sklearn\metrics\_scorer.py", line 350, in _score
    return self._sign * self._score_func(y_true, y_pred, **scoring_kwargs)
                        ^^^^^^^^^^^^^^^^^^^^^^^^^^^^^^^^^^^^^^^^^^^^^^^^^^
  File "C:\Users\ywcho\AppData\Local\Programs\Python\Python311\Lib\site-packages\pycaret\internal\metrics.py", line 144, in __call__
    return self.score_func(y_true, y_pred, **kwargs)
           ^^^^^^^^^^^^^^^^^^^^^^^^^^^^^^^^^^^^^^^^^
  File "C:\Users\ywcho\AppData\Local\Programs\Python\Python311\Lib\site-packages\sklearn\utils\_param_validation.py", line 213, in wrapper
    return func(*args, **kwargs)
           ^^^^^^^^^^^^^^^^^^^^^
  File "C:\Users\ywcho\AppData\Local\Programs\Python\Python311\Lib\site-packages\sklearn\metrics\_ranking.py", line 634, in roc_auc_score
    return _multiclass_roc_auc_score(
           ^^^^^^^^^^^^^^^^^^^^^^^^^^
  File "C:\Users\ywcho\AppData\Local\Programs\Python\Python311\Lib\site-packages\sklearn\metrics\_ranking.py", line 707, in _multiclass_roc_auc_score
    raise ValueError(
ValueError: Target scores need to be probabilities for multiclass roc_auc, i.e. they should sum up to 1.0 over classes

  warnings.warn(

2025-12-04 15:38:49,347:WARNING:C:\Users\ywcho\AppData\Local\Programs\Python\Python311\Lib\site-packages\sklearn\metrics\_classification.py:1561: UserWarning: Note that pos_label (set to 'turkish') is ignored when average != 'binary' (got 'weighted'). You may use labels=[pos_label] to specify a single positive class.
  warnings.warn(

2025-12-04 15:38:49,347:WARNING:C:\Users\ywcho\AppData\Local\Programs\Python\Python311\Lib\site-packages\sklearn\metrics\_classification.py:1561: UserWarning: Note that pos_label (set to 'turkish') is ignored when average != 'binary' (got 'weighted'). You may use labels=[pos_label] to specify a single positive class.
  warnings.warn(

2025-12-04 15:38:49,395:WARNING:C:\Users\ywcho\AppData\Local\Programs\Python\Python311\Lib\site-packages\pycaret\internal\metrics.py:204: FitFailedWarning: Metric 'make_scorer(roc_auc_score, response_method=('decision_function', 'predict_proba'), average=weighted, multi_class=ovr)' failed and error score 0.0 has been returned instead. If this is a custom metric, this usually means that the error is in the metric code. Full exception below:
Traceback (most recent call last):
  File "C:\Users\ywcho\AppData\Local\Programs\Python\Python311\Lib\site-packages\pycaret\internal\metrics.py", line 196, in _score
    return super()._score(
           ^^^^^^^^^^^^^^^
  File "C:\Users\ywcho\AppData\Local\Programs\Python\Python311\Lib\site-packages\sklearn\metrics\_scorer.py", line 350, in _score
    return self._sign * self._score_func(y_true, y_pred, **scoring_kwargs)
                        ^^^^^^^^^^^^^^^^^^^^^^^^^^^^^^^^^^^^^^^^^^^^^^^^^^
  File "C:\Users\ywcho\AppData\Local\Programs\Python\Python311\Lib\site-packages\pycaret\internal\metrics.py", line 144, in __call__
    return self.score_func(y_true, y_pred, **kwargs)
           ^^^^^^^^^^^^^^^^^^^^^^^^^^^^^^^^^^^^^^^^^
  File "C:\Users\ywcho\AppData\Local\Programs\Python\Python311\Lib\site-packages\sklearn\utils\_param_validation.py", line 213, in wrapper
    return func(*args, **kwargs)
           ^^^^^^^^^^^^^^^^^^^^^
  File "C:\Users\ywcho\AppData\Local\Programs\Python\Python311\Lib\site-packages\sklearn\metrics\_ranking.py", line 634, in roc_auc_score
    return _multiclass_roc_auc_score(
           ^^^^^^^^^^^^^^^^^^^^^^^^^^
  File "C:\Users\ywcho\AppData\Local\Programs\Python\Python311\Lib\site-packages\sklearn\metrics\_ranking.py", line 707, in _multiclass_roc_auc_score
    raise ValueError(
ValueError: Target scores need to be probabilities for multiclass roc_auc, i.e. they should sum up to 1.0 over classes

  warnings.warn(

2025-12-04 15:38:49,420:WARNING:C:\Users\ywcho\AppData\Local\Programs\Python\Python311\Lib\site-packages\sklearn\metrics\_classification.py:1561: UserWarning: Note that pos_label (set to 'turkish') is ignored when average != 'binary' (got 'weighted'). You may use labels=[pos_label] to specify a single positive class.
  warnings.warn(

2025-12-04 15:38:49,435:WARNING:C:\Users\ywcho\AppData\Local\Programs\Python\Python311\Lib\site-packages\sklearn\metrics\_classification.py:1561: UserWarning: Note that pos_label (set to 'turkish') is ignored when average != 'binary' (got 'weighted'). You may use labels=[pos_label] to specify a single positive class.
  warnings.warn(

2025-12-04 15:38:49,439:WARNING:C:\Users\ywcho\AppData\Local\Programs\Python\Python311\Lib\site-packages\sklearn\metrics\_classification.py:1561: UserWarning: Note that pos_label (set to 'turkish') is ignored when average != 'binary' (got 'weighted'). You may use labels=[pos_label] to specify a single positive class.
  warnings.warn(

2025-12-04 15:38:49,447:WARNING:C:\Users\ywcho\AppData\Local\Programs\Python\Python311\Lib\site-packages\sklearn\metrics\_classification.py:1509: UndefinedMetricWarning: Precision is ill-defined and being set to 0.0 in labels with no predicted samples. Use `zero_division` parameter to control this behavior.
  _warn_prf(average, modifier, f"{metric.capitalize()} is", len(result))

2025-12-04 15:38:49,455:WARNING:C:\Users\ywcho\AppData\Local\Programs\Python\Python311\Lib\site-packages\sklearn\metrics\_classification.py:1561: UserWarning: Note that pos_label (set to 'turkish') is ignored when average != 'binary' (got 'weighted'). You may use labels=[pos_label] to specify a single positive class.
  warnings.warn(

2025-12-04 15:38:49,459:WARNING:C:\Users\ywcho\AppData\Local\Programs\Python\Python311\Lib\site-packages\sklearn\metrics\_classification.py:1561: UserWarning: Note that pos_label (set to 'turkish') is ignored when average != 'binary' (got 'weighted'). You may use labels=[pos_label] to specify a single positive class.
  warnings.warn(

2025-12-04 15:38:49,468:WARNING:C:\Users\ywcho\AppData\Local\Programs\Python\Python311\Lib\site-packages\sklearn\metrics\_classification.py:1561: UserWarning: Note that pos_label (set to 'turkish') is ignored when average != 'binary' (got 'weighted'). You may use labels=[pos_label] to specify a single positive class.
  warnings.warn(

2025-12-04 15:38:49,470:WARNING:C:\Users\ywcho\AppData\Local\Programs\Python\Python311\Lib\site-packages\sklearn\metrics\_classification.py:1509: UndefinedMetricWarning: Precision is ill-defined and being set to 0.0 in labels with no predicted samples. Use `zero_division` parameter to control this behavior.
  _warn_prf(average, modifier, f"{metric.capitalize()} is", len(result))

2025-12-04 15:38:49,478:WARNING:C:\Users\ywcho\AppData\Local\Programs\Python\Python311\Lib\site-packages\sklearn\metrics\_classification.py:1509: UndefinedMetricWarning: Precision is ill-defined and being set to 0.0 in labels with no predicted samples. Use `zero_division` parameter to control this behavior.
  _warn_prf(average, modifier, f"{metric.capitalize()} is", len(result))

2025-12-04 15:38:49,478:WARNING:C:\Users\ywcho\AppData\Local\Programs\Python\Python311\Lib\site-packages\sklearn\metrics\_classification.py:1561: UserWarning: Note that pos_label (set to 'turkish') is ignored when average != 'binary' (got 'weighted'). You may use labels=[pos_label] to specify a single positive class.
  warnings.warn(

2025-12-04 15:38:49,489:WARNING:C:\Users\ywcho\AppData\Local\Programs\Python\Python311\Lib\site-packages\sklearn\metrics\_classification.py:1561: UserWarning: Note that pos_label (set to 'turkish') is ignored when average != 'binary' (got 'weighted'). You may use labels=[pos_label] to specify a single positive class.
  warnings.warn(

2025-12-04 15:38:49,502:WARNING:C:\Users\ywcho\AppData\Local\Programs\Python\Python311\Lib\site-packages\pycaret\internal\metrics.py:204: FitFailedWarning: Metric 'make_scorer(roc_auc_score, response_method=('decision_function', 'predict_proba'), average=weighted, multi_class=ovr)' failed and error score 0.0 has been returned instead. If this is a custom metric, this usually means that the error is in the metric code. Full exception below:
Traceback (most recent call last):
  File "C:\Users\ywcho\AppData\Local\Programs\Python\Python311\Lib\site-packages\pycaret\internal\metrics.py", line 196, in _score
    return super()._score(
           ^^^^^^^^^^^^^^^
  File "C:\Users\ywcho\AppData\Local\Programs\Python\Python311\Lib\site-packages\sklearn\metrics\_scorer.py", line 350, in _score
    return self._sign * self._score_func(y_true, y_pred, **scoring_kwargs)
                        ^^^^^^^^^^^^^^^^^^^^^^^^^^^^^^^^^^^^^^^^^^^^^^^^^^
  File "C:\Users\ywcho\AppData\Local\Programs\Python\Python311\Lib\site-packages\pycaret\internal\metrics.py", line 144, in __call__
    return self.score_func(y_true, y_pred, **kwargs)
           ^^^^^^^^^^^^^^^^^^^^^^^^^^^^^^^^^^^^^^^^^
  File "C:\Users\ywcho\AppData\Local\Programs\Python\Python311\Lib\site-packages\sklearn\utils\_param_validation.py", line 213, in wrapper
    return func(*args, **kwargs)
           ^^^^^^^^^^^^^^^^^^^^^
  File "C:\Users\ywcho\AppData\Local\Programs\Python\Python311\Lib\site-packages\sklearn\metrics\_ranking.py", line 634, in roc_auc_score
    return _multiclass_roc_auc_score(
           ^^^^^^^^^^^^^^^^^^^^^^^^^^
  File "C:\Users\ywcho\AppData\Local\Programs\Python\Python311\Lib\site-packages\sklearn\metrics\_ranking.py", line 707, in _multiclass_roc_auc_score
    raise ValueError(
ValueError: Target scores need to be probabilities for multiclass roc_auc, i.e. they should sum up to 1.0 over classes

  warnings.warn(

2025-12-04 15:38:49,506:WARNING:C:\Users\ywcho\AppData\Local\Programs\Python\Python311\Lib\site-packages\sklearn\metrics\_classification.py:1561: UserWarning: Note that pos_label (set to 'turkish') is ignored when average != 'binary' (got 'weighted'). You may use labels=[pos_label] to specify a single positive class.
  warnings.warn(

2025-12-04 15:38:49,513:WARNING:C:\Users\ywcho\AppData\Local\Programs\Python\Python311\Lib\site-packages\sklearn\metrics\_classification.py:1561: UserWarning: Note that pos_label (set to 'turkish') is ignored when average != 'binary' (got 'weighted'). You may use labels=[pos_label] to specify a single positive class.
  warnings.warn(

2025-12-04 15:38:49,517:WARNING:C:\Users\ywcho\AppData\Local\Programs\Python\Python311\Lib\site-packages\pycaret\internal\metrics.py:204: FitFailedWarning: Metric 'make_scorer(roc_auc_score, response_method=('decision_function', 'predict_proba'), average=weighted, multi_class=ovr)' failed and error score 0.0 has been returned instead. If this is a custom metric, this usually means that the error is in the metric code. Full exception below:
Traceback (most recent call last):
  File "C:\Users\ywcho\AppData\Local\Programs\Python\Python311\Lib\site-packages\pycaret\internal\metrics.py", line 196, in _score
    return super()._score(
           ^^^^^^^^^^^^^^^
  File "C:\Users\ywcho\AppData\Local\Programs\Python\Python311\Lib\site-packages\sklearn\metrics\_scorer.py", line 350, in _score
    return self._sign * self._score_func(y_true, y_pred, **scoring_kwargs)
                        ^^^^^^^^^^^^^^^^^^^^^^^^^^^^^^^^^^^^^^^^^^^^^^^^^^
  File "C:\Users\ywcho\AppData\Local\Programs\Python\Python311\Lib\site-packages\pycaret\internal\metrics.py", line 144, in __call__
    return self.score_func(y_true, y_pred, **kwargs)
           ^^^^^^^^^^^^^^^^^^^^^^^^^^^^^^^^^^^^^^^^^
  File "C:\Users\ywcho\AppData\Local\Programs\Python\Python311\Lib\site-packages\sklearn\utils\_param_validation.py", line 213, in wrapper
    return func(*args, **kwargs)
           ^^^^^^^^^^^^^^^^^^^^^
  File "C:\Users\ywcho\AppData\Local\Programs\Python\Python311\Lib\site-packages\sklearn\metrics\_ranking.py", line 634, in roc_auc_score
    return _multiclass_roc_auc_score(
           ^^^^^^^^^^^^^^^^^^^^^^^^^^
  File "C:\Users\ywcho\AppData\Local\Programs\Python\Python311\Lib\site-packages\sklearn\metrics\_ranking.py", line 707, in _multiclass_roc_auc_score
    raise ValueError(
ValueError: Target scores need to be probabilities for multiclass roc_auc, i.e. they should sum up to 1.0 over classes

  warnings.warn(

2025-12-04 15:38:49,521:WARNING:C:\Users\ywcho\AppData\Local\Programs\Python\Python311\Lib\site-packages\pycaret\internal\metrics.py:204: FitFailedWarning: Metric 'make_scorer(roc_auc_score, response_method=('decision_function', 'predict_proba'), average=weighted, multi_class=ovr)' failed and error score 0.0 has been returned instead. If this is a custom metric, this usually means that the error is in the metric code. Full exception below:
Traceback (most recent call last):
  File "C:\Users\ywcho\AppData\Local\Programs\Python\Python311\Lib\site-packages\pycaret\internal\metrics.py", line 196, in _score
    return super()._score(
           ^^^^^^^^^^^^^^^
  File "C:\Users\ywcho\AppData\Local\Programs\Python\Python311\Lib\site-packages\sklearn\metrics\_scorer.py", line 350, in _score
    return self._sign * self._score_func(y_true, y_pred, **scoring_kwargs)
                        ^^^^^^^^^^^^^^^^^^^^^^^^^^^^^^^^^^^^^^^^^^^^^^^^^^
  File "C:\Users\ywcho\AppData\Local\Programs\Python\Python311\Lib\site-packages\pycaret\internal\metrics.py", line 144, in __call__
    return self.score_func(y_true, y_pred, **kwargs)
           ^^^^^^^^^^^^^^^^^^^^^^^^^^^^^^^^^^^^^^^^^
  File "C:\Users\ywcho\AppData\Local\Programs\Python\Python311\Lib\site-packages\sklearn\utils\_param_validation.py", line 213, in wrapper
    return func(*args, **kwargs)
           ^^^^^^^^^^^^^^^^^^^^^
  File "C:\Users\ywcho\AppData\Local\Programs\Python\Python311\Lib\site-packages\sklearn\metrics\_ranking.py", line 634, in roc_auc_score
    return _multiclass_roc_auc_score(
           ^^^^^^^^^^^^^^^^^^^^^^^^^^
  File "C:\Users\ywcho\AppData\Local\Programs\Python\Python311\Lib\site-packages\sklearn\metrics\_ranking.py", line 707, in _multiclass_roc_auc_score
    raise ValueError(
ValueError: Target scores need to be probabilities for multiclass roc_auc, i.e. they should sum up to 1.0 over classes

  warnings.warn(

2025-12-04 15:38:49,521:WARNING:C:\Users\ywcho\AppData\Local\Programs\Python\Python311\Lib\site-packages\sklearn\metrics\_classification.py:1561: UserWarning: Note that pos_label (set to 'turkish') is ignored when average != 'binary' (got 'weighted'). You may use labels=[pos_label] to specify a single positive class.
  warnings.warn(

2025-12-04 15:38:49,521:WARNING:C:\Users\ywcho\AppData\Local\Programs\Python\Python311\Lib\site-packages\sklearn\metrics\_classification.py:1509: UndefinedMetricWarning: Precision is ill-defined and being set to 0.0 in labels with no predicted samples. Use `zero_division` parameter to control this behavior.
  _warn_prf(average, modifier, f"{metric.capitalize()} is", len(result))

2025-12-04 15:38:49,523:WARNING:C:\Users\ywcho\AppData\Local\Programs\Python\Python311\Lib\site-packages\sklearn\metrics\_classification.py:1561: UserWarning: Note that pos_label (set to 'turkish') is ignored when average != 'binary' (got 'weighted'). You may use labels=[pos_label] to specify a single positive class.
  warnings.warn(

2025-12-04 15:38:49,525:WARNING:C:\Users\ywcho\AppData\Local\Programs\Python\Python311\Lib\site-packages\sklearn\metrics\_classification.py:1561: UserWarning: Note that pos_label (set to 'turkish') is ignored when average != 'binary' (got 'weighted'). You may use labels=[pos_label] to specify a single positive class.
  warnings.warn(

2025-12-04 15:38:49,527:WARNING:C:\Users\ywcho\AppData\Local\Programs\Python\Python311\Lib\site-packages\pycaret\internal\metrics.py:204: FitFailedWarning: Metric 'make_scorer(roc_auc_score, response_method=('decision_function', 'predict_proba'), average=weighted, multi_class=ovr)' failed and error score 0.0 has been returned instead. If this is a custom metric, this usually means that the error is in the metric code. Full exception below:
Traceback (most recent call last):
  File "C:\Users\ywcho\AppData\Local\Programs\Python\Python311\Lib\site-packages\pycaret\internal\metrics.py", line 196, in _score
    return super()._score(
           ^^^^^^^^^^^^^^^
  File "C:\Users\ywcho\AppData\Local\Programs\Python\Python311\Lib\site-packages\sklearn\metrics\_scorer.py", line 350, in _score
    return self._sign * self._score_func(y_true, y_pred, **scoring_kwargs)
                        ^^^^^^^^^^^^^^^^^^^^^^^^^^^^^^^^^^^^^^^^^^^^^^^^^^
  File "C:\Users\ywcho\AppData\Local\Programs\Python\Python311\Lib\site-packages\pycaret\internal\metrics.py", line 144, in __call__
    return self.score_func(y_true, y_pred, **kwargs)
           ^^^^^^^^^^^^^^^^^^^^^^^^^^^^^^^^^^^^^^^^^
  File "C:\Users\ywcho\AppData\Local\Programs\Python\Python311\Lib\site-packages\sklearn\utils\_param_validation.py", line 213, in wrapper
    return func(*args, **kwargs)
           ^^^^^^^^^^^^^^^^^^^^^
  File "C:\Users\ywcho\AppData\Local\Programs\Python\Python311\Lib\site-packages\sklearn\metrics\_ranking.py", line 634, in roc_auc_score
    return _multiclass_roc_auc_score(
           ^^^^^^^^^^^^^^^^^^^^^^^^^^
  File "C:\Users\ywcho\AppData\Local\Programs\Python\Python311\Lib\site-packages\sklearn\metrics\_ranking.py", line 707, in _multiclass_roc_auc_score
    raise ValueError(
ValueError: Target scores need to be probabilities for multiclass roc_auc, i.e. they should sum up to 1.0 over classes

  warnings.warn(

2025-12-04 15:38:49,531:WARNING:C:\Users\ywcho\AppData\Local\Programs\Python\Python311\Lib\site-packages\sklearn\metrics\_classification.py:1561: UserWarning: Note that pos_label (set to 'turkish') is ignored when average != 'binary' (got 'weighted'). You may use labels=[pos_label] to specify a single positive class.
  warnings.warn(

2025-12-04 15:38:49,531:WARNING:C:\Users\ywcho\AppData\Local\Programs\Python\Python311\Lib\site-packages\sklearn\metrics\_classification.py:1561: UserWarning: Note that pos_label (set to 'turkish') is ignored when average != 'binary' (got 'weighted'). You may use labels=[pos_label] to specify a single positive class.
  warnings.warn(

2025-12-04 15:38:49,533:WARNING:C:\Users\ywcho\AppData\Local\Programs\Python\Python311\Lib\site-packages\sklearn\metrics\_classification.py:1561: UserWarning: Note that pos_label (set to 'turkish') is ignored when average != 'binary' (got 'weighted'). You may use labels=[pos_label] to specify a single positive class.
  warnings.warn(

2025-12-04 15:38:49,537:WARNING:C:\Users\ywcho\AppData\Local\Programs\Python\Python311\Lib\site-packages\sklearn\metrics\_classification.py:1509: UndefinedMetricWarning: Precision is ill-defined and being set to 0.0 in labels with no predicted samples. Use `zero_division` parameter to control this behavior.
  _warn_prf(average, modifier, f"{metric.capitalize()} is", len(result))

2025-12-04 15:38:49,539:WARNING:C:\Users\ywcho\AppData\Local\Programs\Python\Python311\Lib\site-packages\sklearn\metrics\_classification.py:1509: UndefinedMetricWarning: Precision is ill-defined and being set to 0.0 in labels with no predicted samples. Use `zero_division` parameter to control this behavior.
  _warn_prf(average, modifier, f"{metric.capitalize()} is", len(result))

2025-12-04 15:38:49,541:WARNING:C:\Users\ywcho\AppData\Local\Programs\Python\Python311\Lib\site-packages\sklearn\metrics\_classification.py:1561: UserWarning: Note that pos_label (set to 'turkish') is ignored when average != 'binary' (got 'weighted'). You may use labels=[pos_label] to specify a single positive class.
  warnings.warn(

2025-12-04 15:38:49,541:WARNING:C:\Users\ywcho\AppData\Local\Programs\Python\Python311\Lib\site-packages\sklearn\metrics\_classification.py:1561: UserWarning: Note that pos_label (set to 'turkish') is ignored when average != 'binary' (got 'weighted'). You may use labels=[pos_label] to specify a single positive class.
  warnings.warn(

2025-12-04 15:38:49,543:WARNING:C:\Users\ywcho\AppData\Local\Programs\Python\Python311\Lib\site-packages\sklearn\metrics\_classification.py:1561: UserWarning: Note that pos_label (set to 'turkish') is ignored when average != 'binary' (got 'weighted'). You may use labels=[pos_label] to specify a single positive class.
  warnings.warn(

2025-12-04 15:38:49,543:WARNING:C:\Users\ywcho\AppData\Local\Programs\Python\Python311\Lib\site-packages\sklearn\metrics\_classification.py:1509: UndefinedMetricWarning: Precision is ill-defined and being set to 0.0 in labels with no predicted samples. Use `zero_division` parameter to control this behavior.
  _warn_prf(average, modifier, f"{metric.capitalize()} is", len(result))

2025-12-04 15:38:49,543:WARNING:C:\Users\ywcho\AppData\Local\Programs\Python\Python311\Lib\site-packages\sklearn\metrics\_classification.py:1561: UserWarning: Note that pos_label (set to 'turkish') is ignored when average != 'binary' (got 'weighted'). You may use labels=[pos_label] to specify a single positive class.
  warnings.warn(

2025-12-04 15:38:49,564:INFO:Calculating mean and std
2025-12-04 15:38:49,564:INFO:Creating metrics dataframe
2025-12-04 15:38:49,566:INFO:Uploading results into container
2025-12-04 15:38:49,566:INFO:Uploading model into container now
2025-12-04 15:38:49,566:INFO:_master_model_container: 5
2025-12-04 15:38:49,566:INFO:_display_container: 2
2025-12-04 15:38:49,566:INFO:SGDClassifier(alpha=0.0001, average=False, class_weight=None,
              early_stopping=False, epsilon=0.1, eta0=0.001, fit_intercept=True,
              l1_ratio=0.15, learning_rate='optimal', loss='hinge',
              max_iter=1000, n_iter_no_change=5, n_jobs=-1, penalty='l2',
              power_t=0.5, random_state=42, shuffle=True, tol=0.001,
              validation_fraction=0.1, verbose=0, warm_start=False)
2025-12-04 15:38:49,566:INFO:create_model() successfully completed......................................
2025-12-04 15:38:49,657:INFO:SubProcess create_model() end ==================================
2025-12-04 15:38:49,657:INFO:Creating metrics dataframe
2025-12-04 15:38:49,657:INFO:Initializing Ridge Classifier
2025-12-04 15:38:49,657:INFO:Total runtime is 0.28552508354187006 minutes
2025-12-04 15:38:49,657:INFO:SubProcess create_model() called ==================================
2025-12-04 15:38:49,657:INFO:Initializing create_model()
2025-12-04 15:38:49,657:INFO:create_model(self=<pycaret.classification.oop.ClassificationExperiment object at 0x000002A1B340F610>, estimator=ridge, fold=StratifiedKFold(n_splits=10, random_state=None, shuffle=False), round=4, cross_validation=True, predict=True, fit_kwargs={}, groups=None, refit=False, probability_threshold=None, experiment_custom_tags=None, verbose=False, system=False, add_to_model_list=True, metrics=None, display=<pycaret.internal.display.display.CommonDisplay object at 0x000002A1ED63DA50>, model_only=True, return_train_score=False, error_score=0.0, kwargs={})
2025-12-04 15:38:49,657:INFO:Checking exceptions
2025-12-04 15:38:49,657:INFO:Importing libraries
2025-12-04 15:38:49,657:INFO:Copying training dataset
2025-12-04 15:38:49,657:INFO:Defining folds
2025-12-04 15:38:49,657:INFO:Declaring metric variables
2025-12-04 15:38:49,657:INFO:Importing untrained model
2025-12-04 15:38:49,657:INFO:Ridge Classifier Imported successfully
2025-12-04 15:38:49,657:INFO:Starting cross validation
2025-12-04 15:38:49,657:INFO:Cross validating with StratifiedKFold(n_splits=10, random_state=None, shuffle=False), n_jobs=-1
2025-12-04 15:38:49,926:WARNING:C:\Users\ywcho\AppData\Local\Programs\Python\Python311\Lib\site-packages\numpy\core\_methods.py:187: RuntimeWarning: overflow encountered in reduce
  ret = umr_sum(x, axis, dtype, out, keepdims=keepdims, where=where)

2025-12-04 15:38:49,936:WARNING:C:\Users\ywcho\AppData\Local\Programs\Python\Python311\Lib\site-packages\numpy\core\_methods.py:187: RuntimeWarning: overflow encountered in reduce
  ret = umr_sum(x, axis, dtype, out, keepdims=keepdims, where=where)

2025-12-04 15:38:49,939:WARNING:C:\Users\ywcho\AppData\Local\Programs\Python\Python311\Lib\site-packages\numpy\core\_methods.py:187: RuntimeWarning: overflow encountered in reduce
  ret = umr_sum(x, axis, dtype, out, keepdims=keepdims, where=where)

2025-12-04 15:38:49,948:WARNING:C:\Users\ywcho\AppData\Local\Programs\Python\Python311\Lib\site-packages\numpy\core\_methods.py:187: RuntimeWarning: overflow encountered in reduce
  ret = umr_sum(x, axis, dtype, out, keepdims=keepdims, where=where)

2025-12-04 15:38:49,958:WARNING:C:\Users\ywcho\AppData\Local\Programs\Python\Python311\Lib\site-packages\numpy\core\_methods.py:187: RuntimeWarning: overflow encountered in reduce
  ret = umr_sum(x, axis, dtype, out, keepdims=keepdims, where=where)

2025-12-04 15:38:49,967:WARNING:C:\Users\ywcho\AppData\Local\Programs\Python\Python311\Lib\site-packages\numpy\core\_methods.py:187: RuntimeWarning: overflow encountered in reduce
  ret = umr_sum(x, axis, dtype, out, keepdims=keepdims, where=where)

2025-12-04 15:38:49,982:WARNING:C:\Users\ywcho\AppData\Local\Programs\Python\Python311\Lib\site-packages\numpy\core\_methods.py:187: RuntimeWarning: overflow encountered in reduce
  ret = umr_sum(x, axis, dtype, out, keepdims=keepdims, where=where)

2025-12-04 15:38:49,987:WARNING:C:\Users\ywcho\AppData\Local\Programs\Python\Python311\Lib\site-packages\numpy\core\_methods.py:187: RuntimeWarning: overflow encountered in reduce
  ret = umr_sum(x, axis, dtype, out, keepdims=keepdims, where=where)

2025-12-04 15:38:49,997:WARNING:C:\Users\ywcho\AppData\Local\Programs\Python\Python311\Lib\site-packages\numpy\core\_methods.py:187: RuntimeWarning: overflow encountered in reduce
  ret = umr_sum(x, axis, dtype, out, keepdims=keepdims, where=where)

2025-12-04 15:38:50,010:WARNING:C:\Users\ywcho\AppData\Local\Programs\Python\Python311\Lib\site-packages\numpy\core\_methods.py:187: RuntimeWarning: overflow encountered in reduce
  ret = umr_sum(x, axis, dtype, out, keepdims=keepdims, where=where)

2025-12-04 15:38:50,018:WARNING:C:\Users\ywcho\AppData\Local\Programs\Python\Python311\Lib\site-packages\pycaret\internal\metrics.py:204: FitFailedWarning: Metric 'make_scorer(roc_auc_score, response_method=('decision_function', 'predict_proba'), average=weighted, multi_class=ovr)' failed and error score 0.0 has been returned instead. If this is a custom metric, this usually means that the error is in the metric code. Full exception below:
Traceback (most recent call last):
  File "C:\Users\ywcho\AppData\Local\Programs\Python\Python311\Lib\site-packages\pycaret\internal\metrics.py", line 196, in _score
    return super()._score(
           ^^^^^^^^^^^^^^^
  File "C:\Users\ywcho\AppData\Local\Programs\Python\Python311\Lib\site-packages\sklearn\metrics\_scorer.py", line 350, in _score
    return self._sign * self._score_func(y_true, y_pred, **scoring_kwargs)
                        ^^^^^^^^^^^^^^^^^^^^^^^^^^^^^^^^^^^^^^^^^^^^^^^^^^
  File "C:\Users\ywcho\AppData\Local\Programs\Python\Python311\Lib\site-packages\pycaret\internal\metrics.py", line 144, in __call__
    return self.score_func(y_true, y_pred, **kwargs)
           ^^^^^^^^^^^^^^^^^^^^^^^^^^^^^^^^^^^^^^^^^
  File "C:\Users\ywcho\AppData\Local\Programs\Python\Python311\Lib\site-packages\sklearn\utils\_param_validation.py", line 213, in wrapper
    return func(*args, **kwargs)
           ^^^^^^^^^^^^^^^^^^^^^
  File "C:\Users\ywcho\AppData\Local\Programs\Python\Python311\Lib\site-packages\sklearn\metrics\_ranking.py", line 634, in roc_auc_score
    return _multiclass_roc_auc_score(
           ^^^^^^^^^^^^^^^^^^^^^^^^^^
  File "C:\Users\ywcho\AppData\Local\Programs\Python\Python311\Lib\site-packages\sklearn\metrics\_ranking.py", line 707, in _multiclass_roc_auc_score
    raise ValueError(
ValueError: Target scores need to be probabilities for multiclass roc_auc, i.e. they should sum up to 1.0 over classes

  warnings.warn(

2025-12-04 15:38:50,018:WARNING:C:\Users\ywcho\AppData\Local\Programs\Python\Python311\Lib\site-packages\pycaret\internal\metrics.py:204: FitFailedWarning: Metric 'make_scorer(roc_auc_score, response_method=('decision_function', 'predict_proba'), average=weighted, multi_class=ovr)' failed and error score 0.0 has been returned instead. If this is a custom metric, this usually means that the error is in the metric code. Full exception below:
Traceback (most recent call last):
  File "C:\Users\ywcho\AppData\Local\Programs\Python\Python311\Lib\site-packages\pycaret\internal\metrics.py", line 196, in _score
    return super()._score(
           ^^^^^^^^^^^^^^^
  File "C:\Users\ywcho\AppData\Local\Programs\Python\Python311\Lib\site-packages\sklearn\metrics\_scorer.py", line 350, in _score
    return self._sign * self._score_func(y_true, y_pred, **scoring_kwargs)
                        ^^^^^^^^^^^^^^^^^^^^^^^^^^^^^^^^^^^^^^^^^^^^^^^^^^
  File "C:\Users\ywcho\AppData\Local\Programs\Python\Python311\Lib\site-packages\pycaret\internal\metrics.py", line 144, in __call__
    return self.score_func(y_true, y_pred, **kwargs)
           ^^^^^^^^^^^^^^^^^^^^^^^^^^^^^^^^^^^^^^^^^
  File "C:\Users\ywcho\AppData\Local\Programs\Python\Python311\Lib\site-packages\sklearn\utils\_param_validation.py", line 213, in wrapper
    return func(*args, **kwargs)
           ^^^^^^^^^^^^^^^^^^^^^
  File "C:\Users\ywcho\AppData\Local\Programs\Python\Python311\Lib\site-packages\sklearn\metrics\_ranking.py", line 634, in roc_auc_score
    return _multiclass_roc_auc_score(
           ^^^^^^^^^^^^^^^^^^^^^^^^^^
  File "C:\Users\ywcho\AppData\Local\Programs\Python\Python311\Lib\site-packages\sklearn\metrics\_ranking.py", line 707, in _multiclass_roc_auc_score
    raise ValueError(
ValueError: Target scores need to be probabilities for multiclass roc_auc, i.e. they should sum up to 1.0 over classes

  warnings.warn(

2025-12-04 15:38:50,024:WARNING:C:\Users\ywcho\AppData\Local\Programs\Python\Python311\Lib\site-packages\pycaret\internal\metrics.py:204: FitFailedWarning: Metric 'make_scorer(roc_auc_score, response_method=('decision_function', 'predict_proba'), average=weighted, multi_class=ovr)' failed and error score 0.0 has been returned instead. If this is a custom metric, this usually means that the error is in the metric code. Full exception below:
Traceback (most recent call last):
  File "C:\Users\ywcho\AppData\Local\Programs\Python\Python311\Lib\site-packages\pycaret\internal\metrics.py", line 196, in _score
    return super()._score(
           ^^^^^^^^^^^^^^^
  File "C:\Users\ywcho\AppData\Local\Programs\Python\Python311\Lib\site-packages\sklearn\metrics\_scorer.py", line 350, in _score
    return self._sign * self._score_func(y_true, y_pred, **scoring_kwargs)
                        ^^^^^^^^^^^^^^^^^^^^^^^^^^^^^^^^^^^^^^^^^^^^^^^^^^
  File "C:\Users\ywcho\AppData\Local\Programs\Python\Python311\Lib\site-packages\pycaret\internal\metrics.py", line 144, in __call__
    return self.score_func(y_true, y_pred, **kwargs)
           ^^^^^^^^^^^^^^^^^^^^^^^^^^^^^^^^^^^^^^^^^
  File "C:\Users\ywcho\AppData\Local\Programs\Python\Python311\Lib\site-packages\sklearn\utils\_param_validation.py", line 213, in wrapper
    return func(*args, **kwargs)
           ^^^^^^^^^^^^^^^^^^^^^
  File "C:\Users\ywcho\AppData\Local\Programs\Python\Python311\Lib\site-packages\sklearn\metrics\_ranking.py", line 634, in roc_auc_score
    return _multiclass_roc_auc_score(
           ^^^^^^^^^^^^^^^^^^^^^^^^^^
  File "C:\Users\ywcho\AppData\Local\Programs\Python\Python311\Lib\site-packages\sklearn\metrics\_ranking.py", line 707, in _multiclass_roc_auc_score
    raise ValueError(
ValueError: Target scores need to be probabilities for multiclass roc_auc, i.e. they should sum up to 1.0 over classes

  warnings.warn(

2025-12-04 15:38:50,026:WARNING:C:\Users\ywcho\AppData\Local\Programs\Python\Python311\Lib\site-packages\sklearn\metrics\_classification.py:1561: UserWarning: Note that pos_label (set to 'turkish') is ignored when average != 'binary' (got 'weighted'). You may use labels=[pos_label] to specify a single positive class.
  warnings.warn(

2025-12-04 15:38:50,026:WARNING:C:\Users\ywcho\AppData\Local\Programs\Python\Python311\Lib\site-packages\sklearn\metrics\_classification.py:1561: UserWarning: Note that pos_label (set to 'turkish') is ignored when average != 'binary' (got 'weighted'). You may use labels=[pos_label] to specify a single positive class.
  warnings.warn(

2025-12-04 15:38:50,026:WARNING:C:\Users\ywcho\AppData\Local\Programs\Python\Python311\Lib\site-packages\pycaret\internal\metrics.py:204: FitFailedWarning: Metric 'make_scorer(roc_auc_score, response_method=('decision_function', 'predict_proba'), average=weighted, multi_class=ovr)' failed and error score 0.0 has been returned instead. If this is a custom metric, this usually means that the error is in the metric code. Full exception below:
Traceback (most recent call last):
  File "C:\Users\ywcho\AppData\Local\Programs\Python\Python311\Lib\site-packages\pycaret\internal\metrics.py", line 196, in _score
    return super()._score(
           ^^^^^^^^^^^^^^^
  File "C:\Users\ywcho\AppData\Local\Programs\Python\Python311\Lib\site-packages\sklearn\metrics\_scorer.py", line 350, in _score
    return self._sign * self._score_func(y_true, y_pred, **scoring_kwargs)
                        ^^^^^^^^^^^^^^^^^^^^^^^^^^^^^^^^^^^^^^^^^^^^^^^^^^
  File "C:\Users\ywcho\AppData\Local\Programs\Python\Python311\Lib\site-packages\pycaret\internal\metrics.py", line 144, in __call__
    return self.score_func(y_true, y_pred, **kwargs)
           ^^^^^^^^^^^^^^^^^^^^^^^^^^^^^^^^^^^^^^^^^
  File "C:\Users\ywcho\AppData\Local\Programs\Python\Python311\Lib\site-packages\sklearn\utils\_param_validation.py", line 213, in wrapper
    return func(*args, **kwargs)
           ^^^^^^^^^^^^^^^^^^^^^
  File "C:\Users\ywcho\AppData\Local\Programs\Python\Python311\Lib\site-packages\sklearn\metrics\_ranking.py", line 634, in roc_auc_score
    return _multiclass_roc_auc_score(
           ^^^^^^^^^^^^^^^^^^^^^^^^^^
  File "C:\Users\ywcho\AppData\Local\Programs\Python\Python311\Lib\site-packages\sklearn\metrics\_ranking.py", line 707, in _multiclass_roc_auc_score
    raise ValueError(
ValueError: Target scores need to be probabilities for multiclass roc_auc, i.e. they should sum up to 1.0 over classes

  warnings.warn(

2025-12-04 15:38:50,030:WARNING:C:\Users\ywcho\AppData\Local\Programs\Python\Python311\Lib\site-packages\pycaret\internal\metrics.py:204: FitFailedWarning: Metric 'make_scorer(roc_auc_score, response_method=('decision_function', 'predict_proba'), average=weighted, multi_class=ovr)' failed and error score 0.0 has been returned instead. If this is a custom metric, this usually means that the error is in the metric code. Full exception below:
Traceback (most recent call last):
  File "C:\Users\ywcho\AppData\Local\Programs\Python\Python311\Lib\site-packages\pycaret\internal\metrics.py", line 196, in _score
    return super()._score(
           ^^^^^^^^^^^^^^^
  File "C:\Users\ywcho\AppData\Local\Programs\Python\Python311\Lib\site-packages\sklearn\metrics\_scorer.py", line 350, in _score
    return self._sign * self._score_func(y_true, y_pred, **scoring_kwargs)
                        ^^^^^^^^^^^^^^^^^^^^^^^^^^^^^^^^^^^^^^^^^^^^^^^^^^
  File "C:\Users\ywcho\AppData\Local\Programs\Python\Python311\Lib\site-packages\pycaret\internal\metrics.py", line 144, in __call__
    return self.score_func(y_true, y_pred, **kwargs)
           ^^^^^^^^^^^^^^^^^^^^^^^^^^^^^^^^^^^^^^^^^
  File "C:\Users\ywcho\AppData\Local\Programs\Python\Python311\Lib\site-packages\sklearn\utils\_param_validation.py", line 213, in wrapper
    return func(*args, **kwargs)
           ^^^^^^^^^^^^^^^^^^^^^
  File "C:\Users\ywcho\AppData\Local\Programs\Python\Python311\Lib\site-packages\sklearn\metrics\_ranking.py", line 634, in roc_auc_score
    return _multiclass_roc_auc_score(
           ^^^^^^^^^^^^^^^^^^^^^^^^^^
  File "C:\Users\ywcho\AppData\Local\Programs\Python\Python311\Lib\site-packages\sklearn\metrics\_ranking.py", line 707, in _multiclass_roc_auc_score
    raise ValueError(
ValueError: Target scores need to be probabilities for multiclass roc_auc, i.e. they should sum up to 1.0 over classes

  warnings.warn(

2025-12-04 15:38:50,031:WARNING:C:\Users\ywcho\AppData\Local\Programs\Python\Python311\Lib\site-packages\sklearn\metrics\_classification.py:1561: UserWarning: Note that pos_label (set to 'turkish') is ignored when average != 'binary' (got 'weighted'). You may use labels=[pos_label] to specify a single positive class.
  warnings.warn(

2025-12-04 15:38:50,035:WARNING:C:\Users\ywcho\AppData\Local\Programs\Python\Python311\Lib\site-packages\sklearn\metrics\_classification.py:1561: UserWarning: Note that pos_label (set to 'turkish') is ignored when average != 'binary' (got 'weighted'). You may use labels=[pos_label] to specify a single positive class.
  warnings.warn(

2025-12-04 15:38:50,035:WARNING:C:\Users\ywcho\AppData\Local\Programs\Python\Python311\Lib\site-packages\sklearn\metrics\_classification.py:1561: UserWarning: Note that pos_label (set to 'turkish') is ignored when average != 'binary' (got 'weighted'). You may use labels=[pos_label] to specify a single positive class.
  warnings.warn(

2025-12-04 15:38:50,047:WARNING:C:\Users\ywcho\AppData\Local\Programs\Python\Python311\Lib\site-packages\sklearn\metrics\_classification.py:1561: UserWarning: Note that pos_label (set to 'turkish') is ignored when average != 'binary' (got 'weighted'). You may use labels=[pos_label] to specify a single positive class.
  warnings.warn(

2025-12-04 15:38:50,047:WARNING:C:\Users\ywcho\AppData\Local\Programs\Python\Python311\Lib\site-packages\sklearn\metrics\_classification.py:1561: UserWarning: Note that pos_label (set to 'turkish') is ignored when average != 'binary' (got 'weighted'). You may use labels=[pos_label] to specify a single positive class.
  warnings.warn(

2025-12-04 15:38:50,047:WARNING:C:\Users\ywcho\AppData\Local\Programs\Python\Python311\Lib\site-packages\sklearn\metrics\_classification.py:1561: UserWarning: Note that pos_label (set to 'turkish') is ignored when average != 'binary' (got 'weighted'). You may use labels=[pos_label] to specify a single positive class.
  warnings.warn(

2025-12-04 15:38:50,053:WARNING:C:\Users\ywcho\AppData\Local\Programs\Python\Python311\Lib\site-packages\sklearn\metrics\_classification.py:1561: UserWarning: Note that pos_label (set to 'turkish') is ignored when average != 'binary' (got 'weighted'). You may use labels=[pos_label] to specify a single positive class.
  warnings.warn(

2025-12-04 15:38:50,055:WARNING:C:\Users\ywcho\AppData\Local\Programs\Python\Python311\Lib\site-packages\sklearn\metrics\_classification.py:1509: UndefinedMetricWarning: Precision is ill-defined and being set to 0.0 in labels with no predicted samples. Use `zero_division` parameter to control this behavior.
  _warn_prf(average, modifier, f"{metric.capitalize()} is", len(result))

2025-12-04 15:38:50,055:WARNING:C:\Users\ywcho\AppData\Local\Programs\Python\Python311\Lib\site-packages\sklearn\metrics\_classification.py:1561: UserWarning: Note that pos_label (set to 'turkish') is ignored when average != 'binary' (got 'weighted'). You may use labels=[pos_label] to specify a single positive class.
  warnings.warn(

2025-12-04 15:38:50,057:WARNING:C:\Users\ywcho\AppData\Local\Programs\Python\Python311\Lib\site-packages\sklearn\metrics\_classification.py:1509: UndefinedMetricWarning: Precision is ill-defined and being set to 0.0 in labels with no predicted samples. Use `zero_division` parameter to control this behavior.
  _warn_prf(average, modifier, f"{metric.capitalize()} is", len(result))

2025-12-04 15:38:50,057:WARNING:C:\Users\ywcho\AppData\Local\Programs\Python\Python311\Lib\site-packages\sklearn\metrics\_classification.py:1509: UndefinedMetricWarning: Precision is ill-defined and being set to 0.0 in labels with no predicted samples. Use `zero_division` parameter to control this behavior.
  _warn_prf(average, modifier, f"{metric.capitalize()} is", len(result))

2025-12-04 15:38:50,059:WARNING:C:\Users\ywcho\AppData\Local\Programs\Python\Python311\Lib\site-packages\pycaret\internal\metrics.py:204: FitFailedWarning: Metric 'make_scorer(roc_auc_score, response_method=('decision_function', 'predict_proba'), average=weighted, multi_class=ovr)' failed and error score 0.0 has been returned instead. If this is a custom metric, this usually means that the error is in the metric code. Full exception below:
Traceback (most recent call last):
  File "C:\Users\ywcho\AppData\Local\Programs\Python\Python311\Lib\site-packages\pycaret\internal\metrics.py", line 196, in _score
    return super()._score(
           ^^^^^^^^^^^^^^^
  File "C:\Users\ywcho\AppData\Local\Programs\Python\Python311\Lib\site-packages\sklearn\metrics\_scorer.py", line 350, in _score
    return self._sign * self._score_func(y_true, y_pred, **scoring_kwargs)
                        ^^^^^^^^^^^^^^^^^^^^^^^^^^^^^^^^^^^^^^^^^^^^^^^^^^
  File "C:\Users\ywcho\AppData\Local\Programs\Python\Python311\Lib\site-packages\pycaret\internal\metrics.py", line 144, in __call__
    return self.score_func(y_true, y_pred, **kwargs)
           ^^^^^^^^^^^^^^^^^^^^^^^^^^^^^^^^^^^^^^^^^
  File "C:\Users\ywcho\AppData\Local\Programs\Python\Python311\Lib\site-packages\sklearn\utils\_param_validation.py", line 213, in wrapper
    return func(*args, **kwargs)
           ^^^^^^^^^^^^^^^^^^^^^
  File "C:\Users\ywcho\AppData\Local\Programs\Python\Python311\Lib\site-packages\sklearn\metrics\_ranking.py", line 634, in roc_auc_score
    return _multiclass_roc_auc_score(
           ^^^^^^^^^^^^^^^^^^^^^^^^^^
  File "C:\Users\ywcho\AppData\Local\Programs\Python\Python311\Lib\site-packages\sklearn\metrics\_ranking.py", line 707, in _multiclass_roc_auc_score
    raise ValueError(
ValueError: Target scores need to be probabilities for multiclass roc_auc, i.e. they should sum up to 1.0 over classes

  warnings.warn(

2025-12-04 15:38:50,059:WARNING:C:\Users\ywcho\AppData\Local\Programs\Python\Python311\Lib\site-packages\sklearn\metrics\_classification.py:1561: UserWarning: Note that pos_label (set to 'turkish') is ignored when average != 'binary' (got 'weighted'). You may use labels=[pos_label] to specify a single positive class.
  warnings.warn(

2025-12-04 15:38:50,063:WARNING:C:\Users\ywcho\AppData\Local\Programs\Python\Python311\Lib\site-packages\pycaret\internal\metrics.py:204: FitFailedWarning: Metric 'make_scorer(roc_auc_score, response_method=('decision_function', 'predict_proba'), average=weighted, multi_class=ovr)' failed and error score 0.0 has been returned instead. If this is a custom metric, this usually means that the error is in the metric code. Full exception below:
Traceback (most recent call last):
  File "C:\Users\ywcho\AppData\Local\Programs\Python\Python311\Lib\site-packages\pycaret\internal\metrics.py", line 196, in _score
    return super()._score(
           ^^^^^^^^^^^^^^^
  File "C:\Users\ywcho\AppData\Local\Programs\Python\Python311\Lib\site-packages\sklearn\metrics\_scorer.py", line 350, in _score
    return self._sign * self._score_func(y_true, y_pred, **scoring_kwargs)
                        ^^^^^^^^^^^^^^^^^^^^^^^^^^^^^^^^^^^^^^^^^^^^^^^^^^
  File "C:\Users\ywcho\AppData\Local\Programs\Python\Python311\Lib\site-packages\pycaret\internal\metrics.py", line 144, in __call__
    return self.score_func(y_true, y_pred, **kwargs)
           ^^^^^^^^^^^^^^^^^^^^^^^^^^^^^^^^^^^^^^^^^
  File "C:\Users\ywcho\AppData\Local\Programs\Python\Python311\Lib\site-packages\sklearn\utils\_param_validation.py", line 213, in wrapper
    return func(*args, **kwargs)
           ^^^^^^^^^^^^^^^^^^^^^
  File "C:\Users\ywcho\AppData\Local\Programs\Python\Python311\Lib\site-packages\sklearn\metrics\_ranking.py", line 634, in roc_auc_score
    return _multiclass_roc_auc_score(
           ^^^^^^^^^^^^^^^^^^^^^^^^^^
  File "C:\Users\ywcho\AppData\Local\Programs\Python\Python311\Lib\site-packages\sklearn\metrics\_ranking.py", line 707, in _multiclass_roc_auc_score
    raise ValueError(
ValueError: Target scores need to be probabilities for multiclass roc_auc, i.e. they should sum up to 1.0 over classes

  warnings.warn(

2025-12-04 15:38:50,065:WARNING:C:\Users\ywcho\AppData\Local\Programs\Python\Python311\Lib\site-packages\sklearn\metrics\_classification.py:1509: UndefinedMetricWarning: Precision is ill-defined and being set to 0.0 in labels with no predicted samples. Use `zero_division` parameter to control this behavior.
  _warn_prf(average, modifier, f"{metric.capitalize()} is", len(result))

2025-12-04 15:38:50,065:WARNING:C:\Users\ywcho\AppData\Local\Programs\Python\Python311\Lib\site-packages\sklearn\metrics\_classification.py:1561: UserWarning: Note that pos_label (set to 'turkish') is ignored when average != 'binary' (got 'weighted'). You may use labels=[pos_label] to specify a single positive class.
  warnings.warn(

2025-12-04 15:38:50,065:WARNING:C:\Users\ywcho\AppData\Local\Programs\Python\Python311\Lib\site-packages\sklearn\metrics\_classification.py:1561: UserWarning: Note that pos_label (set to 'turkish') is ignored when average != 'binary' (got 'weighted'). You may use labels=[pos_label] to specify a single positive class.
  warnings.warn(

2025-12-04 15:38:50,065:WARNING:C:\Users\ywcho\AppData\Local\Programs\Python\Python311\Lib\site-packages\sklearn\metrics\_classification.py:1509: UndefinedMetricWarning: Precision is ill-defined and being set to 0.0 in labels with no predicted samples. Use `zero_division` parameter to control this behavior.
  _warn_prf(average, modifier, f"{metric.capitalize()} is", len(result))

2025-12-04 15:38:50,065:WARNING:C:\Users\ywcho\AppData\Local\Programs\Python\Python311\Lib\site-packages\sklearn\metrics\_classification.py:1561: UserWarning: Note that pos_label (set to 'turkish') is ignored when average != 'binary' (got 'weighted'). You may use labels=[pos_label] to specify a single positive class.
  warnings.warn(

2025-12-04 15:38:50,069:WARNING:C:\Users\ywcho\AppData\Local\Programs\Python\Python311\Lib\site-packages\pycaret\internal\metrics.py:204: FitFailedWarning: Metric 'make_scorer(roc_auc_score, response_method=('decision_function', 'predict_proba'), average=weighted, multi_class=ovr)' failed and error score 0.0 has been returned instead. If this is a custom metric, this usually means that the error is in the metric code. Full exception below:
Traceback (most recent call last):
  File "C:\Users\ywcho\AppData\Local\Programs\Python\Python311\Lib\site-packages\pycaret\internal\metrics.py", line 196, in _score
    return super()._score(
           ^^^^^^^^^^^^^^^
  File "C:\Users\ywcho\AppData\Local\Programs\Python\Python311\Lib\site-packages\sklearn\metrics\_scorer.py", line 350, in _score
    return self._sign * self._score_func(y_true, y_pred, **scoring_kwargs)
                        ^^^^^^^^^^^^^^^^^^^^^^^^^^^^^^^^^^^^^^^^^^^^^^^^^^
  File "C:\Users\ywcho\AppData\Local\Programs\Python\Python311\Lib\site-packages\pycaret\internal\metrics.py", line 144, in __call__
    return self.score_func(y_true, y_pred, **kwargs)
           ^^^^^^^^^^^^^^^^^^^^^^^^^^^^^^^^^^^^^^^^^
  File "C:\Users\ywcho\AppData\Local\Programs\Python\Python311\Lib\site-packages\sklearn\utils\_param_validation.py", line 213, in wrapper
    return func(*args, **kwargs)
           ^^^^^^^^^^^^^^^^^^^^^
  File "C:\Users\ywcho\AppData\Local\Programs\Python\Python311\Lib\site-packages\sklearn\metrics\_ranking.py", line 634, in roc_auc_score
    return _multiclass_roc_auc_score(
           ^^^^^^^^^^^^^^^^^^^^^^^^^^
  File "C:\Users\ywcho\AppData\Local\Programs\Python\Python311\Lib\site-packages\sklearn\metrics\_ranking.py", line 707, in _multiclass_roc_auc_score
    raise ValueError(
ValueError: Target scores need to be probabilities for multiclass roc_auc, i.e. they should sum up to 1.0 over classes

  warnings.warn(

2025-12-04 15:38:50,071:WARNING:C:\Users\ywcho\AppData\Local\Programs\Python\Python311\Lib\site-packages\sklearn\metrics\_classification.py:1561: UserWarning: Note that pos_label (set to 'turkish') is ignored when average != 'binary' (got 'weighted'). You may use labels=[pos_label] to specify a single positive class.
  warnings.warn(

2025-12-04 15:38:50,073:WARNING:C:\Users\ywcho\AppData\Local\Programs\Python\Python311\Lib\site-packages\sklearn\metrics\_classification.py:1561: UserWarning: Note that pos_label (set to 'turkish') is ignored when average != 'binary' (got 'weighted'). You may use labels=[pos_label] to specify a single positive class.
  warnings.warn(

2025-12-04 15:38:50,073:WARNING:C:\Users\ywcho\AppData\Local\Programs\Python\Python311\Lib\site-packages\sklearn\metrics\_classification.py:1561: UserWarning: Note that pos_label (set to 'turkish') is ignored when average != 'binary' (got 'weighted'). You may use labels=[pos_label] to specify a single positive class.
  warnings.warn(

2025-12-04 15:38:50,077:WARNING:C:\Users\ywcho\AppData\Local\Programs\Python\Python311\Lib\site-packages\pycaret\internal\metrics.py:204: FitFailedWarning: Metric 'make_scorer(roc_auc_score, response_method=('decision_function', 'predict_proba'), average=weighted, multi_class=ovr)' failed and error score 0.0 has been returned instead. If this is a custom metric, this usually means that the error is in the metric code. Full exception below:
Traceback (most recent call last):
  File "C:\Users\ywcho\AppData\Local\Programs\Python\Python311\Lib\site-packages\pycaret\internal\metrics.py", line 196, in _score
    return super()._score(
           ^^^^^^^^^^^^^^^
  File "C:\Users\ywcho\AppData\Local\Programs\Python\Python311\Lib\site-packages\sklearn\metrics\_scorer.py", line 350, in _score
    return self._sign * self._score_func(y_true, y_pred, **scoring_kwargs)
                        ^^^^^^^^^^^^^^^^^^^^^^^^^^^^^^^^^^^^^^^^^^^^^^^^^^
  File "C:\Users\ywcho\AppData\Local\Programs\Python\Python311\Lib\site-packages\pycaret\internal\metrics.py", line 144, in __call__
    return self.score_func(y_true, y_pred, **kwargs)
           ^^^^^^^^^^^^^^^^^^^^^^^^^^^^^^^^^^^^^^^^^
  File "C:\Users\ywcho\AppData\Local\Programs\Python\Python311\Lib\site-packages\sklearn\utils\_param_validation.py", line 213, in wrapper
    return func(*args, **kwargs)
           ^^^^^^^^^^^^^^^^^^^^^
  File "C:\Users\ywcho\AppData\Local\Programs\Python\Python311\Lib\site-packages\sklearn\metrics\_ranking.py", line 634, in roc_auc_score
    return _multiclass_roc_auc_score(
           ^^^^^^^^^^^^^^^^^^^^^^^^^^
  File "C:\Users\ywcho\AppData\Local\Programs\Python\Python311\Lib\site-packages\sklearn\metrics\_ranking.py", line 707, in _multiclass_roc_auc_score
    raise ValueError(
ValueError: Target scores need to be probabilities for multiclass roc_auc, i.e. they should sum up to 1.0 over classes

  warnings.warn(

2025-12-04 15:38:50,077:WARNING:C:\Users\ywcho\AppData\Local\Programs\Python\Python311\Lib\site-packages\sklearn\metrics\_classification.py:1561: UserWarning: Note that pos_label (set to 'turkish') is ignored when average != 'binary' (got 'weighted'). You may use labels=[pos_label] to specify a single positive class.
  warnings.warn(

2025-12-04 15:38:50,077:WARNING:C:\Users\ywcho\AppData\Local\Programs\Python\Python311\Lib\site-packages\sklearn\metrics\_classification.py:1561: UserWarning: Note that pos_label (set to 'turkish') is ignored when average != 'binary' (got 'weighted'). You may use labels=[pos_label] to specify a single positive class.
  warnings.warn(

2025-12-04 15:38:50,082:WARNING:C:\Users\ywcho\AppData\Local\Programs\Python\Python311\Lib\site-packages\sklearn\metrics\_classification.py:1561: UserWarning: Note that pos_label (set to 'turkish') is ignored when average != 'binary' (got 'weighted'). You may use labels=[pos_label] to specify a single positive class.
  warnings.warn(

2025-12-04 15:38:50,086:WARNING:C:\Users\ywcho\AppData\Local\Programs\Python\Python311\Lib\site-packages\sklearn\metrics\_classification.py:1509: UndefinedMetricWarning: Precision is ill-defined and being set to 0.0 in labels with no predicted samples. Use `zero_division` parameter to control this behavior.
  _warn_prf(average, modifier, f"{metric.capitalize()} is", len(result))

2025-12-04 15:38:50,087:WARNING:C:\Users\ywcho\AppData\Local\Programs\Python\Python311\Lib\site-packages\sklearn\metrics\_classification.py:1561: UserWarning: Note that pos_label (set to 'turkish') is ignored when average != 'binary' (got 'weighted'). You may use labels=[pos_label] to specify a single positive class.
  warnings.warn(

2025-12-04 15:38:50,091:WARNING:C:\Users\ywcho\AppData\Local\Programs\Python\Python311\Lib\site-packages\sklearn\metrics\_classification.py:1561: UserWarning: Note that pos_label (set to 'turkish') is ignored when average != 'binary' (got 'weighted'). You may use labels=[pos_label] to specify a single positive class.
  warnings.warn(

2025-12-04 15:38:50,093:WARNING:C:\Users\ywcho\AppData\Local\Programs\Python\Python311\Lib\site-packages\sklearn\metrics\_classification.py:1561: UserWarning: Note that pos_label (set to 'turkish') is ignored when average != 'binary' (got 'weighted'). You may use labels=[pos_label] to specify a single positive class.
  warnings.warn(

2025-12-04 15:38:50,094:WARNING:C:\Users\ywcho\AppData\Local\Programs\Python\Python311\Lib\site-packages\pycaret\internal\metrics.py:204: FitFailedWarning: Metric 'make_scorer(roc_auc_score, response_method=('decision_function', 'predict_proba'), average=weighted, multi_class=ovr)' failed and error score 0.0 has been returned instead. If this is a custom metric, this usually means that the error is in the metric code. Full exception below:
Traceback (most recent call last):
  File "C:\Users\ywcho\AppData\Local\Programs\Python\Python311\Lib\site-packages\pycaret\internal\metrics.py", line 196, in _score
    return super()._score(
           ^^^^^^^^^^^^^^^
  File "C:\Users\ywcho\AppData\Local\Programs\Python\Python311\Lib\site-packages\sklearn\metrics\_scorer.py", line 350, in _score
    return self._sign * self._score_func(y_true, y_pred, **scoring_kwargs)
                        ^^^^^^^^^^^^^^^^^^^^^^^^^^^^^^^^^^^^^^^^^^^^^^^^^^
  File "C:\Users\ywcho\AppData\Local\Programs\Python\Python311\Lib\site-packages\pycaret\internal\metrics.py", line 144, in __call__
    return self.score_func(y_true, y_pred, **kwargs)
           ^^^^^^^^^^^^^^^^^^^^^^^^^^^^^^^^^^^^^^^^^
  File "C:\Users\ywcho\AppData\Local\Programs\Python\Python311\Lib\site-packages\sklearn\utils\_param_validation.py", line 213, in wrapper
    return func(*args, **kwargs)
           ^^^^^^^^^^^^^^^^^^^^^
  File "C:\Users\ywcho\AppData\Local\Programs\Python\Python311\Lib\site-packages\sklearn\metrics\_ranking.py", line 634, in roc_auc_score
    return _multiclass_roc_auc_score(
           ^^^^^^^^^^^^^^^^^^^^^^^^^^
  File "C:\Users\ywcho\AppData\Local\Programs\Python\Python311\Lib\site-packages\sklearn\metrics\_ranking.py", line 707, in _multiclass_roc_auc_score
    raise ValueError(
ValueError: Target scores need to be probabilities for multiclass roc_auc, i.e. they should sum up to 1.0 over classes

  warnings.warn(

2025-12-04 15:38:50,094:WARNING:C:\Users\ywcho\AppData\Local\Programs\Python\Python311\Lib\site-packages\sklearn\metrics\_classification.py:1509: UndefinedMetricWarning: Precision is ill-defined and being set to 0.0 in labels with no predicted samples. Use `zero_division` parameter to control this behavior.
  _warn_prf(average, modifier, f"{metric.capitalize()} is", len(result))

2025-12-04 15:38:50,096:WARNING:C:\Users\ywcho\AppData\Local\Programs\Python\Python311\Lib\site-packages\sklearn\metrics\_classification.py:1561: UserWarning: Note that pos_label (set to 'turkish') is ignored when average != 'binary' (got 'weighted'). You may use labels=[pos_label] to specify a single positive class.
  warnings.warn(

2025-12-04 15:38:50,100:WARNING:C:\Users\ywcho\AppData\Local\Programs\Python\Python311\Lib\site-packages\sklearn\metrics\_classification.py:1561: UserWarning: Note that pos_label (set to 'turkish') is ignored when average != 'binary' (got 'weighted'). You may use labels=[pos_label] to specify a single positive class.
  warnings.warn(

2025-12-04 15:38:50,100:WARNING:C:\Users\ywcho\AppData\Local\Programs\Python\Python311\Lib\site-packages\sklearn\metrics\_classification.py:1509: UndefinedMetricWarning: Precision is ill-defined and being set to 0.0 in labels with no predicted samples. Use `zero_division` parameter to control this behavior.
  _warn_prf(average, modifier, f"{metric.capitalize()} is", len(result))

2025-12-04 15:38:50,100:WARNING:C:\Users\ywcho\AppData\Local\Programs\Python\Python311\Lib\site-packages\sklearn\metrics\_classification.py:1561: UserWarning: Note that pos_label (set to 'turkish') is ignored when average != 'binary' (got 'weighted'). You may use labels=[pos_label] to specify a single positive class.
  warnings.warn(

2025-12-04 15:38:50,102:WARNING:C:\Users\ywcho\AppData\Local\Programs\Python\Python311\Lib\site-packages\sklearn\metrics\_classification.py:1509: UndefinedMetricWarning: Precision is ill-defined and being set to 0.0 in labels with no predicted samples. Use `zero_division` parameter to control this behavior.
  _warn_prf(average, modifier, f"{metric.capitalize()} is", len(result))

2025-12-04 15:38:50,104:WARNING:C:\Users\ywcho\AppData\Local\Programs\Python\Python311\Lib\site-packages\sklearn\metrics\_classification.py:1561: UserWarning: Note that pos_label (set to 'turkish') is ignored when average != 'binary' (got 'weighted'). You may use labels=[pos_label] to specify a single positive class.
  warnings.warn(

2025-12-04 15:38:50,108:WARNING:C:\Users\ywcho\AppData\Local\Programs\Python\Python311\Lib\site-packages\sklearn\metrics\_classification.py:1561: UserWarning: Note that pos_label (set to 'turkish') is ignored when average != 'binary' (got 'weighted'). You may use labels=[pos_label] to specify a single positive class.
  warnings.warn(

2025-12-04 15:38:50,110:WARNING:C:\Users\ywcho\AppData\Local\Programs\Python\Python311\Lib\site-packages\sklearn\metrics\_classification.py:1561: UserWarning: Note that pos_label (set to 'turkish') is ignored when average != 'binary' (got 'weighted'). You may use labels=[pos_label] to specify a single positive class.
  warnings.warn(

2025-12-04 15:38:50,116:WARNING:C:\Users\ywcho\AppData\Local\Programs\Python\Python311\Lib\site-packages\sklearn\metrics\_classification.py:1509: UndefinedMetricWarning: Precision is ill-defined and being set to 0.0 in labels with no predicted samples. Use `zero_division` parameter to control this behavior.
  _warn_prf(average, modifier, f"{metric.capitalize()} is", len(result))

2025-12-04 15:38:50,118:WARNING:C:\Users\ywcho\AppData\Local\Programs\Python\Python311\Lib\site-packages\sklearn\metrics\_classification.py:1561: UserWarning: Note that pos_label (set to 'turkish') is ignored when average != 'binary' (got 'weighted'). You may use labels=[pos_label] to specify a single positive class.
  warnings.warn(

2025-12-04 15:38:50,138:INFO:Calculating mean and std
2025-12-04 15:38:50,138:INFO:Creating metrics dataframe
2025-12-04 15:38:50,138:INFO:Uploading results into container
2025-12-04 15:38:50,138:INFO:Uploading model into container now
2025-12-04 15:38:50,141:INFO:_master_model_container: 6
2025-12-04 15:38:50,141:INFO:_display_container: 2
2025-12-04 15:38:50,141:INFO:RidgeClassifier(alpha=1.0, class_weight=None, copy_X=True, fit_intercept=True,
                max_iter=None, positive=False, random_state=42, solver='auto',
                tol=0.0001)
2025-12-04 15:38:50,141:INFO:create_model() successfully completed......................................
2025-12-04 15:38:50,227:INFO:SubProcess create_model() end ==================================
2025-12-04 15:38:50,227:INFO:Creating metrics dataframe
2025-12-04 15:38:50,227:INFO:Initializing Random Forest Classifier
2025-12-04 15:38:50,227:INFO:Total runtime is 0.2950188517570495 minutes
2025-12-04 15:38:50,227:INFO:SubProcess create_model() called ==================================
2025-12-04 15:38:50,227:INFO:Initializing create_model()
2025-12-04 15:38:50,227:INFO:create_model(self=<pycaret.classification.oop.ClassificationExperiment object at 0x000002A1B340F610>, estimator=rf, fold=StratifiedKFold(n_splits=10, random_state=None, shuffle=False), round=4, cross_validation=True, predict=True, fit_kwargs={}, groups=None, refit=False, probability_threshold=None, experiment_custom_tags=None, verbose=False, system=False, add_to_model_list=True, metrics=None, display=<pycaret.internal.display.display.CommonDisplay object at 0x000002A1ED63DA50>, model_only=True, return_train_score=False, error_score=0.0, kwargs={})
2025-12-04 15:38:50,227:INFO:Checking exceptions
2025-12-04 15:38:50,227:INFO:Importing libraries
2025-12-04 15:38:50,227:INFO:Copying training dataset
2025-12-04 15:38:50,227:INFO:Defining folds
2025-12-04 15:38:50,227:INFO:Declaring metric variables
2025-12-04 15:38:50,227:INFO:Importing untrained model
2025-12-04 15:38:50,227:INFO:Random Forest Classifier Imported successfully
2025-12-04 15:38:50,227:INFO:Starting cross validation
2025-12-04 15:38:50,227:INFO:Cross validating with StratifiedKFold(n_splits=10, random_state=None, shuffle=False), n_jobs=-1
2025-12-04 15:38:50,504:WARNING:C:\Users\ywcho\AppData\Local\Programs\Python\Python311\Lib\site-packages\numpy\core\_methods.py:187: RuntimeWarning: overflow encountered in reduce
  ret = umr_sum(x, axis, dtype, out, keepdims=keepdims, where=where)

2025-12-04 15:38:50,506:WARNING:C:\Users\ywcho\AppData\Local\Programs\Python\Python311\Lib\site-packages\numpy\core\_methods.py:187: RuntimeWarning: overflow encountered in reduce
  ret = umr_sum(x, axis, dtype, out, keepdims=keepdims, where=where)

2025-12-04 15:38:50,511:WARNING:C:\Users\ywcho\AppData\Local\Programs\Python\Python311\Lib\site-packages\numpy\core\_methods.py:187: RuntimeWarning: overflow encountered in reduce
  ret = umr_sum(x, axis, dtype, out, keepdims=keepdims, where=where)

2025-12-04 15:38:50,529:WARNING:C:\Users\ywcho\AppData\Local\Programs\Python\Python311\Lib\site-packages\numpy\core\_methods.py:187: RuntimeWarning: overflow encountered in reduce
  ret = umr_sum(x, axis, dtype, out, keepdims=keepdims, where=where)

2025-12-04 15:38:50,533:WARNING:C:\Users\ywcho\AppData\Local\Programs\Python\Python311\Lib\site-packages\numpy\core\_methods.py:187: RuntimeWarning: overflow encountered in reduce
  ret = umr_sum(x, axis, dtype, out, keepdims=keepdims, where=where)

2025-12-04 15:38:50,535:WARNING:C:\Users\ywcho\AppData\Local\Programs\Python\Python311\Lib\site-packages\numpy\core\_methods.py:187: RuntimeWarning: overflow encountered in reduce
  ret = umr_sum(x, axis, dtype, out, keepdims=keepdims, where=where)

2025-12-04 15:38:50,541:WARNING:C:\Users\ywcho\AppData\Local\Programs\Python\Python311\Lib\site-packages\numpy\core\_methods.py:187: RuntimeWarning: overflow encountered in reduce
  ret = umr_sum(x, axis, dtype, out, keepdims=keepdims, where=where)

2025-12-04 15:38:50,553:WARNING:C:\Users\ywcho\AppData\Local\Programs\Python\Python311\Lib\site-packages\numpy\core\_methods.py:187: RuntimeWarning: overflow encountered in reduce
  ret = umr_sum(x, axis, dtype, out, keepdims=keepdims, where=where)

2025-12-04 15:38:50,561:WARNING:C:\Users\ywcho\AppData\Local\Programs\Python\Python311\Lib\site-packages\numpy\core\_methods.py:187: RuntimeWarning: overflow encountered in reduce
  ret = umr_sum(x, axis, dtype, out, keepdims=keepdims, where=where)

2025-12-04 15:38:50,585:WARNING:C:\Users\ywcho\AppData\Local\Programs\Python\Python311\Lib\site-packages\numpy\core\_methods.py:187: RuntimeWarning: overflow encountered in reduce
  ret = umr_sum(x, axis, dtype, out, keepdims=keepdims, where=where)

2025-12-04 15:39:02,676:WARNING:C:\Users\ywcho\AppData\Local\Programs\Python\Python311\Lib\site-packages\sklearn\metrics\_classification.py:1561: UserWarning: Note that pos_label (set to 'turkish') is ignored when average != 'binary' (got 'weighted'). You may use labels=[pos_label] to specify a single positive class.
  warnings.warn(

2025-12-04 15:39:02,709:WARNING:C:\Users\ywcho\AppData\Local\Programs\Python\Python311\Lib\site-packages\sklearn\metrics\_classification.py:1561: UserWarning: Note that pos_label (set to 'turkish') is ignored when average != 'binary' (got 'weighted'). You may use labels=[pos_label] to specify a single positive class.
  warnings.warn(

2025-12-04 15:39:02,732:WARNING:C:\Users\ywcho\AppData\Local\Programs\Python\Python311\Lib\site-packages\sklearn\metrics\_classification.py:1561: UserWarning: Note that pos_label (set to 'turkish') is ignored when average != 'binary' (got 'weighted'). You may use labels=[pos_label] to specify a single positive class.
  warnings.warn(

2025-12-04 15:39:02,786:WARNING:C:\Users\ywcho\AppData\Local\Programs\Python\Python311\Lib\site-packages\sklearn\metrics\_classification.py:1561: UserWarning: Note that pos_label (set to 'turkish') is ignored when average != 'binary' (got 'weighted'). You may use labels=[pos_label] to specify a single positive class.
  warnings.warn(

2025-12-04 15:39:02,800:WARNING:C:\Users\ywcho\AppData\Local\Programs\Python\Python311\Lib\site-packages\sklearn\metrics\_classification.py:1561: UserWarning: Note that pos_label (set to 'turkish') is ignored when average != 'binary' (got 'weighted'). You may use labels=[pos_label] to specify a single positive class.
  warnings.warn(

2025-12-04 15:39:02,822:WARNING:C:\Users\ywcho\AppData\Local\Programs\Python\Python311\Lib\site-packages\sklearn\metrics\_classification.py:1561: UserWarning: Note that pos_label (set to 'turkish') is ignored when average != 'binary' (got 'weighted'). You may use labels=[pos_label] to specify a single positive class.
  warnings.warn(

2025-12-04 15:39:02,848:WARNING:C:\Users\ywcho\AppData\Local\Programs\Python\Python311\Lib\site-packages\sklearn\metrics\_classification.py:1561: UserWarning: Note that pos_label (set to 'turkish') is ignored when average != 'binary' (got 'weighted'). You may use labels=[pos_label] to specify a single positive class.
  warnings.warn(

2025-12-04 15:39:02,867:WARNING:C:\Users\ywcho\AppData\Local\Programs\Python\Python311\Lib\site-packages\sklearn\metrics\_classification.py:1561: UserWarning: Note that pos_label (set to 'turkish') is ignored when average != 'binary' (got 'weighted'). You may use labels=[pos_label] to specify a single positive class.
  warnings.warn(

2025-12-04 15:39:02,891:WARNING:C:\Users\ywcho\AppData\Local\Programs\Python\Python311\Lib\site-packages\sklearn\metrics\_classification.py:1561: UserWarning: Note that pos_label (set to 'turkish') is ignored when average != 'binary' (got 'weighted'). You may use labels=[pos_label] to specify a single positive class.
  warnings.warn(

2025-12-04 15:39:02,909:WARNING:C:\Users\ywcho\AppData\Local\Programs\Python\Python311\Lib\site-packages\sklearn\metrics\_classification.py:1561: UserWarning: Note that pos_label (set to 'turkish') is ignored when average != 'binary' (got 'weighted'). You may use labels=[pos_label] to specify a single positive class.
  warnings.warn(

2025-12-04 15:39:02,913:WARNING:C:\Users\ywcho\AppData\Local\Programs\Python\Python311\Lib\site-packages\sklearn\metrics\_classification.py:1561: UserWarning: Note that pos_label (set to 'turkish') is ignored when average != 'binary' (got 'weighted'). You may use labels=[pos_label] to specify a single positive class.
  warnings.warn(

2025-12-04 15:39:02,938:WARNING:C:\Users\ywcho\AppData\Local\Programs\Python\Python311\Lib\site-packages\sklearn\metrics\_classification.py:1561: UserWarning: Note that pos_label (set to 'turkish') is ignored when average != 'binary' (got 'weighted'). You may use labels=[pos_label] to specify a single positive class.
  warnings.warn(

2025-12-04 15:39:02,940:WARNING:C:\Users\ywcho\AppData\Local\Programs\Python\Python311\Lib\site-packages\sklearn\metrics\_classification.py:1561: UserWarning: Note that pos_label (set to 'turkish') is ignored when average != 'binary' (got 'weighted'). You may use labels=[pos_label] to specify a single positive class.
  warnings.warn(

2025-12-04 15:39:02,951:WARNING:C:\Users\ywcho\AppData\Local\Programs\Python\Python311\Lib\site-packages\sklearn\metrics\_classification.py:1561: UserWarning: Note that pos_label (set to 'turkish') is ignored when average != 'binary' (got 'weighted'). You may use labels=[pos_label] to specify a single positive class.
  warnings.warn(

2025-12-04 15:39:02,942:WARNING:C:\Users\ywcho\AppData\Local\Programs\Python\Python311\Lib\site-packages\sklearn\metrics\_classification.py:1561: UserWarning: Note that pos_label (set to 'turkish') is ignored when average != 'binary' (got 'weighted'). You may use labels=[pos_label] to specify a single positive class.
  warnings.warn(

2025-12-04 15:39:02,964:WARNING:C:\Users\ywcho\AppData\Local\Programs\Python\Python311\Lib\site-packages\sklearn\metrics\_classification.py:1561: UserWarning: Note that pos_label (set to 'turkish') is ignored when average != 'binary' (got 'weighted'). You may use labels=[pos_label] to specify a single positive class.
  warnings.warn(

2025-12-04 15:39:02,975:WARNING:C:\Users\ywcho\AppData\Local\Programs\Python\Python311\Lib\site-packages\sklearn\metrics\_classification.py:1561: UserWarning: Note that pos_label (set to 'turkish') is ignored when average != 'binary' (got 'weighted'). You may use labels=[pos_label] to specify a single positive class.
  warnings.warn(

2025-12-04 15:39:02,978:WARNING:C:\Users\ywcho\AppData\Local\Programs\Python\Python311\Lib\site-packages\sklearn\metrics\_classification.py:1561: UserWarning: Note that pos_label (set to 'turkish') is ignored when average != 'binary' (got 'weighted'). You may use labels=[pos_label] to specify a single positive class.
  warnings.warn(

2025-12-04 15:39:02,980:WARNING:C:\Users\ywcho\AppData\Local\Programs\Python\Python311\Lib\site-packages\sklearn\metrics\_classification.py:1561: UserWarning: Note that pos_label (set to 'turkish') is ignored when average != 'binary' (got 'weighted'). You may use labels=[pos_label] to specify a single positive class.
  warnings.warn(

2025-12-04 15:39:02,984:WARNING:C:\Users\ywcho\AppData\Local\Programs\Python\Python311\Lib\site-packages\sklearn\metrics\_classification.py:1561: UserWarning: Note that pos_label (set to 'turkish') is ignored when average != 'binary' (got 'weighted'). You may use labels=[pos_label] to specify a single positive class.
  warnings.warn(

2025-12-04 15:39:02,987:WARNING:C:\Users\ywcho\AppData\Local\Programs\Python\Python311\Lib\site-packages\sklearn\metrics\_classification.py:1561: UserWarning: Note that pos_label (set to 'turkish') is ignored when average != 'binary' (got 'weighted'). You may use labels=[pos_label] to specify a single positive class.
  warnings.warn(

2025-12-04 15:39:03,000:WARNING:C:\Users\ywcho\AppData\Local\Programs\Python\Python311\Lib\site-packages\sklearn\metrics\_classification.py:1561: UserWarning: Note that pos_label (set to 'turkish') is ignored when average != 'binary' (got 'weighted'). You may use labels=[pos_label] to specify a single positive class.
  warnings.warn(

2025-12-04 15:39:03,000:WARNING:C:\Users\ywcho\AppData\Local\Programs\Python\Python311\Lib\site-packages\sklearn\metrics\_classification.py:1561: UserWarning: Note that pos_label (set to 'turkish') is ignored when average != 'binary' (got 'weighted'). You may use labels=[pos_label] to specify a single positive class.
  warnings.warn(

2025-12-04 15:39:03,002:WARNING:C:\Users\ywcho\AppData\Local\Programs\Python\Python311\Lib\site-packages\sklearn\metrics\_classification.py:1561: UserWarning: Note that pos_label (set to 'turkish') is ignored when average != 'binary' (got 'weighted'). You may use labels=[pos_label] to specify a single positive class.
  warnings.warn(

2025-12-04 15:39:03,010:WARNING:C:\Users\ywcho\AppData\Local\Programs\Python\Python311\Lib\site-packages\sklearn\metrics\_classification.py:1561: UserWarning: Note that pos_label (set to 'turkish') is ignored when average != 'binary' (got 'weighted'). You may use labels=[pos_label] to specify a single positive class.
  warnings.warn(

2025-12-04 15:39:03,020:WARNING:C:\Users\ywcho\AppData\Local\Programs\Python\Python311\Lib\site-packages\sklearn\metrics\_classification.py:1561: UserWarning: Note that pos_label (set to 'turkish') is ignored when average != 'binary' (got 'weighted'). You may use labels=[pos_label] to specify a single positive class.
  warnings.warn(

2025-12-04 15:39:03,028:WARNING:C:\Users\ywcho\AppData\Local\Programs\Python\Python311\Lib\site-packages\sklearn\metrics\_classification.py:1561: UserWarning: Note that pos_label (set to 'turkish') is ignored when average != 'binary' (got 'weighted'). You may use labels=[pos_label] to specify a single positive class.
  warnings.warn(

2025-12-04 15:39:03,043:WARNING:C:\Users\ywcho\AppData\Local\Programs\Python\Python311\Lib\site-packages\sklearn\metrics\_classification.py:1561: UserWarning: Note that pos_label (set to 'turkish') is ignored when average != 'binary' (got 'weighted'). You may use labels=[pos_label] to specify a single positive class.
  warnings.warn(

2025-12-04 15:39:03,060:WARNING:C:\Users\ywcho\AppData\Local\Programs\Python\Python311\Lib\site-packages\sklearn\metrics\_classification.py:1561: UserWarning: Note that pos_label (set to 'turkish') is ignored when average != 'binary' (got 'weighted'). You may use labels=[pos_label] to specify a single positive class.
  warnings.warn(

2025-12-04 15:39:03,075:WARNING:C:\Users\ywcho\AppData\Local\Programs\Python\Python311\Lib\site-packages\sklearn\metrics\_classification.py:1561: UserWarning: Note that pos_label (set to 'turkish') is ignored when average != 'binary' (got 'weighted'). You may use labels=[pos_label] to specify a single positive class.
  warnings.warn(

2025-12-04 15:39:03,106:INFO:Calculating mean and std
2025-12-04 15:39:03,114:INFO:Creating metrics dataframe
2025-12-04 15:39:03,123:INFO:Uploading results into container
2025-12-04 15:39:03,123:INFO:Uploading model into container now
2025-12-04 15:39:03,123:INFO:_master_model_container: 7
2025-12-04 15:39:03,123:INFO:_display_container: 2
2025-12-04 15:39:03,123:INFO:RandomForestClassifier(bootstrap=True, ccp_alpha=0.0, class_weight=None,
                       criterion='gini', max_depth=None, max_features='sqrt',
                       max_leaf_nodes=None, max_samples=None,
                       min_impurity_decrease=0.0, min_samples_leaf=1,
                       min_samples_split=2, min_weight_fraction_leaf=0.0,
                       monotonic_cst=None, n_estimators=100, n_jobs=-1,
                       oob_score=False, random_state=42, verbose=0,
                       warm_start=False)
2025-12-04 15:39:03,123:INFO:create_model() successfully completed......................................
2025-12-04 15:39:03,396:INFO:SubProcess create_model() end ==================================
2025-12-04 15:39:03,396:INFO:Creating metrics dataframe
2025-12-04 15:39:03,396:INFO:Initializing Quadratic Discriminant Analysis
2025-12-04 15:39:03,396:INFO:Total runtime is 0.5145130038261413 minutes
2025-12-04 15:39:03,396:INFO:SubProcess create_model() called ==================================
2025-12-04 15:39:03,396:INFO:Initializing create_model()
2025-12-04 15:39:03,396:INFO:create_model(self=<pycaret.classification.oop.ClassificationExperiment object at 0x000002A1B340F610>, estimator=qda, fold=StratifiedKFold(n_splits=10, random_state=None, shuffle=False), round=4, cross_validation=True, predict=True, fit_kwargs={}, groups=None, refit=False, probability_threshold=None, experiment_custom_tags=None, verbose=False, system=False, add_to_model_list=True, metrics=None, display=<pycaret.internal.display.display.CommonDisplay object at 0x000002A1ED63DA50>, model_only=True, return_train_score=False, error_score=0.0, kwargs={})
2025-12-04 15:39:03,396:INFO:Checking exceptions
2025-12-04 15:39:03,396:INFO:Importing libraries
2025-12-04 15:39:03,411:INFO:Copying training dataset
2025-12-04 15:39:03,423:INFO:Defining folds
2025-12-04 15:39:03,423:INFO:Declaring metric variables
2025-12-04 15:39:03,423:INFO:Importing untrained model
2025-12-04 15:39:03,423:INFO:Quadratic Discriminant Analysis Imported successfully
2025-12-04 15:39:03,423:INFO:Starting cross validation
2025-12-04 15:39:03,425:INFO:Cross validating with StratifiedKFold(n_splits=10, random_state=None, shuffle=False), n_jobs=-1
2025-12-04 15:39:03,792:WARNING:C:\Users\ywcho\AppData\Local\Programs\Python\Python311\Lib\site-packages\numpy\core\_methods.py:187: RuntimeWarning: overflow encountered in reduce
  ret = umr_sum(x, axis, dtype, out, keepdims=keepdims, where=where)

2025-12-04 15:39:03,814:WARNING:C:\Users\ywcho\AppData\Local\Programs\Python\Python311\Lib\site-packages\numpy\core\_methods.py:187: RuntimeWarning: overflow encountered in reduce
  ret = umr_sum(x, axis, dtype, out, keepdims=keepdims, where=where)

2025-12-04 15:39:03,814:WARNING:C:\Users\ywcho\AppData\Local\Programs\Python\Python311\Lib\site-packages\numpy\core\_methods.py:187: RuntimeWarning: overflow encountered in reduce
  ret = umr_sum(x, axis, dtype, out, keepdims=keepdims, where=where)

2025-12-04 15:39:03,820:WARNING:C:\Users\ywcho\AppData\Local\Programs\Python\Python311\Lib\site-packages\numpy\core\_methods.py:187: RuntimeWarning: overflow encountered in reduce
  ret = umr_sum(x, axis, dtype, out, keepdims=keepdims, where=where)

2025-12-04 15:39:03,821:WARNING:C:\Users\ywcho\AppData\Local\Programs\Python\Python311\Lib\site-packages\numpy\core\_methods.py:187: RuntimeWarning: overflow encountered in reduce
  ret = umr_sum(x, axis, dtype, out, keepdims=keepdims, where=where)

2025-12-04 15:39:03,827:WARNING:C:\Users\ywcho\AppData\Local\Programs\Python\Python311\Lib\site-packages\numpy\core\_methods.py:187: RuntimeWarning: overflow encountered in reduce
  ret = umr_sum(x, axis, dtype, out, keepdims=keepdims, where=where)

2025-12-04 15:39:03,831:WARNING:C:\Users\ywcho\AppData\Local\Programs\Python\Python311\Lib\site-packages\numpy\core\_methods.py:187: RuntimeWarning: overflow encountered in reduce
  ret = umr_sum(x, axis, dtype, out, keepdims=keepdims, where=where)

2025-12-04 15:39:03,833:WARNING:C:\Users\ywcho\AppData\Local\Programs\Python\Python311\Lib\site-packages\numpy\core\_methods.py:187: RuntimeWarning: overflow encountered in reduce
  ret = umr_sum(x, axis, dtype, out, keepdims=keepdims, where=where)

2025-12-04 15:39:03,843:WARNING:C:\Users\ywcho\AppData\Local\Programs\Python\Python311\Lib\site-packages\numpy\core\_methods.py:187: RuntimeWarning: overflow encountered in reduce
  ret = umr_sum(x, axis, dtype, out, keepdims=keepdims, where=where)

2025-12-04 15:39:03,847:WARNING:C:\Users\ywcho\AppData\Local\Programs\Python\Python311\Lib\site-packages\numpy\core\_methods.py:187: RuntimeWarning: overflow encountered in reduce
  ret = umr_sum(x, axis, dtype, out, keepdims=keepdims, where=where)

2025-12-04 15:39:03,888:WARNING:C:\Users\ywcho\AppData\Local\Programs\Python\Python311\Lib\site-packages\pycaret\internal\metrics.py:204: FitFailedWarning: Metric 'make_scorer(roc_auc_score, response_method=('decision_function', 'predict_proba'), average=weighted, multi_class=ovr)' failed and error score 0.0 has been returned instead. If this is a custom metric, this usually means that the error is in the metric code. Full exception below:
Traceback (most recent call last):
  File "C:\Users\ywcho\AppData\Local\Programs\Python\Python311\Lib\site-packages\pycaret\internal\metrics.py", line 196, in _score
    return super()._score(
           ^^^^^^^^^^^^^^^
  File "C:\Users\ywcho\AppData\Local\Programs\Python\Python311\Lib\site-packages\sklearn\metrics\_scorer.py", line 350, in _score
    return self._sign * self._score_func(y_true, y_pred, **scoring_kwargs)
                        ^^^^^^^^^^^^^^^^^^^^^^^^^^^^^^^^^^^^^^^^^^^^^^^^^^
  File "C:\Users\ywcho\AppData\Local\Programs\Python\Python311\Lib\site-packages\pycaret\internal\metrics.py", line 144, in __call__
    return self.score_func(y_true, y_pred, **kwargs)
           ^^^^^^^^^^^^^^^^^^^^^^^^^^^^^^^^^^^^^^^^^
  File "C:\Users\ywcho\AppData\Local\Programs\Python\Python311\Lib\site-packages\sklearn\utils\_param_validation.py", line 213, in wrapper
    return func(*args, **kwargs)
           ^^^^^^^^^^^^^^^^^^^^^
  File "C:\Users\ywcho\AppData\Local\Programs\Python\Python311\Lib\site-packages\sklearn\metrics\_ranking.py", line 634, in roc_auc_score
    return _multiclass_roc_auc_score(
           ^^^^^^^^^^^^^^^^^^^^^^^^^^
  File "C:\Users\ywcho\AppData\Local\Programs\Python\Python311\Lib\site-packages\sklearn\metrics\_ranking.py", line 707, in _multiclass_roc_auc_score
    raise ValueError(
ValueError: Target scores need to be probabilities for multiclass roc_auc, i.e. they should sum up to 1.0 over classes

  warnings.warn(

2025-12-04 15:39:03,896:WARNING:C:\Users\ywcho\AppData\Local\Programs\Python\Python311\Lib\site-packages\sklearn\metrics\_classification.py:1561: UserWarning: Note that pos_label (set to 'turkish') is ignored when average != 'binary' (got 'weighted'). You may use labels=[pos_label] to specify a single positive class.
  warnings.warn(

2025-12-04 15:39:03,905:WARNING:C:\Users\ywcho\AppData\Local\Programs\Python\Python311\Lib\site-packages\pycaret\internal\metrics.py:204: FitFailedWarning: Metric 'make_scorer(roc_auc_score, response_method=('decision_function', 'predict_proba'), average=weighted, multi_class=ovr)' failed and error score 0.0 has been returned instead. If this is a custom metric, this usually means that the error is in the metric code. Full exception below:
Traceback (most recent call last):
  File "C:\Users\ywcho\AppData\Local\Programs\Python\Python311\Lib\site-packages\pycaret\internal\metrics.py", line 196, in _score
    return super()._score(
           ^^^^^^^^^^^^^^^
  File "C:\Users\ywcho\AppData\Local\Programs\Python\Python311\Lib\site-packages\sklearn\metrics\_scorer.py", line 350, in _score
    return self._sign * self._score_func(y_true, y_pred, **scoring_kwargs)
                        ^^^^^^^^^^^^^^^^^^^^^^^^^^^^^^^^^^^^^^^^^^^^^^^^^^
  File "C:\Users\ywcho\AppData\Local\Programs\Python\Python311\Lib\site-packages\pycaret\internal\metrics.py", line 144, in __call__
    return self.score_func(y_true, y_pred, **kwargs)
           ^^^^^^^^^^^^^^^^^^^^^^^^^^^^^^^^^^^^^^^^^
  File "C:\Users\ywcho\AppData\Local\Programs\Python\Python311\Lib\site-packages\sklearn\utils\_param_validation.py", line 213, in wrapper
    return func(*args, **kwargs)
           ^^^^^^^^^^^^^^^^^^^^^
  File "C:\Users\ywcho\AppData\Local\Programs\Python\Python311\Lib\site-packages\sklearn\metrics\_ranking.py", line 634, in roc_auc_score
    return _multiclass_roc_auc_score(
           ^^^^^^^^^^^^^^^^^^^^^^^^^^
  File "C:\Users\ywcho\AppData\Local\Programs\Python\Python311\Lib\site-packages\sklearn\metrics\_ranking.py", line 707, in _multiclass_roc_auc_score
    raise ValueError(
ValueError: Target scores need to be probabilities for multiclass roc_auc, i.e. they should sum up to 1.0 over classes

  warnings.warn(

2025-12-04 15:39:03,912:WARNING:C:\Users\ywcho\AppData\Local\Programs\Python\Python311\Lib\site-packages\pycaret\internal\metrics.py:204: FitFailedWarning: Metric 'make_scorer(roc_auc_score, response_method=('decision_function', 'predict_proba'), average=weighted, multi_class=ovr)' failed and error score 0.0 has been returned instead. If this is a custom metric, this usually means that the error is in the metric code. Full exception below:
Traceback (most recent call last):
  File "C:\Users\ywcho\AppData\Local\Programs\Python\Python311\Lib\site-packages\pycaret\internal\metrics.py", line 196, in _score
    return super()._score(
           ^^^^^^^^^^^^^^^
  File "C:\Users\ywcho\AppData\Local\Programs\Python\Python311\Lib\site-packages\sklearn\metrics\_scorer.py", line 350, in _score
    return self._sign * self._score_func(y_true, y_pred, **scoring_kwargs)
                        ^^^^^^^^^^^^^^^^^^^^^^^^^^^^^^^^^^^^^^^^^^^^^^^^^^
  File "C:\Users\ywcho\AppData\Local\Programs\Python\Python311\Lib\site-packages\pycaret\internal\metrics.py", line 144, in __call__
    return self.score_func(y_true, y_pred, **kwargs)
           ^^^^^^^^^^^^^^^^^^^^^^^^^^^^^^^^^^^^^^^^^
  File "C:\Users\ywcho\AppData\Local\Programs\Python\Python311\Lib\site-packages\sklearn\utils\_param_validation.py", line 213, in wrapper
    return func(*args, **kwargs)
           ^^^^^^^^^^^^^^^^^^^^^
  File "C:\Users\ywcho\AppData\Local\Programs\Python\Python311\Lib\site-packages\sklearn\metrics\_ranking.py", line 634, in roc_auc_score
    return _multiclass_roc_auc_score(
           ^^^^^^^^^^^^^^^^^^^^^^^^^^
  File "C:\Users\ywcho\AppData\Local\Programs\Python\Python311\Lib\site-packages\sklearn\metrics\_ranking.py", line 707, in _multiclass_roc_auc_score
    raise ValueError(
ValueError: Target scores need to be probabilities for multiclass roc_auc, i.e. they should sum up to 1.0 over classes

  warnings.warn(

2025-12-04 15:39:03,913:WARNING:C:\Users\ywcho\AppData\Local\Programs\Python\Python311\Lib\site-packages\sklearn\metrics\_classification.py:1561: UserWarning: Note that pos_label (set to 'turkish') is ignored when average != 'binary' (got 'weighted'). You may use labels=[pos_label] to specify a single positive class.
  warnings.warn(

2025-12-04 15:39:03,913:WARNING:C:\Users\ywcho\AppData\Local\Programs\Python\Python311\Lib\site-packages\sklearn\metrics\_classification.py:1561: UserWarning: Note that pos_label (set to 'turkish') is ignored when average != 'binary' (got 'weighted'). You may use labels=[pos_label] to specify a single positive class.
  warnings.warn(

2025-12-04 15:39:03,913:WARNING:C:\Users\ywcho\AppData\Local\Programs\Python\Python311\Lib\site-packages\pycaret\internal\metrics.py:204: FitFailedWarning: Metric 'make_scorer(roc_auc_score, response_method=('decision_function', 'predict_proba'), average=weighted, multi_class=ovr)' failed and error score 0.0 has been returned instead. If this is a custom metric, this usually means that the error is in the metric code. Full exception below:
Traceback (most recent call last):
  File "C:\Users\ywcho\AppData\Local\Programs\Python\Python311\Lib\site-packages\pycaret\internal\metrics.py", line 196, in _score
    return super()._score(
           ^^^^^^^^^^^^^^^
  File "C:\Users\ywcho\AppData\Local\Programs\Python\Python311\Lib\site-packages\sklearn\metrics\_scorer.py", line 350, in _score
    return self._sign * self._score_func(y_true, y_pred, **scoring_kwargs)
                        ^^^^^^^^^^^^^^^^^^^^^^^^^^^^^^^^^^^^^^^^^^^^^^^^^^
  File "C:\Users\ywcho\AppData\Local\Programs\Python\Python311\Lib\site-packages\pycaret\internal\metrics.py", line 144, in __call__
    return self.score_func(y_true, y_pred, **kwargs)
           ^^^^^^^^^^^^^^^^^^^^^^^^^^^^^^^^^^^^^^^^^
  File "C:\Users\ywcho\AppData\Local\Programs\Python\Python311\Lib\site-packages\sklearn\utils\_param_validation.py", line 213, in wrapper
    return func(*args, **kwargs)
           ^^^^^^^^^^^^^^^^^^^^^
  File "C:\Users\ywcho\AppData\Local\Programs\Python\Python311\Lib\site-packages\sklearn\metrics\_ranking.py", line 634, in roc_auc_score
    return _multiclass_roc_auc_score(
           ^^^^^^^^^^^^^^^^^^^^^^^^^^
  File "C:\Users\ywcho\AppData\Local\Programs\Python\Python311\Lib\site-packages\sklearn\metrics\_ranking.py", line 707, in _multiclass_roc_auc_score
    raise ValueError(
ValueError: Target scores need to be probabilities for multiclass roc_auc, i.e. they should sum up to 1.0 over classes

  warnings.warn(

2025-12-04 15:39:03,915:WARNING:C:\Users\ywcho\AppData\Local\Programs\Python\Python311\Lib\site-packages\pycaret\internal\metrics.py:204: FitFailedWarning: Metric 'make_scorer(roc_auc_score, response_method=('decision_function', 'predict_proba'), average=weighted, multi_class=ovr)' failed and error score 0.0 has been returned instead. If this is a custom metric, this usually means that the error is in the metric code. Full exception below:
Traceback (most recent call last):
  File "C:\Users\ywcho\AppData\Local\Programs\Python\Python311\Lib\site-packages\pycaret\internal\metrics.py", line 196, in _score
    return super()._score(
           ^^^^^^^^^^^^^^^
  File "C:\Users\ywcho\AppData\Local\Programs\Python\Python311\Lib\site-packages\sklearn\metrics\_scorer.py", line 350, in _score
    return self._sign * self._score_func(y_true, y_pred, **scoring_kwargs)
                        ^^^^^^^^^^^^^^^^^^^^^^^^^^^^^^^^^^^^^^^^^^^^^^^^^^
  File "C:\Users\ywcho\AppData\Local\Programs\Python\Python311\Lib\site-packages\pycaret\internal\metrics.py", line 144, in __call__
    return self.score_func(y_true, y_pred, **kwargs)
           ^^^^^^^^^^^^^^^^^^^^^^^^^^^^^^^^^^^^^^^^^
  File "C:\Users\ywcho\AppData\Local\Programs\Python\Python311\Lib\site-packages\sklearn\utils\_param_validation.py", line 213, in wrapper
    return func(*args, **kwargs)
           ^^^^^^^^^^^^^^^^^^^^^
  File "C:\Users\ywcho\AppData\Local\Programs\Python\Python311\Lib\site-packages\sklearn\metrics\_ranking.py", line 634, in roc_auc_score
    return _multiclass_roc_auc_score(
           ^^^^^^^^^^^^^^^^^^^^^^^^^^
  File "C:\Users\ywcho\AppData\Local\Programs\Python\Python311\Lib\site-packages\sklearn\metrics\_ranking.py", line 707, in _multiclass_roc_auc_score
    raise ValueError(
ValueError: Target scores need to be probabilities for multiclass roc_auc, i.e. they should sum up to 1.0 over classes

  warnings.warn(

2025-12-04 15:39:03,915:WARNING:C:\Users\ywcho\AppData\Local\Programs\Python\Python311\Lib\site-packages\pycaret\internal\metrics.py:204: FitFailedWarning: Metric 'make_scorer(roc_auc_score, response_method=('decision_function', 'predict_proba'), average=weighted, multi_class=ovr)' failed and error score 0.0 has been returned instead. If this is a custom metric, this usually means that the error is in the metric code. Full exception below:
Traceback (most recent call last):
  File "C:\Users\ywcho\AppData\Local\Programs\Python\Python311\Lib\site-packages\pycaret\internal\metrics.py", line 196, in _score
    return super()._score(
           ^^^^^^^^^^^^^^^
  File "C:\Users\ywcho\AppData\Local\Programs\Python\Python311\Lib\site-packages\sklearn\metrics\_scorer.py", line 350, in _score
    return self._sign * self._score_func(y_true, y_pred, **scoring_kwargs)
                        ^^^^^^^^^^^^^^^^^^^^^^^^^^^^^^^^^^^^^^^^^^^^^^^^^^
  File "C:\Users\ywcho\AppData\Local\Programs\Python\Python311\Lib\site-packages\pycaret\internal\metrics.py", line 144, in __call__
    return self.score_func(y_true, y_pred, **kwargs)
           ^^^^^^^^^^^^^^^^^^^^^^^^^^^^^^^^^^^^^^^^^
  File "C:\Users\ywcho\AppData\Local\Programs\Python\Python311\Lib\site-packages\sklearn\utils\_param_validation.py", line 213, in wrapper
    return func(*args, **kwargs)
           ^^^^^^^^^^^^^^^^^^^^^
  File "C:\Users\ywcho\AppData\Local\Programs\Python\Python311\Lib\site-packages\sklearn\metrics\_ranking.py", line 634, in roc_auc_score
    return _multiclass_roc_auc_score(
           ^^^^^^^^^^^^^^^^^^^^^^^^^^
  File "C:\Users\ywcho\AppData\Local\Programs\Python\Python311\Lib\site-packages\sklearn\metrics\_ranking.py", line 707, in _multiclass_roc_auc_score
    raise ValueError(
ValueError: Target scores need to be probabilities for multiclass roc_auc, i.e. they should sum up to 1.0 over classes

  warnings.warn(

2025-12-04 15:39:03,917:WARNING:C:\Users\ywcho\AppData\Local\Programs\Python\Python311\Lib\site-packages\sklearn\metrics\_classification.py:1561: UserWarning: Note that pos_label (set to 'turkish') is ignored when average != 'binary' (got 'weighted'). You may use labels=[pos_label] to specify a single positive class.
  warnings.warn(

2025-12-04 15:39:03,919:WARNING:C:\Users\ywcho\AppData\Local\Programs\Python\Python311\Lib\site-packages\sklearn\metrics\_classification.py:1561: UserWarning: Note that pos_label (set to 'turkish') is ignored when average != 'binary' (got 'weighted'). You may use labels=[pos_label] to specify a single positive class.
  warnings.warn(

2025-12-04 15:39:03,921:WARNING:C:\Users\ywcho\AppData\Local\Programs\Python\Python311\Lib\site-packages\sklearn\metrics\_classification.py:1561: UserWarning: Note that pos_label (set to 'turkish') is ignored when average != 'binary' (got 'weighted'). You may use labels=[pos_label] to specify a single positive class.
  warnings.warn(

2025-12-04 15:39:03,923:WARNING:C:\Users\ywcho\AppData\Local\Programs\Python\Python311\Lib\site-packages\sklearn\metrics\_classification.py:1561: UserWarning: Note that pos_label (set to 'turkish') is ignored when average != 'binary' (got 'weighted'). You may use labels=[pos_label] to specify a single positive class.
  warnings.warn(

2025-12-04 15:39:03,931:WARNING:C:\Users\ywcho\AppData\Local\Programs\Python\Python311\Lib\site-packages\sklearn\metrics\_classification.py:1561: UserWarning: Note that pos_label (set to 'turkish') is ignored when average != 'binary' (got 'weighted'). You may use labels=[pos_label] to specify a single positive class.
  warnings.warn(

2025-12-04 15:39:03,931:WARNING:C:\Users\ywcho\AppData\Local\Programs\Python\Python311\Lib\site-packages\pycaret\internal\metrics.py:204: FitFailedWarning: Metric 'make_scorer(roc_auc_score, response_method=('decision_function', 'predict_proba'), average=weighted, multi_class=ovr)' failed and error score 0.0 has been returned instead. If this is a custom metric, this usually means that the error is in the metric code. Full exception below:
Traceback (most recent call last):
  File "C:\Users\ywcho\AppData\Local\Programs\Python\Python311\Lib\site-packages\pycaret\internal\metrics.py", line 196, in _score
    return super()._score(
           ^^^^^^^^^^^^^^^
  File "C:\Users\ywcho\AppData\Local\Programs\Python\Python311\Lib\site-packages\sklearn\metrics\_scorer.py", line 350, in _score
    return self._sign * self._score_func(y_true, y_pred, **scoring_kwargs)
                        ^^^^^^^^^^^^^^^^^^^^^^^^^^^^^^^^^^^^^^^^^^^^^^^^^^
  File "C:\Users\ywcho\AppData\Local\Programs\Python\Python311\Lib\site-packages\pycaret\internal\metrics.py", line 144, in __call__
    return self.score_func(y_true, y_pred, **kwargs)
           ^^^^^^^^^^^^^^^^^^^^^^^^^^^^^^^^^^^^^^^^^
  File "C:\Users\ywcho\AppData\Local\Programs\Python\Python311\Lib\site-packages\sklearn\utils\_param_validation.py", line 213, in wrapper
    return func(*args, **kwargs)
           ^^^^^^^^^^^^^^^^^^^^^
  File "C:\Users\ywcho\AppData\Local\Programs\Python\Python311\Lib\site-packages\sklearn\metrics\_ranking.py", line 634, in roc_auc_score
    return _multiclass_roc_auc_score(
           ^^^^^^^^^^^^^^^^^^^^^^^^^^
  File "C:\Users\ywcho\AppData\Local\Programs\Python\Python311\Lib\site-packages\sklearn\metrics\_ranking.py", line 707, in _multiclass_roc_auc_score
    raise ValueError(
ValueError: Target scores need to be probabilities for multiclass roc_auc, i.e. they should sum up to 1.0 over classes

  warnings.warn(

2025-12-04 15:39:03,931:WARNING:C:\Users\ywcho\AppData\Local\Programs\Python\Python311\Lib\site-packages\sklearn\metrics\_classification.py:1561: UserWarning: Note that pos_label (set to 'turkish') is ignored when average != 'binary' (got 'weighted'). You may use labels=[pos_label] to specify a single positive class.
  warnings.warn(

2025-12-04 15:39:03,933:WARNING:C:\Users\ywcho\AppData\Local\Programs\Python\Python311\Lib\site-packages\sklearn\metrics\_classification.py:1561: UserWarning: Note that pos_label (set to 'turkish') is ignored when average != 'binary' (got 'weighted'). You may use labels=[pos_label] to specify a single positive class.
  warnings.warn(

2025-12-04 15:39:03,935:WARNING:C:\Users\ywcho\AppData\Local\Programs\Python\Python311\Lib\site-packages\pycaret\internal\metrics.py:204: FitFailedWarning: Metric 'make_scorer(roc_auc_score, response_method=('decision_function', 'predict_proba'), average=weighted, multi_class=ovr)' failed and error score 0.0 has been returned instead. If this is a custom metric, this usually means that the error is in the metric code. Full exception below:
Traceback (most recent call last):
  File "C:\Users\ywcho\AppData\Local\Programs\Python\Python311\Lib\site-packages\pycaret\internal\metrics.py", line 196, in _score
    return super()._score(
           ^^^^^^^^^^^^^^^
  File "C:\Users\ywcho\AppData\Local\Programs\Python\Python311\Lib\site-packages\sklearn\metrics\_scorer.py", line 350, in _score
    return self._sign * self._score_func(y_true, y_pred, **scoring_kwargs)
                        ^^^^^^^^^^^^^^^^^^^^^^^^^^^^^^^^^^^^^^^^^^^^^^^^^^
  File "C:\Users\ywcho\AppData\Local\Programs\Python\Python311\Lib\site-packages\pycaret\internal\metrics.py", line 144, in __call__
    return self.score_func(y_true, y_pred, **kwargs)
           ^^^^^^^^^^^^^^^^^^^^^^^^^^^^^^^^^^^^^^^^^
  File "C:\Users\ywcho\AppData\Local\Programs\Python\Python311\Lib\site-packages\sklearn\utils\_param_validation.py", line 213, in wrapper
    return func(*args, **kwargs)
           ^^^^^^^^^^^^^^^^^^^^^
  File "C:\Users\ywcho\AppData\Local\Programs\Python\Python311\Lib\site-packages\sklearn\metrics\_ranking.py", line 634, in roc_auc_score
    return _multiclass_roc_auc_score(
           ^^^^^^^^^^^^^^^^^^^^^^^^^^
  File "C:\Users\ywcho\AppData\Local\Programs\Python\Python311\Lib\site-packages\sklearn\metrics\_ranking.py", line 707, in _multiclass_roc_auc_score
    raise ValueError(
ValueError: Target scores need to be probabilities for multiclass roc_auc, i.e. they should sum up to 1.0 over classes

  warnings.warn(

2025-12-04 15:39:03,939:WARNING:C:\Users\ywcho\AppData\Local\Programs\Python\Python311\Lib\site-packages\sklearn\metrics\_classification.py:1561: UserWarning: Note that pos_label (set to 'turkish') is ignored when average != 'binary' (got 'weighted'). You may use labels=[pos_label] to specify a single positive class.
  warnings.warn(

2025-12-04 15:39:03,939:WARNING:C:\Users\ywcho\AppData\Local\Programs\Python\Python311\Lib\site-packages\sklearn\metrics\_classification.py:1561: UserWarning: Note that pos_label (set to 'turkish') is ignored when average != 'binary' (got 'weighted'). You may use labels=[pos_label] to specify a single positive class.
  warnings.warn(

2025-12-04 15:39:03,941:WARNING:C:\Users\ywcho\AppData\Local\Programs\Python\Python311\Lib\site-packages\pycaret\internal\metrics.py:204: FitFailedWarning: Metric 'make_scorer(roc_auc_score, response_method=('decision_function', 'predict_proba'), average=weighted, multi_class=ovr)' failed and error score 0.0 has been returned instead. If this is a custom metric, this usually means that the error is in the metric code. Full exception below:
Traceback (most recent call last):
  File "C:\Users\ywcho\AppData\Local\Programs\Python\Python311\Lib\site-packages\pycaret\internal\metrics.py", line 196, in _score
    return super()._score(
           ^^^^^^^^^^^^^^^
  File "C:\Users\ywcho\AppData\Local\Programs\Python\Python311\Lib\site-packages\sklearn\metrics\_scorer.py", line 350, in _score
    return self._sign * self._score_func(y_true, y_pred, **scoring_kwargs)
                        ^^^^^^^^^^^^^^^^^^^^^^^^^^^^^^^^^^^^^^^^^^^^^^^^^^
  File "C:\Users\ywcho\AppData\Local\Programs\Python\Python311\Lib\site-packages\pycaret\internal\metrics.py", line 144, in __call__
    return self.score_func(y_true, y_pred, **kwargs)
           ^^^^^^^^^^^^^^^^^^^^^^^^^^^^^^^^^^^^^^^^^
  File "C:\Users\ywcho\AppData\Local\Programs\Python\Python311\Lib\site-packages\sklearn\utils\_param_validation.py", line 213, in wrapper
    return func(*args, **kwargs)
           ^^^^^^^^^^^^^^^^^^^^^
  File "C:\Users\ywcho\AppData\Local\Programs\Python\Python311\Lib\site-packages\sklearn\metrics\_ranking.py", line 634, in roc_auc_score
    return _multiclass_roc_auc_score(
           ^^^^^^^^^^^^^^^^^^^^^^^^^^
  File "C:\Users\ywcho\AppData\Local\Programs\Python\Python311\Lib\site-packages\sklearn\metrics\_ranking.py", line 707, in _multiclass_roc_auc_score
    raise ValueError(
ValueError: Target scores need to be probabilities for multiclass roc_auc, i.e. they should sum up to 1.0 over classes

  warnings.warn(

2025-12-04 15:39:03,943:WARNING:C:\Users\ywcho\AppData\Local\Programs\Python\Python311\Lib\site-packages\sklearn\metrics\_classification.py:1561: UserWarning: Note that pos_label (set to 'turkish') is ignored when average != 'binary' (got 'weighted'). You may use labels=[pos_label] to specify a single positive class.
  warnings.warn(

2025-12-04 15:39:03,943:WARNING:C:\Users\ywcho\AppData\Local\Programs\Python\Python311\Lib\site-packages\sklearn\metrics\_classification.py:1561: UserWarning: Note that pos_label (set to 'turkish') is ignored when average != 'binary' (got 'weighted'). You may use labels=[pos_label] to specify a single positive class.
  warnings.warn(

2025-12-04 15:39:03,943:WARNING:C:\Users\ywcho\AppData\Local\Programs\Python\Python311\Lib\site-packages\sklearn\metrics\_classification.py:1561: UserWarning: Note that pos_label (set to 'turkish') is ignored when average != 'binary' (got 'weighted'). You may use labels=[pos_label] to specify a single positive class.
  warnings.warn(

2025-12-04 15:39:03,943:WARNING:C:\Users\ywcho\AppData\Local\Programs\Python\Python311\Lib\site-packages\pycaret\internal\metrics.py:204: FitFailedWarning: Metric 'make_scorer(roc_auc_score, response_method=('decision_function', 'predict_proba'), average=weighted, multi_class=ovr)' failed and error score 0.0 has been returned instead. If this is a custom metric, this usually means that the error is in the metric code. Full exception below:
Traceback (most recent call last):
  File "C:\Users\ywcho\AppData\Local\Programs\Python\Python311\Lib\site-packages\pycaret\internal\metrics.py", line 196, in _score
    return super()._score(
           ^^^^^^^^^^^^^^^
  File "C:\Users\ywcho\AppData\Local\Programs\Python\Python311\Lib\site-packages\sklearn\metrics\_scorer.py", line 350, in _score
    return self._sign * self._score_func(y_true, y_pred, **scoring_kwargs)
                        ^^^^^^^^^^^^^^^^^^^^^^^^^^^^^^^^^^^^^^^^^^^^^^^^^^
  File "C:\Users\ywcho\AppData\Local\Programs\Python\Python311\Lib\site-packages\pycaret\internal\metrics.py", line 144, in __call__
    return self.score_func(y_true, y_pred, **kwargs)
           ^^^^^^^^^^^^^^^^^^^^^^^^^^^^^^^^^^^^^^^^^
  File "C:\Users\ywcho\AppData\Local\Programs\Python\Python311\Lib\site-packages\sklearn\utils\_param_validation.py", line 213, in wrapper
    return func(*args, **kwargs)
           ^^^^^^^^^^^^^^^^^^^^^
  File "C:\Users\ywcho\AppData\Local\Programs\Python\Python311\Lib\site-packages\sklearn\metrics\_ranking.py", line 634, in roc_auc_score
    return _multiclass_roc_auc_score(
           ^^^^^^^^^^^^^^^^^^^^^^^^^^
  File "C:\Users\ywcho\AppData\Local\Programs\Python\Python311\Lib\site-packages\sklearn\metrics\_ranking.py", line 707, in _multiclass_roc_auc_score
    raise ValueError(
ValueError: Target scores need to be probabilities for multiclass roc_auc, i.e. they should sum up to 1.0 over classes

  warnings.warn(

2025-12-04 15:39:03,947:WARNING:C:\Users\ywcho\AppData\Local\Programs\Python\Python311\Lib\site-packages\sklearn\metrics\_classification.py:1561: UserWarning: Note that pos_label (set to 'turkish') is ignored when average != 'binary' (got 'weighted'). You may use labels=[pos_label] to specify a single positive class.
  warnings.warn(

2025-12-04 15:39:03,947:WARNING:C:\Users\ywcho\AppData\Local\Programs\Python\Python311\Lib\site-packages\sklearn\metrics\_classification.py:1561: UserWarning: Note that pos_label (set to 'turkish') is ignored when average != 'binary' (got 'weighted'). You may use labels=[pos_label] to specify a single positive class.
  warnings.warn(

2025-12-04 15:39:03,952:WARNING:C:\Users\ywcho\AppData\Local\Programs\Python\Python311\Lib\site-packages\sklearn\metrics\_classification.py:1561: UserWarning: Note that pos_label (set to 'turkish') is ignored when average != 'binary' (got 'weighted'). You may use labels=[pos_label] to specify a single positive class.
  warnings.warn(

2025-12-04 15:39:03,953:WARNING:C:\Users\ywcho\AppData\Local\Programs\Python\Python311\Lib\site-packages\sklearn\metrics\_classification.py:1561: UserWarning: Note that pos_label (set to 'turkish') is ignored when average != 'binary' (got 'weighted'). You may use labels=[pos_label] to specify a single positive class.
  warnings.warn(

2025-12-04 15:39:03,956:WARNING:C:\Users\ywcho\AppData\Local\Programs\Python\Python311\Lib\site-packages\sklearn\metrics\_classification.py:1561: UserWarning: Note that pos_label (set to 'turkish') is ignored when average != 'binary' (got 'weighted'). You may use labels=[pos_label] to specify a single positive class.
  warnings.warn(

2025-12-04 15:39:03,958:WARNING:C:\Users\ywcho\AppData\Local\Programs\Python\Python311\Lib\site-packages\sklearn\metrics\_classification.py:1561: UserWarning: Note that pos_label (set to 'turkish') is ignored when average != 'binary' (got 'weighted'). You may use labels=[pos_label] to specify a single positive class.
  warnings.warn(

2025-12-04 15:39:03,960:WARNING:C:\Users\ywcho\AppData\Local\Programs\Python\Python311\Lib\site-packages\sklearn\metrics\_classification.py:1561: UserWarning: Note that pos_label (set to 'turkish') is ignored when average != 'binary' (got 'weighted'). You may use labels=[pos_label] to specify a single positive class.
  warnings.warn(

2025-12-04 15:39:03,960:WARNING:C:\Users\ywcho\AppData\Local\Programs\Python\Python311\Lib\site-packages\sklearn\metrics\_classification.py:1561: UserWarning: Note that pos_label (set to 'turkish') is ignored when average != 'binary' (got 'weighted'). You may use labels=[pos_label] to specify a single positive class.
  warnings.warn(

2025-12-04 15:39:03,960:WARNING:C:\Users\ywcho\AppData\Local\Programs\Python\Python311\Lib\site-packages\sklearn\metrics\_classification.py:1561: UserWarning: Note that pos_label (set to 'turkish') is ignored when average != 'binary' (got 'weighted'). You may use labels=[pos_label] to specify a single positive class.
  warnings.warn(

2025-12-04 15:39:03,964:WARNING:C:\Users\ywcho\AppData\Local\Programs\Python\Python311\Lib\site-packages\sklearn\metrics\_classification.py:1561: UserWarning: Note that pos_label (set to 'turkish') is ignored when average != 'binary' (got 'weighted'). You may use labels=[pos_label] to specify a single positive class.
  warnings.warn(

2025-12-04 15:39:03,964:WARNING:C:\Users\ywcho\AppData\Local\Programs\Python\Python311\Lib\site-packages\sklearn\metrics\_classification.py:1561: UserWarning: Note that pos_label (set to 'turkish') is ignored when average != 'binary' (got 'weighted'). You may use labels=[pos_label] to specify a single positive class.
  warnings.warn(

2025-12-04 15:39:03,972:WARNING:C:\Users\ywcho\AppData\Local\Programs\Python\Python311\Lib\site-packages\sklearn\metrics\_classification.py:1561: UserWarning: Note that pos_label (set to 'turkish') is ignored when average != 'binary' (got 'weighted'). You may use labels=[pos_label] to specify a single positive class.
  warnings.warn(

2025-12-04 15:39:03,974:WARNING:C:\Users\ywcho\AppData\Local\Programs\Python\Python311\Lib\site-packages\sklearn\metrics\_classification.py:1561: UserWarning: Note that pos_label (set to 'turkish') is ignored when average != 'binary' (got 'weighted'). You may use labels=[pos_label] to specify a single positive class.
  warnings.warn(

2025-12-04 15:39:03,980:WARNING:C:\Users\ywcho\AppData\Local\Programs\Python\Python311\Lib\site-packages\sklearn\metrics\_classification.py:1561: UserWarning: Note that pos_label (set to 'turkish') is ignored when average != 'binary' (got 'weighted'). You may use labels=[pos_label] to specify a single positive class.
  warnings.warn(

2025-12-04 15:39:03,982:WARNING:C:\Users\ywcho\AppData\Local\Programs\Python\Python311\Lib\site-packages\sklearn\metrics\_classification.py:1561: UserWarning: Note that pos_label (set to 'turkish') is ignored when average != 'binary' (got 'weighted'). You may use labels=[pos_label] to specify a single positive class.
  warnings.warn(

2025-12-04 15:39:04,004:INFO:Calculating mean and std
2025-12-04 15:39:04,004:INFO:Creating metrics dataframe
2025-12-04 15:39:04,004:INFO:Uploading results into container
2025-12-04 15:39:04,004:INFO:Uploading model into container now
2025-12-04 15:39:04,004:INFO:_master_model_container: 8
2025-12-04 15:39:04,004:INFO:_display_container: 2
2025-12-04 15:39:04,004:INFO:QuadraticDiscriminantAnalysis(priors=None, reg_param=0.0,
                              store_covariance=False, tol=0.0001)
2025-12-04 15:39:04,004:INFO:create_model() successfully completed......................................
2025-12-04 15:39:04,101:INFO:SubProcess create_model() end ==================================
2025-12-04 15:39:04,101:INFO:Creating metrics dataframe
2025-12-04 15:39:04,101:INFO:Initializing Ada Boost Classifier
2025-12-04 15:39:04,101:INFO:Total runtime is 0.5262588938077291 minutes
2025-12-04 15:39:04,101:INFO:SubProcess create_model() called ==================================
2025-12-04 15:39:04,101:INFO:Initializing create_model()
2025-12-04 15:39:04,101:INFO:create_model(self=<pycaret.classification.oop.ClassificationExperiment object at 0x000002A1B340F610>, estimator=ada, fold=StratifiedKFold(n_splits=10, random_state=None, shuffle=False), round=4, cross_validation=True, predict=True, fit_kwargs={}, groups=None, refit=False, probability_threshold=None, experiment_custom_tags=None, verbose=False, system=False, add_to_model_list=True, metrics=None, display=<pycaret.internal.display.display.CommonDisplay object at 0x000002A1ED63DA50>, model_only=True, return_train_score=False, error_score=0.0, kwargs={})
2025-12-04 15:39:04,101:INFO:Checking exceptions
2025-12-04 15:39:04,101:INFO:Importing libraries
2025-12-04 15:39:04,101:INFO:Copying training dataset
2025-12-04 15:39:04,112:INFO:Defining folds
2025-12-04 15:39:04,112:INFO:Declaring metric variables
2025-12-04 15:39:04,112:INFO:Importing untrained model
2025-12-04 15:39:04,112:INFO:Ada Boost Classifier Imported successfully
2025-12-04 15:39:04,112:INFO:Starting cross validation
2025-12-04 15:39:04,112:INFO:Cross validating with StratifiedKFold(n_splits=10, random_state=None, shuffle=False), n_jobs=-1
2025-12-04 15:39:04,400:WARNING:C:\Users\ywcho\AppData\Local\Programs\Python\Python311\Lib\site-packages\numpy\core\_methods.py:187: RuntimeWarning: overflow encountered in reduce
  ret = umr_sum(x, axis, dtype, out, keepdims=keepdims, where=where)

2025-12-04 15:39:04,411:WARNING:C:\Users\ywcho\AppData\Local\Programs\Python\Python311\Lib\site-packages\numpy\core\_methods.py:187: RuntimeWarning: overflow encountered in reduce
  ret = umr_sum(x, axis, dtype, out, keepdims=keepdims, where=where)

2025-12-04 15:39:04,418:WARNING:C:\Users\ywcho\AppData\Local\Programs\Python\Python311\Lib\site-packages\numpy\core\_methods.py:187: RuntimeWarning: overflow encountered in reduce
  ret = umr_sum(x, axis, dtype, out, keepdims=keepdims, where=where)

2025-12-04 15:39:04,420:WARNING:C:\Users\ywcho\AppData\Local\Programs\Python\Python311\Lib\site-packages\numpy\core\_methods.py:187: RuntimeWarning: overflow encountered in reduce
  ret = umr_sum(x, axis, dtype, out, keepdims=keepdims, where=where)

2025-12-04 15:39:04,427:WARNING:C:\Users\ywcho\AppData\Local\Programs\Python\Python311\Lib\site-packages\numpy\core\_methods.py:187: RuntimeWarning: overflow encountered in reduce
  ret = umr_sum(x, axis, dtype, out, keepdims=keepdims, where=where)

2025-12-04 15:39:04,429:WARNING:C:\Users\ywcho\AppData\Local\Programs\Python\Python311\Lib\site-packages\numpy\core\_methods.py:187: RuntimeWarning: overflow encountered in reduce
  ret = umr_sum(x, axis, dtype, out, keepdims=keepdims, where=where)

2025-12-04 15:39:04,436:WARNING:C:\Users\ywcho\AppData\Local\Programs\Python\Python311\Lib\site-packages\numpy\core\_methods.py:187: RuntimeWarning: overflow encountered in reduce
  ret = umr_sum(x, axis, dtype, out, keepdims=keepdims, where=where)

2025-12-04 15:39:04,438:WARNING:C:\Users\ywcho\AppData\Local\Programs\Python\Python311\Lib\site-packages\numpy\core\_methods.py:187: RuntimeWarning: overflow encountered in reduce
  ret = umr_sum(x, axis, dtype, out, keepdims=keepdims, where=where)

2025-12-04 15:39:04,445:WARNING:C:\Users\ywcho\AppData\Local\Programs\Python\Python311\Lib\site-packages\numpy\core\_methods.py:187: RuntimeWarning: overflow encountered in reduce
  ret = umr_sum(x, axis, dtype, out, keepdims=keepdims, where=where)

2025-12-04 15:39:04,450:WARNING:C:\Users\ywcho\AppData\Local\Programs\Python\Python311\Lib\site-packages\sklearn\ensemble\_weight_boosting.py:519: FutureWarning: The SAMME.R algorithm (the default) is deprecated and will be removed in 1.6. Use the SAMME algorithm to circumvent this warning.
  warnings.warn(

2025-12-04 15:39:04,454:WARNING:C:\Users\ywcho\AppData\Local\Programs\Python\Python311\Lib\site-packages\sklearn\ensemble\_weight_boosting.py:519: FutureWarning: The SAMME.R algorithm (the default) is deprecated and will be removed in 1.6. Use the SAMME algorithm to circumvent this warning.
  warnings.warn(

2025-12-04 15:39:04,458:WARNING:C:\Users\ywcho\AppData\Local\Programs\Python\Python311\Lib\site-packages\sklearn\ensemble\_weight_boosting.py:519: FutureWarning: The SAMME.R algorithm (the default) is deprecated and will be removed in 1.6. Use the SAMME algorithm to circumvent this warning.
  warnings.warn(

2025-12-04 15:39:04,460:WARNING:C:\Users\ywcho\AppData\Local\Programs\Python\Python311\Lib\site-packages\numpy\core\_methods.py:187: RuntimeWarning: overflow encountered in reduce
  ret = umr_sum(x, axis, dtype, out, keepdims=keepdims, where=where)

2025-12-04 15:39:04,462:WARNING:C:\Users\ywcho\AppData\Local\Programs\Python\Python311\Lib\site-packages\sklearn\ensemble\_weight_boosting.py:519: FutureWarning: The SAMME.R algorithm (the default) is deprecated and will be removed in 1.6. Use the SAMME algorithm to circumvent this warning.
  warnings.warn(

2025-12-04 15:39:04,467:WARNING:C:\Users\ywcho\AppData\Local\Programs\Python\Python311\Lib\site-packages\sklearn\ensemble\_weight_boosting.py:519: FutureWarning: The SAMME.R algorithm (the default) is deprecated and will be removed in 1.6. Use the SAMME algorithm to circumvent this warning.
  warnings.warn(

2025-12-04 15:39:04,477:WARNING:C:\Users\ywcho\AppData\Local\Programs\Python\Python311\Lib\site-packages\sklearn\ensemble\_weight_boosting.py:519: FutureWarning: The SAMME.R algorithm (the default) is deprecated and will be removed in 1.6. Use the SAMME algorithm to circumvent this warning.
  warnings.warn(

2025-12-04 15:39:04,478:WARNING:C:\Users\ywcho\AppData\Local\Programs\Python\Python311\Lib\site-packages\sklearn\ensemble\_weight_boosting.py:519: FutureWarning: The SAMME.R algorithm (the default) is deprecated and will be removed in 1.6. Use the SAMME algorithm to circumvent this warning.
  warnings.warn(

2025-12-04 15:39:04,493:WARNING:C:\Users\ywcho\AppData\Local\Programs\Python\Python311\Lib\site-packages\sklearn\ensemble\_weight_boosting.py:519: FutureWarning: The SAMME.R algorithm (the default) is deprecated and will be removed in 1.6. Use the SAMME algorithm to circumvent this warning.
  warnings.warn(

2025-12-04 15:39:04,511:WARNING:C:\Users\ywcho\AppData\Local\Programs\Python\Python311\Lib\site-packages\sklearn\ensemble\_weight_boosting.py:519: FutureWarning: The SAMME.R algorithm (the default) is deprecated and will be removed in 1.6. Use the SAMME algorithm to circumvent this warning.
  warnings.warn(

2025-12-04 15:39:08,344:WARNING:C:\Users\ywcho\AppData\Local\Programs\Python\Python311\Lib\site-packages\pycaret\internal\metrics.py:204: FitFailedWarning: Metric 'make_scorer(roc_auc_score, response_method=('decision_function', 'predict_proba'), average=weighted, multi_class=ovr)' failed and error score 0.0 has been returned instead. If this is a custom metric, this usually means that the error is in the metric code. Full exception below:
Traceback (most recent call last):
  File "C:\Users\ywcho\AppData\Local\Programs\Python\Python311\Lib\site-packages\pycaret\internal\metrics.py", line 196, in _score
    return super()._score(
           ^^^^^^^^^^^^^^^
  File "C:\Users\ywcho\AppData\Local\Programs\Python\Python311\Lib\site-packages\sklearn\metrics\_scorer.py", line 350, in _score
    return self._sign * self._score_func(y_true, y_pred, **scoring_kwargs)
                        ^^^^^^^^^^^^^^^^^^^^^^^^^^^^^^^^^^^^^^^^^^^^^^^^^^
  File "C:\Users\ywcho\AppData\Local\Programs\Python\Python311\Lib\site-packages\pycaret\internal\metrics.py", line 144, in __call__
    return self.score_func(y_true, y_pred, **kwargs)
           ^^^^^^^^^^^^^^^^^^^^^^^^^^^^^^^^^^^^^^^^^
  File "C:\Users\ywcho\AppData\Local\Programs\Python\Python311\Lib\site-packages\sklearn\utils\_param_validation.py", line 213, in wrapper
    return func(*args, **kwargs)
           ^^^^^^^^^^^^^^^^^^^^^
  File "C:\Users\ywcho\AppData\Local\Programs\Python\Python311\Lib\site-packages\sklearn\metrics\_ranking.py", line 634, in roc_auc_score
    return _multiclass_roc_auc_score(
           ^^^^^^^^^^^^^^^^^^^^^^^^^^
  File "C:\Users\ywcho\AppData\Local\Programs\Python\Python311\Lib\site-packages\sklearn\metrics\_ranking.py", line 707, in _multiclass_roc_auc_score
    raise ValueError(
ValueError: Target scores need to be probabilities for multiclass roc_auc, i.e. they should sum up to 1.0 over classes

  warnings.warn(

2025-12-04 15:39:08,353:WARNING:C:\Users\ywcho\AppData\Local\Programs\Python\Python311\Lib\site-packages\sklearn\metrics\_classification.py:1561: UserWarning: Note that pos_label (set to 'turkish') is ignored when average != 'binary' (got 'weighted'). You may use labels=[pos_label] to specify a single positive class.
  warnings.warn(

2025-12-04 15:39:08,380:WARNING:C:\Users\ywcho\AppData\Local\Programs\Python\Python311\Lib\site-packages\sklearn\metrics\_classification.py:1561: UserWarning: Note that pos_label (set to 'turkish') is ignored when average != 'binary' (got 'weighted'). You may use labels=[pos_label] to specify a single positive class.
  warnings.warn(

2025-12-04 15:39:08,394:WARNING:C:\Users\ywcho\AppData\Local\Programs\Python\Python311\Lib\site-packages\sklearn\metrics\_classification.py:1509: UndefinedMetricWarning: Precision is ill-defined and being set to 0.0 in labels with no predicted samples. Use `zero_division` parameter to control this behavior.
  _warn_prf(average, modifier, f"{metric.capitalize()} is", len(result))

2025-12-04 15:39:08,397:WARNING:C:\Users\ywcho\AppData\Local\Programs\Python\Python311\Lib\site-packages\pycaret\internal\metrics.py:204: FitFailedWarning: Metric 'make_scorer(roc_auc_score, response_method=('decision_function', 'predict_proba'), average=weighted, multi_class=ovr)' failed and error score 0.0 has been returned instead. If this is a custom metric, this usually means that the error is in the metric code. Full exception below:
Traceback (most recent call last):
  File "C:\Users\ywcho\AppData\Local\Programs\Python\Python311\Lib\site-packages\pycaret\internal\metrics.py", line 196, in _score
    return super()._score(
           ^^^^^^^^^^^^^^^
  File "C:\Users\ywcho\AppData\Local\Programs\Python\Python311\Lib\site-packages\sklearn\metrics\_scorer.py", line 350, in _score
    return self._sign * self._score_func(y_true, y_pred, **scoring_kwargs)
                        ^^^^^^^^^^^^^^^^^^^^^^^^^^^^^^^^^^^^^^^^^^^^^^^^^^
  File "C:\Users\ywcho\AppData\Local\Programs\Python\Python311\Lib\site-packages\pycaret\internal\metrics.py", line 144, in __call__
    return self.score_func(y_true, y_pred, **kwargs)
           ^^^^^^^^^^^^^^^^^^^^^^^^^^^^^^^^^^^^^^^^^
  File "C:\Users\ywcho\AppData\Local\Programs\Python\Python311\Lib\site-packages\sklearn\utils\_param_validation.py", line 213, in wrapper
    return func(*args, **kwargs)
           ^^^^^^^^^^^^^^^^^^^^^
  File "C:\Users\ywcho\AppData\Local\Programs\Python\Python311\Lib\site-packages\sklearn\metrics\_ranking.py", line 634, in roc_auc_score
    return _multiclass_roc_auc_score(
           ^^^^^^^^^^^^^^^^^^^^^^^^^^
  File "C:\Users\ywcho\AppData\Local\Programs\Python\Python311\Lib\site-packages\sklearn\metrics\_ranking.py", line 707, in _multiclass_roc_auc_score
    raise ValueError(
ValueError: Target scores need to be probabilities for multiclass roc_auc, i.e. they should sum up to 1.0 over classes

  warnings.warn(

2025-12-04 15:39:08,404:WARNING:C:\Users\ywcho\AppData\Local\Programs\Python\Python311\Lib\site-packages\sklearn\metrics\_classification.py:1561: UserWarning: Note that pos_label (set to 'turkish') is ignored when average != 'binary' (got 'weighted'). You may use labels=[pos_label] to specify a single positive class.
  warnings.warn(

2025-12-04 15:39:08,405:WARNING:C:\Users\ywcho\AppData\Local\Programs\Python\Python311\Lib\site-packages\sklearn\metrics\_classification.py:1561: UserWarning: Note that pos_label (set to 'turkish') is ignored when average != 'binary' (got 'weighted'). You may use labels=[pos_label] to specify a single positive class.
  warnings.warn(

2025-12-04 15:39:08,417:WARNING:C:\Users\ywcho\AppData\Local\Programs\Python\Python311\Lib\site-packages\pycaret\internal\metrics.py:204: FitFailedWarning: Metric 'make_scorer(roc_auc_score, response_method=('decision_function', 'predict_proba'), average=weighted, multi_class=ovr)' failed and error score 0.0 has been returned instead. If this is a custom metric, this usually means that the error is in the metric code. Full exception below:
Traceback (most recent call last):
  File "C:\Users\ywcho\AppData\Local\Programs\Python\Python311\Lib\site-packages\pycaret\internal\metrics.py", line 196, in _score
    return super()._score(
           ^^^^^^^^^^^^^^^
  File "C:\Users\ywcho\AppData\Local\Programs\Python\Python311\Lib\site-packages\sklearn\metrics\_scorer.py", line 350, in _score
    return self._sign * self._score_func(y_true, y_pred, **scoring_kwargs)
                        ^^^^^^^^^^^^^^^^^^^^^^^^^^^^^^^^^^^^^^^^^^^^^^^^^^
  File "C:\Users\ywcho\AppData\Local\Programs\Python\Python311\Lib\site-packages\pycaret\internal\metrics.py", line 144, in __call__
    return self.score_func(y_true, y_pred, **kwargs)
           ^^^^^^^^^^^^^^^^^^^^^^^^^^^^^^^^^^^^^^^^^
  File "C:\Users\ywcho\AppData\Local\Programs\Python\Python311\Lib\site-packages\sklearn\utils\_param_validation.py", line 213, in wrapper
    return func(*args, **kwargs)
           ^^^^^^^^^^^^^^^^^^^^^
  File "C:\Users\ywcho\AppData\Local\Programs\Python\Python311\Lib\site-packages\sklearn\metrics\_ranking.py", line 634, in roc_auc_score
    return _multiclass_roc_auc_score(
           ^^^^^^^^^^^^^^^^^^^^^^^^^^
  File "C:\Users\ywcho\AppData\Local\Programs\Python\Python311\Lib\site-packages\sklearn\metrics\_ranking.py", line 707, in _multiclass_roc_auc_score
    raise ValueError(
ValueError: Target scores need to be probabilities for multiclass roc_auc, i.e. they should sum up to 1.0 over classes

  warnings.warn(

2025-12-04 15:39:08,421:WARNING:C:\Users\ywcho\AppData\Local\Programs\Python\Python311\Lib\site-packages\pycaret\internal\metrics.py:204: FitFailedWarning: Metric 'make_scorer(roc_auc_score, response_method=('decision_function', 'predict_proba'), average=weighted, multi_class=ovr)' failed and error score 0.0 has been returned instead. If this is a custom metric, this usually means that the error is in the metric code. Full exception below:
Traceback (most recent call last):
  File "C:\Users\ywcho\AppData\Local\Programs\Python\Python311\Lib\site-packages\pycaret\internal\metrics.py", line 196, in _score
    return super()._score(
           ^^^^^^^^^^^^^^^
  File "C:\Users\ywcho\AppData\Local\Programs\Python\Python311\Lib\site-packages\sklearn\metrics\_scorer.py", line 350, in _score
    return self._sign * self._score_func(y_true, y_pred, **scoring_kwargs)
                        ^^^^^^^^^^^^^^^^^^^^^^^^^^^^^^^^^^^^^^^^^^^^^^^^^^
  File "C:\Users\ywcho\AppData\Local\Programs\Python\Python311\Lib\site-packages\pycaret\internal\metrics.py", line 144, in __call__
    return self.score_func(y_true, y_pred, **kwargs)
           ^^^^^^^^^^^^^^^^^^^^^^^^^^^^^^^^^^^^^^^^^
  File "C:\Users\ywcho\AppData\Local\Programs\Python\Python311\Lib\site-packages\sklearn\utils\_param_validation.py", line 213, in wrapper
    return func(*args, **kwargs)
           ^^^^^^^^^^^^^^^^^^^^^
  File "C:\Users\ywcho\AppData\Local\Programs\Python\Python311\Lib\site-packages\sklearn\metrics\_ranking.py", line 634, in roc_auc_score
    return _multiclass_roc_auc_score(
           ^^^^^^^^^^^^^^^^^^^^^^^^^^
  File "C:\Users\ywcho\AppData\Local\Programs\Python\Python311\Lib\site-packages\sklearn\metrics\_ranking.py", line 707, in _multiclass_roc_auc_score
    raise ValueError(
ValueError: Target scores need to be probabilities for multiclass roc_auc, i.e. they should sum up to 1.0 over classes

  warnings.warn(

2025-12-04 15:39:08,425:WARNING:C:\Users\ywcho\AppData\Local\Programs\Python\Python311\Lib\site-packages\sklearn\metrics\_classification.py:1561: UserWarning: Note that pos_label (set to 'turkish') is ignored when average != 'binary' (got 'weighted'). You may use labels=[pos_label] to specify a single positive class.
  warnings.warn(

2025-12-04 15:39:08,429:WARNING:C:\Users\ywcho\AppData\Local\Programs\Python\Python311\Lib\site-packages\sklearn\metrics\_classification.py:1561: UserWarning: Note that pos_label (set to 'turkish') is ignored when average != 'binary' (got 'weighted'). You may use labels=[pos_label] to specify a single positive class.
  warnings.warn(

2025-12-04 15:39:08,431:WARNING:C:\Users\ywcho\AppData\Local\Programs\Python\Python311\Lib\site-packages\sklearn\metrics\_classification.py:1561: UserWarning: Note that pos_label (set to 'turkish') is ignored when average != 'binary' (got 'weighted'). You may use labels=[pos_label] to specify a single positive class.
  warnings.warn(

2025-12-04 15:39:08,442:WARNING:C:\Users\ywcho\AppData\Local\Programs\Python\Python311\Lib\site-packages\pycaret\internal\metrics.py:204: FitFailedWarning: Metric 'make_scorer(roc_auc_score, response_method=('decision_function', 'predict_proba'), average=weighted, multi_class=ovr)' failed and error score 0.0 has been returned instead. If this is a custom metric, this usually means that the error is in the metric code. Full exception below:
Traceback (most recent call last):
  File "C:\Users\ywcho\AppData\Local\Programs\Python\Python311\Lib\site-packages\pycaret\internal\metrics.py", line 196, in _score
    return super()._score(
           ^^^^^^^^^^^^^^^
  File "C:\Users\ywcho\AppData\Local\Programs\Python\Python311\Lib\site-packages\sklearn\metrics\_scorer.py", line 350, in _score
    return self._sign * self._score_func(y_true, y_pred, **scoring_kwargs)
                        ^^^^^^^^^^^^^^^^^^^^^^^^^^^^^^^^^^^^^^^^^^^^^^^^^^
  File "C:\Users\ywcho\AppData\Local\Programs\Python\Python311\Lib\site-packages\pycaret\internal\metrics.py", line 144, in __call__
    return self.score_func(y_true, y_pred, **kwargs)
           ^^^^^^^^^^^^^^^^^^^^^^^^^^^^^^^^^^^^^^^^^
  File "C:\Users\ywcho\AppData\Local\Programs\Python\Python311\Lib\site-packages\sklearn\utils\_param_validation.py", line 213, in wrapper
    return func(*args, **kwargs)
           ^^^^^^^^^^^^^^^^^^^^^
  File "C:\Users\ywcho\AppData\Local\Programs\Python\Python311\Lib\site-packages\sklearn\metrics\_ranking.py", line 634, in roc_auc_score
    return _multiclass_roc_auc_score(
           ^^^^^^^^^^^^^^^^^^^^^^^^^^
  File "C:\Users\ywcho\AppData\Local\Programs\Python\Python311\Lib\site-packages\sklearn\metrics\_ranking.py", line 707, in _multiclass_roc_auc_score
    raise ValueError(
ValueError: Target scores need to be probabilities for multiclass roc_auc, i.e. they should sum up to 1.0 over classes

  warnings.warn(

2025-12-04 15:39:08,442:WARNING:C:\Users\ywcho\AppData\Local\Programs\Python\Python311\Lib\site-packages\sklearn\metrics\_classification.py:1509: UndefinedMetricWarning: Precision is ill-defined and being set to 0.0 in labels with no predicted samples. Use `zero_division` parameter to control this behavior.
  _warn_prf(average, modifier, f"{metric.capitalize()} is", len(result))

2025-12-04 15:39:08,444:WARNING:C:\Users\ywcho\AppData\Local\Programs\Python\Python311\Lib\site-packages\sklearn\metrics\_classification.py:1561: UserWarning: Note that pos_label (set to 'turkish') is ignored when average != 'binary' (got 'weighted'). You may use labels=[pos_label] to specify a single positive class.
  warnings.warn(

2025-12-04 15:39:08,446:WARNING:C:\Users\ywcho\AppData\Local\Programs\Python\Python311\Lib\site-packages\sklearn\metrics\_classification.py:1561: UserWarning: Note that pos_label (set to 'turkish') is ignored when average != 'binary' (got 'weighted'). You may use labels=[pos_label] to specify a single positive class.
  warnings.warn(

2025-12-04 15:39:08,448:WARNING:C:\Users\ywcho\AppData\Local\Programs\Python\Python311\Lib\site-packages\pycaret\internal\metrics.py:204: FitFailedWarning: Metric 'make_scorer(roc_auc_score, response_method=('decision_function', 'predict_proba'), average=weighted, multi_class=ovr)' failed and error score 0.0 has been returned instead. If this is a custom metric, this usually means that the error is in the metric code. Full exception below:
Traceback (most recent call last):
  File "C:\Users\ywcho\AppData\Local\Programs\Python\Python311\Lib\site-packages\pycaret\internal\metrics.py", line 196, in _score
    return super()._score(
           ^^^^^^^^^^^^^^^
  File "C:\Users\ywcho\AppData\Local\Programs\Python\Python311\Lib\site-packages\sklearn\metrics\_scorer.py", line 350, in _score
    return self._sign * self._score_func(y_true, y_pred, **scoring_kwargs)
                        ^^^^^^^^^^^^^^^^^^^^^^^^^^^^^^^^^^^^^^^^^^^^^^^^^^
  File "C:\Users\ywcho\AppData\Local\Programs\Python\Python311\Lib\site-packages\pycaret\internal\metrics.py", line 144, in __call__
    return self.score_func(y_true, y_pred, **kwargs)
           ^^^^^^^^^^^^^^^^^^^^^^^^^^^^^^^^^^^^^^^^^
  File "C:\Users\ywcho\AppData\Local\Programs\Python\Python311\Lib\site-packages\sklearn\utils\_param_validation.py", line 213, in wrapper
    return func(*args, **kwargs)
           ^^^^^^^^^^^^^^^^^^^^^
  File "C:\Users\ywcho\AppData\Local\Programs\Python\Python311\Lib\site-packages\sklearn\metrics\_ranking.py", line 634, in roc_auc_score
    return _multiclass_roc_auc_score(
           ^^^^^^^^^^^^^^^^^^^^^^^^^^
  File "C:\Users\ywcho\AppData\Local\Programs\Python\Python311\Lib\site-packages\sklearn\metrics\_ranking.py", line 707, in _multiclass_roc_auc_score
    raise ValueError(
ValueError: Target scores need to be probabilities for multiclass roc_auc, i.e. they should sum up to 1.0 over classes

  warnings.warn(

2025-12-04 15:39:08,450:WARNING:C:\Users\ywcho\AppData\Local\Programs\Python\Python311\Lib\site-packages\sklearn\metrics\_classification.py:1561: UserWarning: Note that pos_label (set to 'turkish') is ignored when average != 'binary' (got 'weighted'). You may use labels=[pos_label] to specify a single positive class.
  warnings.warn(

2025-12-04 15:39:08,450:WARNING:C:\Users\ywcho\AppData\Local\Programs\Python\Python311\Lib\site-packages\sklearn\metrics\_classification.py:1509: UndefinedMetricWarning: Precision is ill-defined and being set to 0.0 in labels with no predicted samples. Use `zero_division` parameter to control this behavior.
  _warn_prf(average, modifier, f"{metric.capitalize()} is", len(result))

2025-12-04 15:39:08,452:WARNING:C:\Users\ywcho\AppData\Local\Programs\Python\Python311\Lib\site-packages\pycaret\internal\metrics.py:204: FitFailedWarning: Metric 'make_scorer(roc_auc_score, response_method=('decision_function', 'predict_proba'), average=weighted, multi_class=ovr)' failed and error score 0.0 has been returned instead. If this is a custom metric, this usually means that the error is in the metric code. Full exception below:
Traceback (most recent call last):
  File "C:\Users\ywcho\AppData\Local\Programs\Python\Python311\Lib\site-packages\pycaret\internal\metrics.py", line 196, in _score
    return super()._score(
           ^^^^^^^^^^^^^^^
  File "C:\Users\ywcho\AppData\Local\Programs\Python\Python311\Lib\site-packages\sklearn\metrics\_scorer.py", line 350, in _score
    return self._sign * self._score_func(y_true, y_pred, **scoring_kwargs)
                        ^^^^^^^^^^^^^^^^^^^^^^^^^^^^^^^^^^^^^^^^^^^^^^^^^^
  File "C:\Users\ywcho\AppData\Local\Programs\Python\Python311\Lib\site-packages\pycaret\internal\metrics.py", line 144, in __call__
    return self.score_func(y_true, y_pred, **kwargs)
           ^^^^^^^^^^^^^^^^^^^^^^^^^^^^^^^^^^^^^^^^^
  File "C:\Users\ywcho\AppData\Local\Programs\Python\Python311\Lib\site-packages\sklearn\utils\_param_validation.py", line 213, in wrapper
    return func(*args, **kwargs)
           ^^^^^^^^^^^^^^^^^^^^^
  File "C:\Users\ywcho\AppData\Local\Programs\Python\Python311\Lib\site-packages\sklearn\metrics\_ranking.py", line 634, in roc_auc_score
    return _multiclass_roc_auc_score(
           ^^^^^^^^^^^^^^^^^^^^^^^^^^
  File "C:\Users\ywcho\AppData\Local\Programs\Python\Python311\Lib\site-packages\sklearn\metrics\_ranking.py", line 707, in _multiclass_roc_auc_score
    raise ValueError(
ValueError: Target scores need to be probabilities for multiclass roc_auc, i.e. they should sum up to 1.0 over classes

  warnings.warn(

2025-12-04 15:39:08,452:WARNING:C:\Users\ywcho\AppData\Local\Programs\Python\Python311\Lib\site-packages\sklearn\metrics\_classification.py:1561: UserWarning: Note that pos_label (set to 'turkish') is ignored when average != 'binary' (got 'weighted'). You may use labels=[pos_label] to specify a single positive class.
  warnings.warn(

2025-12-04 15:39:08,454:WARNING:C:\Users\ywcho\AppData\Local\Programs\Python\Python311\Lib\site-packages\pycaret\internal\metrics.py:204: FitFailedWarning: Metric 'make_scorer(roc_auc_score, response_method=('decision_function', 'predict_proba'), average=weighted, multi_class=ovr)' failed and error score 0.0 has been returned instead. If this is a custom metric, this usually means that the error is in the metric code. Full exception below:
Traceback (most recent call last):
  File "C:\Users\ywcho\AppData\Local\Programs\Python\Python311\Lib\site-packages\pycaret\internal\metrics.py", line 196, in _score
    return super()._score(
           ^^^^^^^^^^^^^^^
  File "C:\Users\ywcho\AppData\Local\Programs\Python\Python311\Lib\site-packages\sklearn\metrics\_scorer.py", line 350, in _score
    return self._sign * self._score_func(y_true, y_pred, **scoring_kwargs)
                        ^^^^^^^^^^^^^^^^^^^^^^^^^^^^^^^^^^^^^^^^^^^^^^^^^^
  File "C:\Users\ywcho\AppData\Local\Programs\Python\Python311\Lib\site-packages\pycaret\internal\metrics.py", line 144, in __call__
    return self.score_func(y_true, y_pred, **kwargs)
           ^^^^^^^^^^^^^^^^^^^^^^^^^^^^^^^^^^^^^^^^^
  File "C:\Users\ywcho\AppData\Local\Programs\Python\Python311\Lib\site-packages\sklearn\utils\_param_validation.py", line 213, in wrapper
    return func(*args, **kwargs)
           ^^^^^^^^^^^^^^^^^^^^^
  File "C:\Users\ywcho\AppData\Local\Programs\Python\Python311\Lib\site-packages\sklearn\metrics\_ranking.py", line 634, in roc_auc_score
    return _multiclass_roc_auc_score(
           ^^^^^^^^^^^^^^^^^^^^^^^^^^
  File "C:\Users\ywcho\AppData\Local\Programs\Python\Python311\Lib\site-packages\sklearn\metrics\_ranking.py", line 707, in _multiclass_roc_auc_score
    raise ValueError(
ValueError: Target scores need to be probabilities for multiclass roc_auc, i.e. they should sum up to 1.0 over classes

  warnings.warn(

2025-12-04 15:39:08,456:WARNING:C:\Users\ywcho\AppData\Local\Programs\Python\Python311\Lib\site-packages\sklearn\metrics\_classification.py:1561: UserWarning: Note that pos_label (set to 'turkish') is ignored when average != 'binary' (got 'weighted'). You may use labels=[pos_label] to specify a single positive class.
  warnings.warn(

2025-12-04 15:39:08,456:WARNING:C:\Users\ywcho\AppData\Local\Programs\Python\Python311\Lib\site-packages\sklearn\metrics\_classification.py:1561: UserWarning: Note that pos_label (set to 'turkish') is ignored when average != 'binary' (got 'weighted'). You may use labels=[pos_label] to specify a single positive class.
  warnings.warn(

2025-12-04 15:39:08,459:WARNING:C:\Users\ywcho\AppData\Local\Programs\Python\Python311\Lib\site-packages\sklearn\metrics\_classification.py:1561: UserWarning: Note that pos_label (set to 'turkish') is ignored when average != 'binary' (got 'weighted'). You may use labels=[pos_label] to specify a single positive class.
  warnings.warn(

2025-12-04 15:39:08,459:WARNING:C:\Users\ywcho\AppData\Local\Programs\Python\Python311\Lib\site-packages\sklearn\metrics\_classification.py:1561: UserWarning: Note that pos_label (set to 'turkish') is ignored when average != 'binary' (got 'weighted'). You may use labels=[pos_label] to specify a single positive class.
  warnings.warn(

2025-12-04 15:39:08,459:WARNING:C:\Users\ywcho\AppData\Local\Programs\Python\Python311\Lib\site-packages\sklearn\metrics\_classification.py:1561: UserWarning: Note that pos_label (set to 'turkish') is ignored when average != 'binary' (got 'weighted'). You may use labels=[pos_label] to specify a single positive class.
  warnings.warn(

2025-12-04 15:39:08,462:WARNING:C:\Users\ywcho\AppData\Local\Programs\Python\Python311\Lib\site-packages\sklearn\metrics\_classification.py:1561: UserWarning: Note that pos_label (set to 'turkish') is ignored when average != 'binary' (got 'weighted'). You may use labels=[pos_label] to specify a single positive class.
  warnings.warn(

2025-12-04 15:39:08,464:WARNING:C:\Users\ywcho\AppData\Local\Programs\Python\Python311\Lib\site-packages\pycaret\internal\metrics.py:204: FitFailedWarning: Metric 'make_scorer(roc_auc_score, response_method=('decision_function', 'predict_proba'), average=weighted, multi_class=ovr)' failed and error score 0.0 has been returned instead. If this is a custom metric, this usually means that the error is in the metric code. Full exception below:
Traceback (most recent call last):
  File "C:\Users\ywcho\AppData\Local\Programs\Python\Python311\Lib\site-packages\pycaret\internal\metrics.py", line 196, in _score
    return super()._score(
           ^^^^^^^^^^^^^^^
  File "C:\Users\ywcho\AppData\Local\Programs\Python\Python311\Lib\site-packages\sklearn\metrics\_scorer.py", line 350, in _score
    return self._sign * self._score_func(y_true, y_pred, **scoring_kwargs)
                        ^^^^^^^^^^^^^^^^^^^^^^^^^^^^^^^^^^^^^^^^^^^^^^^^^^
  File "C:\Users\ywcho\AppData\Local\Programs\Python\Python311\Lib\site-packages\pycaret\internal\metrics.py", line 144, in __call__
    return self.score_func(y_true, y_pred, **kwargs)
           ^^^^^^^^^^^^^^^^^^^^^^^^^^^^^^^^^^^^^^^^^
  File "C:\Users\ywcho\AppData\Local\Programs\Python\Python311\Lib\site-packages\sklearn\utils\_param_validation.py", line 213, in wrapper
    return func(*args, **kwargs)
           ^^^^^^^^^^^^^^^^^^^^^
  File "C:\Users\ywcho\AppData\Local\Programs\Python\Python311\Lib\site-packages\sklearn\metrics\_ranking.py", line 634, in roc_auc_score
    return _multiclass_roc_auc_score(
           ^^^^^^^^^^^^^^^^^^^^^^^^^^
  File "C:\Users\ywcho\AppData\Local\Programs\Python\Python311\Lib\site-packages\sklearn\metrics\_ranking.py", line 707, in _multiclass_roc_auc_score
    raise ValueError(
ValueError: Target scores need to be probabilities for multiclass roc_auc, i.e. they should sum up to 1.0 over classes

  warnings.warn(

2025-12-04 15:39:08,466:WARNING:C:\Users\ywcho\AppData\Local\Programs\Python\Python311\Lib\site-packages\sklearn\metrics\_classification.py:1509: UndefinedMetricWarning: Precision is ill-defined and being set to 0.0 in labels with no predicted samples. Use `zero_division` parameter to control this behavior.
  _warn_prf(average, modifier, f"{metric.capitalize()} is", len(result))

2025-12-04 15:39:08,468:WARNING:C:\Users\ywcho\AppData\Local\Programs\Python\Python311\Lib\site-packages\sklearn\metrics\_classification.py:1561: UserWarning: Note that pos_label (set to 'turkish') is ignored when average != 'binary' (got 'weighted'). You may use labels=[pos_label] to specify a single positive class.
  warnings.warn(

2025-12-04 15:39:08,470:WARNING:C:\Users\ywcho\AppData\Local\Programs\Python\Python311\Lib\site-packages\sklearn\metrics\_classification.py:1561: UserWarning: Note that pos_label (set to 'turkish') is ignored when average != 'binary' (got 'weighted'). You may use labels=[pos_label] to specify a single positive class.
  warnings.warn(

2025-12-04 15:39:08,472:WARNING:C:\Users\ywcho\AppData\Local\Programs\Python\Python311\Lib\site-packages\sklearn\metrics\_classification.py:1561: UserWarning: Note that pos_label (set to 'turkish') is ignored when average != 'binary' (got 'weighted'). You may use labels=[pos_label] to specify a single positive class.
  warnings.warn(

2025-12-04 15:39:08,472:WARNING:C:\Users\ywcho\AppData\Local\Programs\Python\Python311\Lib\site-packages\sklearn\metrics\_classification.py:1561: UserWarning: Note that pos_label (set to 'turkish') is ignored when average != 'binary' (got 'weighted'). You may use labels=[pos_label] to specify a single positive class.
  warnings.warn(

2025-12-04 15:39:08,472:WARNING:C:\Users\ywcho\AppData\Local\Programs\Python\Python311\Lib\site-packages\sklearn\metrics\_classification.py:1561: UserWarning: Note that pos_label (set to 'turkish') is ignored when average != 'binary' (got 'weighted'). You may use labels=[pos_label] to specify a single positive class.
  warnings.warn(

2025-12-04 15:39:08,472:WARNING:C:\Users\ywcho\AppData\Local\Programs\Python\Python311\Lib\site-packages\sklearn\metrics\_classification.py:1509: UndefinedMetricWarning: Precision is ill-defined and being set to 0.0 in labels with no predicted samples. Use `zero_division` parameter to control this behavior.
  _warn_prf(average, modifier, f"{metric.capitalize()} is", len(result))

2025-12-04 15:39:08,472:WARNING:C:\Users\ywcho\AppData\Local\Programs\Python\Python311\Lib\site-packages\sklearn\metrics\_classification.py:1561: UserWarning: Note that pos_label (set to 'turkish') is ignored when average != 'binary' (got 'weighted'). You may use labels=[pos_label] to specify a single positive class.
  warnings.warn(

2025-12-04 15:39:08,472:WARNING:C:\Users\ywcho\AppData\Local\Programs\Python\Python311\Lib\site-packages\sklearn\metrics\_classification.py:1561: UserWarning: Note that pos_label (set to 'turkish') is ignored when average != 'binary' (got 'weighted'). You may use labels=[pos_label] to specify a single positive class.
  warnings.warn(

2025-12-04 15:39:08,472:WARNING:C:\Users\ywcho\AppData\Local\Programs\Python\Python311\Lib\site-packages\sklearn\metrics\_classification.py:1561: UserWarning: Note that pos_label (set to 'turkish') is ignored when average != 'binary' (got 'weighted'). You may use labels=[pos_label] to specify a single positive class.
  warnings.warn(

2025-12-04 15:39:08,482:WARNING:C:\Users\ywcho\AppData\Local\Programs\Python\Python311\Lib\site-packages\sklearn\metrics\_classification.py:1509: UndefinedMetricWarning: Precision is ill-defined and being set to 0.0 in labels with no predicted samples. Use `zero_division` parameter to control this behavior.
  _warn_prf(average, modifier, f"{metric.capitalize()} is", len(result))

2025-12-04 15:39:08,484:WARNING:C:\Users\ywcho\AppData\Local\Programs\Python\Python311\Lib\site-packages\sklearn\metrics\_classification.py:1561: UserWarning: Note that pos_label (set to 'turkish') is ignored when average != 'binary' (got 'weighted'). You may use labels=[pos_label] to specify a single positive class.
  warnings.warn(

2025-12-04 15:39:08,486:WARNING:C:\Users\ywcho\AppData\Local\Programs\Python\Python311\Lib\site-packages\sklearn\metrics\_classification.py:1561: UserWarning: Note that pos_label (set to 'turkish') is ignored when average != 'binary' (got 'weighted'). You may use labels=[pos_label] to specify a single positive class.
  warnings.warn(

2025-12-04 15:39:08,488:WARNING:C:\Users\ywcho\AppData\Local\Programs\Python\Python311\Lib\site-packages\sklearn\metrics\_classification.py:1509: UndefinedMetricWarning: Precision is ill-defined and being set to 0.0 in labels with no predicted samples. Use `zero_division` parameter to control this behavior.
  _warn_prf(average, modifier, f"{metric.capitalize()} is", len(result))

2025-12-04 15:39:08,490:WARNING:C:\Users\ywcho\AppData\Local\Programs\Python\Python311\Lib\site-packages\sklearn\metrics\_classification.py:1509: UndefinedMetricWarning: Precision is ill-defined and being set to 0.0 in labels with no predicted samples. Use `zero_division` parameter to control this behavior.
  _warn_prf(average, modifier, f"{metric.capitalize()} is", len(result))

2025-12-04 15:39:08,490:WARNING:C:\Users\ywcho\AppData\Local\Programs\Python\Python311\Lib\site-packages\sklearn\metrics\_classification.py:1509: UndefinedMetricWarning: Precision is ill-defined and being set to 0.0 in labels with no predicted samples. Use `zero_division` parameter to control this behavior.
  _warn_prf(average, modifier, f"{metric.capitalize()} is", len(result))

2025-12-04 15:39:08,495:WARNING:C:\Users\ywcho\AppData\Local\Programs\Python\Python311\Lib\site-packages\sklearn\metrics\_classification.py:1561: UserWarning: Note that pos_label (set to 'turkish') is ignored when average != 'binary' (got 'weighted'). You may use labels=[pos_label] to specify a single positive class.
  warnings.warn(

2025-12-04 15:39:08,495:WARNING:C:\Users\ywcho\AppData\Local\Programs\Python\Python311\Lib\site-packages\sklearn\metrics\_classification.py:1561: UserWarning: Note that pos_label (set to 'turkish') is ignored when average != 'binary' (got 'weighted'). You may use labels=[pos_label] to specify a single positive class.
  warnings.warn(

2025-12-04 15:39:08,497:WARNING:C:\Users\ywcho\AppData\Local\Programs\Python\Python311\Lib\site-packages\sklearn\metrics\_classification.py:1561: UserWarning: Note that pos_label (set to 'turkish') is ignored when average != 'binary' (got 'weighted'). You may use labels=[pos_label] to specify a single positive class.
  warnings.warn(

2025-12-04 15:39:08,514:INFO:Calculating mean and std
2025-12-04 15:39:08,515:INFO:Creating metrics dataframe
2025-12-04 15:39:08,516:INFO:Uploading results into container
2025-12-04 15:39:08,517:INFO:Uploading model into container now
2025-12-04 15:39:08,517:INFO:_master_model_container: 9
2025-12-04 15:39:08,517:INFO:_display_container: 2
2025-12-04 15:39:08,517:INFO:AdaBoostClassifier(algorithm='SAMME.R', estimator=None, learning_rate=1.0,
                   n_estimators=50, random_state=42)
2025-12-04 15:39:08,517:INFO:create_model() successfully completed......................................
2025-12-04 15:39:08,619:INFO:SubProcess create_model() end ==================================
2025-12-04 15:39:08,619:INFO:Creating metrics dataframe
2025-12-04 15:39:08,620:INFO:Initializing Gradient Boosting Classifier
2025-12-04 15:39:08,620:INFO:Total runtime is 0.6015671213467916 minutes
2025-12-04 15:39:08,621:INFO:SubProcess create_model() called ==================================
2025-12-04 15:39:08,621:INFO:Initializing create_model()
2025-12-04 15:39:08,621:INFO:create_model(self=<pycaret.classification.oop.ClassificationExperiment object at 0x000002A1B340F610>, estimator=gbc, fold=StratifiedKFold(n_splits=10, random_state=None, shuffle=False), round=4, cross_validation=True, predict=True, fit_kwargs={}, groups=None, refit=False, probability_threshold=None, experiment_custom_tags=None, verbose=False, system=False, add_to_model_list=True, metrics=None, display=<pycaret.internal.display.display.CommonDisplay object at 0x000002A1ED63DA50>, model_only=True, return_train_score=False, error_score=0.0, kwargs={})
2025-12-04 15:39:08,621:INFO:Checking exceptions
2025-12-04 15:39:08,621:INFO:Importing libraries
2025-12-04 15:39:08,621:INFO:Copying training dataset
2025-12-04 15:39:08,627:INFO:Defining folds
2025-12-04 15:39:08,627:INFO:Declaring metric variables
2025-12-04 15:39:08,627:INFO:Importing untrained model
2025-12-04 15:39:08,627:INFO:Gradient Boosting Classifier Imported successfully
2025-12-04 15:39:08,627:INFO:Starting cross validation
2025-12-04 15:39:08,627:INFO:Cross validating with StratifiedKFold(n_splits=10, random_state=None, shuffle=False), n_jobs=-1
2025-12-04 15:39:08,900:WARNING:C:\Users\ywcho\AppData\Local\Programs\Python\Python311\Lib\site-packages\numpy\core\_methods.py:187: RuntimeWarning: overflow encountered in reduce
  ret = umr_sum(x, axis, dtype, out, keepdims=keepdims, where=where)

2025-12-04 15:39:08,922:WARNING:C:\Users\ywcho\AppData\Local\Programs\Python\Python311\Lib\site-packages\numpy\core\_methods.py:187: RuntimeWarning: overflow encountered in reduce
  ret = umr_sum(x, axis, dtype, out, keepdims=keepdims, where=where)

2025-12-04 15:39:08,925:WARNING:C:\Users\ywcho\AppData\Local\Programs\Python\Python311\Lib\site-packages\numpy\core\_methods.py:187: RuntimeWarning: overflow encountered in reduce
  ret = umr_sum(x, axis, dtype, out, keepdims=keepdims, where=where)

2025-12-04 15:39:08,936:WARNING:C:\Users\ywcho\AppData\Local\Programs\Python\Python311\Lib\site-packages\numpy\core\_methods.py:187: RuntimeWarning: overflow encountered in reduce
  ret = umr_sum(x, axis, dtype, out, keepdims=keepdims, where=where)

2025-12-04 15:39:08,941:WARNING:C:\Users\ywcho\AppData\Local\Programs\Python\Python311\Lib\site-packages\numpy\core\_methods.py:187: RuntimeWarning: overflow encountered in reduce
  ret = umr_sum(x, axis, dtype, out, keepdims=keepdims, where=where)

2025-12-04 15:39:08,942:WARNING:C:\Users\ywcho\AppData\Local\Programs\Python\Python311\Lib\site-packages\numpy\core\_methods.py:187: RuntimeWarning: overflow encountered in reduce
  ret = umr_sum(x, axis, dtype, out, keepdims=keepdims, where=where)

2025-12-04 15:39:08,944:WARNING:C:\Users\ywcho\AppData\Local\Programs\Python\Python311\Lib\site-packages\numpy\core\_methods.py:187: RuntimeWarning: overflow encountered in reduce
  ret = umr_sum(x, axis, dtype, out, keepdims=keepdims, where=where)

2025-12-04 15:39:08,945:WARNING:C:\Users\ywcho\AppData\Local\Programs\Python\Python311\Lib\site-packages\numpy\core\_methods.py:187: RuntimeWarning: overflow encountered in reduce
  ret = umr_sum(x, axis, dtype, out, keepdims=keepdims, where=where)

2025-12-04 15:39:08,951:WARNING:C:\Users\ywcho\AppData\Local\Programs\Python\Python311\Lib\site-packages\numpy\core\_methods.py:187: RuntimeWarning: overflow encountered in reduce
  ret = umr_sum(x, axis, dtype, out, keepdims=keepdims, where=where)

2025-12-04 15:39:08,964:WARNING:C:\Users\ywcho\AppData\Local\Programs\Python\Python311\Lib\site-packages\numpy\core\_methods.py:187: RuntimeWarning: overflow encountered in reduce
  ret = umr_sum(x, axis, dtype, out, keepdims=keepdims, where=where)

2025-12-04 15:41:31,452:WARNING:C:\Users\ywcho\AppData\Local\Programs\Python\Python311\Lib\site-packages\pycaret\internal\metrics.py:204: FitFailedWarning: Metric 'make_scorer(roc_auc_score, response_method=('decision_function', 'predict_proba'), average=weighted, multi_class=ovr)' failed and error score 0.0 has been returned instead. If this is a custom metric, this usually means that the error is in the metric code. Full exception below:
Traceback (most recent call last):
  File "C:\Users\ywcho\AppData\Local\Programs\Python\Python311\Lib\site-packages\pycaret\internal\metrics.py", line 196, in _score
    return super()._score(
           ^^^^^^^^^^^^^^^
  File "C:\Users\ywcho\AppData\Local\Programs\Python\Python311\Lib\site-packages\sklearn\metrics\_scorer.py", line 350, in _score
    return self._sign * self._score_func(y_true, y_pred, **scoring_kwargs)
                        ^^^^^^^^^^^^^^^^^^^^^^^^^^^^^^^^^^^^^^^^^^^^^^^^^^
  File "C:\Users\ywcho\AppData\Local\Programs\Python\Python311\Lib\site-packages\pycaret\internal\metrics.py", line 144, in __call__
    return self.score_func(y_true, y_pred, **kwargs)
           ^^^^^^^^^^^^^^^^^^^^^^^^^^^^^^^^^^^^^^^^^
  File "C:\Users\ywcho\AppData\Local\Programs\Python\Python311\Lib\site-packages\sklearn\utils\_param_validation.py", line 213, in wrapper
    return func(*args, **kwargs)
           ^^^^^^^^^^^^^^^^^^^^^
  File "C:\Users\ywcho\AppData\Local\Programs\Python\Python311\Lib\site-packages\sklearn\metrics\_ranking.py", line 634, in roc_auc_score
    return _multiclass_roc_auc_score(
           ^^^^^^^^^^^^^^^^^^^^^^^^^^
  File "C:\Users\ywcho\AppData\Local\Programs\Python\Python311\Lib\site-packages\sklearn\metrics\_ranking.py", line 707, in _multiclass_roc_auc_score
    raise ValueError(
ValueError: Target scores need to be probabilities for multiclass roc_auc, i.e. they should sum up to 1.0 over classes

  warnings.warn(

2025-12-04 15:41:31,460:WARNING:C:\Users\ywcho\AppData\Local\Programs\Python\Python311\Lib\site-packages\sklearn\metrics\_classification.py:1561: UserWarning: Note that pos_label (set to 'turkish') is ignored when average != 'binary' (got 'weighted'). You may use labels=[pos_label] to specify a single positive class.
  warnings.warn(

2025-12-04 15:41:31,473:WARNING:C:\Users\ywcho\AppData\Local\Programs\Python\Python311\Lib\site-packages\sklearn\metrics\_classification.py:1561: UserWarning: Note that pos_label (set to 'turkish') is ignored when average != 'binary' (got 'weighted'). You may use labels=[pos_label] to specify a single positive class.
  warnings.warn(

2025-12-04 15:41:31,492:WARNING:C:\Users\ywcho\AppData\Local\Programs\Python\Python311\Lib\site-packages\sklearn\metrics\_classification.py:1561: UserWarning: Note that pos_label (set to 'turkish') is ignored when average != 'binary' (got 'weighted'). You may use labels=[pos_label] to specify a single positive class.
  warnings.warn(

2025-12-04 15:41:31,925:WARNING:C:\Users\ywcho\AppData\Local\Programs\Python\Python311\Lib\site-packages\pycaret\internal\metrics.py:204: FitFailedWarning: Metric 'make_scorer(roc_auc_score, response_method=('decision_function', 'predict_proba'), average=weighted, multi_class=ovr)' failed and error score 0.0 has been returned instead. If this is a custom metric, this usually means that the error is in the metric code. Full exception below:
Traceback (most recent call last):
  File "C:\Users\ywcho\AppData\Local\Programs\Python\Python311\Lib\site-packages\pycaret\internal\metrics.py", line 196, in _score
    return super()._score(
           ^^^^^^^^^^^^^^^
  File "C:\Users\ywcho\AppData\Local\Programs\Python\Python311\Lib\site-packages\sklearn\metrics\_scorer.py", line 350, in _score
    return self._sign * self._score_func(y_true, y_pred, **scoring_kwargs)
                        ^^^^^^^^^^^^^^^^^^^^^^^^^^^^^^^^^^^^^^^^^^^^^^^^^^
  File "C:\Users\ywcho\AppData\Local\Programs\Python\Python311\Lib\site-packages\pycaret\internal\metrics.py", line 144, in __call__
    return self.score_func(y_true, y_pred, **kwargs)
           ^^^^^^^^^^^^^^^^^^^^^^^^^^^^^^^^^^^^^^^^^
  File "C:\Users\ywcho\AppData\Local\Programs\Python\Python311\Lib\site-packages\sklearn\utils\_param_validation.py", line 213, in wrapper
    return func(*args, **kwargs)
           ^^^^^^^^^^^^^^^^^^^^^
  File "C:\Users\ywcho\AppData\Local\Programs\Python\Python311\Lib\site-packages\sklearn\metrics\_ranking.py", line 634, in roc_auc_score
    return _multiclass_roc_auc_score(
           ^^^^^^^^^^^^^^^^^^^^^^^^^^
  File "C:\Users\ywcho\AppData\Local\Programs\Python\Python311\Lib\site-packages\sklearn\metrics\_ranking.py", line 707, in _multiclass_roc_auc_score
    raise ValueError(
ValueError: Target scores need to be probabilities for multiclass roc_auc, i.e. they should sum up to 1.0 over classes

  warnings.warn(

2025-12-04 15:41:31,932:WARNING:C:\Users\ywcho\AppData\Local\Programs\Python\Python311\Lib\site-packages\sklearn\metrics\_classification.py:1561: UserWarning: Note that pos_label (set to 'turkish') is ignored when average != 'binary' (got 'weighted'). You may use labels=[pos_label] to specify a single positive class.
  warnings.warn(

2025-12-04 15:41:31,945:WARNING:C:\Users\ywcho\AppData\Local\Programs\Python\Python311\Lib\site-packages\sklearn\metrics\_classification.py:1561: UserWarning: Note that pos_label (set to 'turkish') is ignored when average != 'binary' (got 'weighted'). You may use labels=[pos_label] to specify a single positive class.
  warnings.warn(

2025-12-04 15:41:31,956:WARNING:C:\Users\ywcho\AppData\Local\Programs\Python\Python311\Lib\site-packages\sklearn\metrics\_classification.py:1561: UserWarning: Note that pos_label (set to 'turkish') is ignored when average != 'binary' (got 'weighted'). You may use labels=[pos_label] to specify a single positive class.
  warnings.warn(

2025-12-04 15:41:32,170:WARNING:C:\Users\ywcho\AppData\Local\Programs\Python\Python311\Lib\site-packages\pycaret\internal\metrics.py:204: FitFailedWarning: Metric 'make_scorer(roc_auc_score, response_method=('decision_function', 'predict_proba'), average=weighted, multi_class=ovr)' failed and error score 0.0 has been returned instead. If this is a custom metric, this usually means that the error is in the metric code. Full exception below:
Traceback (most recent call last):
  File "C:\Users\ywcho\AppData\Local\Programs\Python\Python311\Lib\site-packages\pycaret\internal\metrics.py", line 196, in _score
    return super()._score(
           ^^^^^^^^^^^^^^^
  File "C:\Users\ywcho\AppData\Local\Programs\Python\Python311\Lib\site-packages\sklearn\metrics\_scorer.py", line 350, in _score
    return self._sign * self._score_func(y_true, y_pred, **scoring_kwargs)
                        ^^^^^^^^^^^^^^^^^^^^^^^^^^^^^^^^^^^^^^^^^^^^^^^^^^
  File "C:\Users\ywcho\AppData\Local\Programs\Python\Python311\Lib\site-packages\pycaret\internal\metrics.py", line 144, in __call__
    return self.score_func(y_true, y_pred, **kwargs)
           ^^^^^^^^^^^^^^^^^^^^^^^^^^^^^^^^^^^^^^^^^
  File "C:\Users\ywcho\AppData\Local\Programs\Python\Python311\Lib\site-packages\sklearn\utils\_param_validation.py", line 213, in wrapper
    return func(*args, **kwargs)
           ^^^^^^^^^^^^^^^^^^^^^
  File "C:\Users\ywcho\AppData\Local\Programs\Python\Python311\Lib\site-packages\sklearn\metrics\_ranking.py", line 634, in roc_auc_score
    return _multiclass_roc_auc_score(
           ^^^^^^^^^^^^^^^^^^^^^^^^^^
  File "C:\Users\ywcho\AppData\Local\Programs\Python\Python311\Lib\site-packages\sklearn\metrics\_ranking.py", line 707, in _multiclass_roc_auc_score
    raise ValueError(
ValueError: Target scores need to be probabilities for multiclass roc_auc, i.e. they should sum up to 1.0 over classes

  warnings.warn(

2025-12-04 15:41:32,175:WARNING:C:\Users\ywcho\AppData\Local\Programs\Python\Python311\Lib\site-packages\sklearn\metrics\_classification.py:1561: UserWarning: Note that pos_label (set to 'turkish') is ignored when average != 'binary' (got 'weighted'). You may use labels=[pos_label] to specify a single positive class.
  warnings.warn(

2025-12-04 15:41:32,187:WARNING:C:\Users\ywcho\AppData\Local\Programs\Python\Python311\Lib\site-packages\sklearn\metrics\_classification.py:1561: UserWarning: Note that pos_label (set to 'turkish') is ignored when average != 'binary' (got 'weighted'). You may use labels=[pos_label] to specify a single positive class.
  warnings.warn(

2025-12-04 15:41:32,197:WARNING:C:\Users\ywcho\AppData\Local\Programs\Python\Python311\Lib\site-packages\sklearn\metrics\_classification.py:1561: UserWarning: Note that pos_label (set to 'turkish') is ignored when average != 'binary' (got 'weighted'). You may use labels=[pos_label] to specify a single positive class.
  warnings.warn(

2025-12-04 15:41:32,209:WARNING:C:\Users\ywcho\AppData\Local\Programs\Python\Python311\Lib\site-packages\pycaret\internal\metrics.py:204: FitFailedWarning: Metric 'make_scorer(roc_auc_score, response_method=('decision_function', 'predict_proba'), average=weighted, multi_class=ovr)' failed and error score 0.0 has been returned instead. If this is a custom metric, this usually means that the error is in the metric code. Full exception below:
Traceback (most recent call last):
  File "C:\Users\ywcho\AppData\Local\Programs\Python\Python311\Lib\site-packages\pycaret\internal\metrics.py", line 196, in _score
    return super()._score(
           ^^^^^^^^^^^^^^^
  File "C:\Users\ywcho\AppData\Local\Programs\Python\Python311\Lib\site-packages\sklearn\metrics\_scorer.py", line 350, in _score
    return self._sign * self._score_func(y_true, y_pred, **scoring_kwargs)
                        ^^^^^^^^^^^^^^^^^^^^^^^^^^^^^^^^^^^^^^^^^^^^^^^^^^
  File "C:\Users\ywcho\AppData\Local\Programs\Python\Python311\Lib\site-packages\pycaret\internal\metrics.py", line 144, in __call__
    return self.score_func(y_true, y_pred, **kwargs)
           ^^^^^^^^^^^^^^^^^^^^^^^^^^^^^^^^^^^^^^^^^
  File "C:\Users\ywcho\AppData\Local\Programs\Python\Python311\Lib\site-packages\sklearn\utils\_param_validation.py", line 213, in wrapper
    return func(*args, **kwargs)
           ^^^^^^^^^^^^^^^^^^^^^
  File "C:\Users\ywcho\AppData\Local\Programs\Python\Python311\Lib\site-packages\sklearn\metrics\_ranking.py", line 634, in roc_auc_score
    return _multiclass_roc_auc_score(
           ^^^^^^^^^^^^^^^^^^^^^^^^^^
  File "C:\Users\ywcho\AppData\Local\Programs\Python\Python311\Lib\site-packages\sklearn\metrics\_ranking.py", line 707, in _multiclass_roc_auc_score
    raise ValueError(
ValueError: Target scores need to be probabilities for multiclass roc_auc, i.e. they should sum up to 1.0 over classes

  warnings.warn(

2025-12-04 15:41:32,214:WARNING:C:\Users\ywcho\AppData\Local\Programs\Python\Python311\Lib\site-packages\sklearn\metrics\_classification.py:1561: UserWarning: Note that pos_label (set to 'turkish') is ignored when average != 'binary' (got 'weighted'). You may use labels=[pos_label] to specify a single positive class.
  warnings.warn(

2025-12-04 15:41:32,225:WARNING:C:\Users\ywcho\AppData\Local\Programs\Python\Python311\Lib\site-packages\sklearn\metrics\_classification.py:1561: UserWarning: Note that pos_label (set to 'turkish') is ignored when average != 'binary' (got 'weighted'). You may use labels=[pos_label] to specify a single positive class.
  warnings.warn(

2025-12-04 15:41:32,237:WARNING:C:\Users\ywcho\AppData\Local\Programs\Python\Python311\Lib\site-packages\sklearn\metrics\_classification.py:1561: UserWarning: Note that pos_label (set to 'turkish') is ignored when average != 'binary' (got 'weighted'). You may use labels=[pos_label] to specify a single positive class.
  warnings.warn(

2025-12-04 15:41:32,336:WARNING:C:\Users\ywcho\AppData\Local\Programs\Python\Python311\Lib\site-packages\pycaret\internal\metrics.py:204: FitFailedWarning: Metric 'make_scorer(roc_auc_score, response_method=('decision_function', 'predict_proba'), average=weighted, multi_class=ovr)' failed and error score 0.0 has been returned instead. If this is a custom metric, this usually means that the error is in the metric code. Full exception below:
Traceback (most recent call last):
  File "C:\Users\ywcho\AppData\Local\Programs\Python\Python311\Lib\site-packages\pycaret\internal\metrics.py", line 196, in _score
    return super()._score(
           ^^^^^^^^^^^^^^^
  File "C:\Users\ywcho\AppData\Local\Programs\Python\Python311\Lib\site-packages\sklearn\metrics\_scorer.py", line 350, in _score
    return self._sign * self._score_func(y_true, y_pred, **scoring_kwargs)
                        ^^^^^^^^^^^^^^^^^^^^^^^^^^^^^^^^^^^^^^^^^^^^^^^^^^
  File "C:\Users\ywcho\AppData\Local\Programs\Python\Python311\Lib\site-packages\pycaret\internal\metrics.py", line 144, in __call__
    return self.score_func(y_true, y_pred, **kwargs)
           ^^^^^^^^^^^^^^^^^^^^^^^^^^^^^^^^^^^^^^^^^
  File "C:\Users\ywcho\AppData\Local\Programs\Python\Python311\Lib\site-packages\sklearn\utils\_param_validation.py", line 213, in wrapper
    return func(*args, **kwargs)
           ^^^^^^^^^^^^^^^^^^^^^
  File "C:\Users\ywcho\AppData\Local\Programs\Python\Python311\Lib\site-packages\sklearn\metrics\_ranking.py", line 634, in roc_auc_score
    return _multiclass_roc_auc_score(
           ^^^^^^^^^^^^^^^^^^^^^^^^^^
  File "C:\Users\ywcho\AppData\Local\Programs\Python\Python311\Lib\site-packages\sklearn\metrics\_ranking.py", line 707, in _multiclass_roc_auc_score
    raise ValueError(
ValueError: Target scores need to be probabilities for multiclass roc_auc, i.e. they should sum up to 1.0 over classes

  warnings.warn(

2025-12-04 15:41:32,342:WARNING:C:\Users\ywcho\AppData\Local\Programs\Python\Python311\Lib\site-packages\sklearn\metrics\_classification.py:1561: UserWarning: Note that pos_label (set to 'turkish') is ignored when average != 'binary' (got 'weighted'). You may use labels=[pos_label] to specify a single positive class.
  warnings.warn(

2025-12-04 15:41:32,355:WARNING:C:\Users\ywcho\AppData\Local\Programs\Python\Python311\Lib\site-packages\sklearn\metrics\_classification.py:1561: UserWarning: Note that pos_label (set to 'turkish') is ignored when average != 'binary' (got 'weighted'). You may use labels=[pos_label] to specify a single positive class.
  warnings.warn(

2025-12-04 15:41:32,365:WARNING:C:\Users\ywcho\AppData\Local\Programs\Python\Python311\Lib\site-packages\sklearn\metrics\_classification.py:1561: UserWarning: Note that pos_label (set to 'turkish') is ignored when average != 'binary' (got 'weighted'). You may use labels=[pos_label] to specify a single positive class.
  warnings.warn(

2025-12-04 15:41:32,383:WARNING:C:\Users\ywcho\AppData\Local\Programs\Python\Python311\Lib\site-packages\pycaret\internal\metrics.py:204: FitFailedWarning: Metric 'make_scorer(roc_auc_score, response_method=('decision_function', 'predict_proba'), average=weighted, multi_class=ovr)' failed and error score 0.0 has been returned instead. If this is a custom metric, this usually means that the error is in the metric code. Full exception below:
Traceback (most recent call last):
  File "C:\Users\ywcho\AppData\Local\Programs\Python\Python311\Lib\site-packages\pycaret\internal\metrics.py", line 196, in _score
    return super()._score(
           ^^^^^^^^^^^^^^^
  File "C:\Users\ywcho\AppData\Local\Programs\Python\Python311\Lib\site-packages\sklearn\metrics\_scorer.py", line 350, in _score
    return self._sign * self._score_func(y_true, y_pred, **scoring_kwargs)
                        ^^^^^^^^^^^^^^^^^^^^^^^^^^^^^^^^^^^^^^^^^^^^^^^^^^
  File "C:\Users\ywcho\AppData\Local\Programs\Python\Python311\Lib\site-packages\pycaret\internal\metrics.py", line 144, in __call__
    return self.score_func(y_true, y_pred, **kwargs)
           ^^^^^^^^^^^^^^^^^^^^^^^^^^^^^^^^^^^^^^^^^
  File "C:\Users\ywcho\AppData\Local\Programs\Python\Python311\Lib\site-packages\sklearn\utils\_param_validation.py", line 213, in wrapper
    return func(*args, **kwargs)
           ^^^^^^^^^^^^^^^^^^^^^
  File "C:\Users\ywcho\AppData\Local\Programs\Python\Python311\Lib\site-packages\sklearn\metrics\_ranking.py", line 634, in roc_auc_score
    return _multiclass_roc_auc_score(
           ^^^^^^^^^^^^^^^^^^^^^^^^^^
  File "C:\Users\ywcho\AppData\Local\Programs\Python\Python311\Lib\site-packages\sklearn\metrics\_ranking.py", line 707, in _multiclass_roc_auc_score
    raise ValueError(
ValueError: Target scores need to be probabilities for multiclass roc_auc, i.e. they should sum up to 1.0 over classes

  warnings.warn(

2025-12-04 15:41:32,388:WARNING:C:\Users\ywcho\AppData\Local\Programs\Python\Python311\Lib\site-packages\sklearn\metrics\_classification.py:1561: UserWarning: Note that pos_label (set to 'turkish') is ignored when average != 'binary' (got 'weighted'). You may use labels=[pos_label] to specify a single positive class.
  warnings.warn(

2025-12-04 15:41:32,393:WARNING:C:\Users\ywcho\AppData\Local\Programs\Python\Python311\Lib\site-packages\sklearn\metrics\_classification.py:1561: UserWarning: Note that pos_label (set to 'turkish') is ignored when average != 'binary' (got 'weighted'). You may use labels=[pos_label] to specify a single positive class.
  warnings.warn(

2025-12-04 15:41:32,405:WARNING:C:\Users\ywcho\AppData\Local\Programs\Python\Python311\Lib\site-packages\sklearn\metrics\_classification.py:1561: UserWarning: Note that pos_label (set to 'turkish') is ignored when average != 'binary' (got 'weighted'). You may use labels=[pos_label] to specify a single positive class.
  warnings.warn(

2025-12-04 15:41:32,578:WARNING:C:\Users\ywcho\AppData\Local\Programs\Python\Python311\Lib\site-packages\pycaret\internal\metrics.py:204: FitFailedWarning: Metric 'make_scorer(roc_auc_score, response_method=('decision_function', 'predict_proba'), average=weighted, multi_class=ovr)' failed and error score 0.0 has been returned instead. If this is a custom metric, this usually means that the error is in the metric code. Full exception below:
Traceback (most recent call last):
  File "C:\Users\ywcho\AppData\Local\Programs\Python\Python311\Lib\site-packages\pycaret\internal\metrics.py", line 196, in _score
    return super()._score(
           ^^^^^^^^^^^^^^^
  File "C:\Users\ywcho\AppData\Local\Programs\Python\Python311\Lib\site-packages\sklearn\metrics\_scorer.py", line 350, in _score
    return self._sign * self._score_func(y_true, y_pred, **scoring_kwargs)
                        ^^^^^^^^^^^^^^^^^^^^^^^^^^^^^^^^^^^^^^^^^^^^^^^^^^
  File "C:\Users\ywcho\AppData\Local\Programs\Python\Python311\Lib\site-packages\pycaret\internal\metrics.py", line 144, in __call__
    return self.score_func(y_true, y_pred, **kwargs)
           ^^^^^^^^^^^^^^^^^^^^^^^^^^^^^^^^^^^^^^^^^
  File "C:\Users\ywcho\AppData\Local\Programs\Python\Python311\Lib\site-packages\sklearn\utils\_param_validation.py", line 213, in wrapper
    return func(*args, **kwargs)
           ^^^^^^^^^^^^^^^^^^^^^
  File "C:\Users\ywcho\AppData\Local\Programs\Python\Python311\Lib\site-packages\sklearn\metrics\_ranking.py", line 634, in roc_auc_score
    return _multiclass_roc_auc_score(
           ^^^^^^^^^^^^^^^^^^^^^^^^^^
  File "C:\Users\ywcho\AppData\Local\Programs\Python\Python311\Lib\site-packages\sklearn\metrics\_ranking.py", line 707, in _multiclass_roc_auc_score
    raise ValueError(
ValueError: Target scores need to be probabilities for multiclass roc_auc, i.e. they should sum up to 1.0 over classes

  warnings.warn(

2025-12-04 15:41:32,590:WARNING:C:\Users\ywcho\AppData\Local\Programs\Python\Python311\Lib\site-packages\sklearn\metrics\_classification.py:1561: UserWarning: Note that pos_label (set to 'turkish') is ignored when average != 'binary' (got 'weighted'). You may use labels=[pos_label] to specify a single positive class.
  warnings.warn(

2025-12-04 15:41:32,598:WARNING:C:\Users\ywcho\AppData\Local\Programs\Python\Python311\Lib\site-packages\sklearn\metrics\_classification.py:1561: UserWarning: Note that pos_label (set to 'turkish') is ignored when average != 'binary' (got 'weighted'). You may use labels=[pos_label] to specify a single positive class.
  warnings.warn(

2025-12-04 15:41:32,608:WARNING:C:\Users\ywcho\AppData\Local\Programs\Python\Python311\Lib\site-packages\sklearn\metrics\_classification.py:1561: UserWarning: Note that pos_label (set to 'turkish') is ignored when average != 'binary' (got 'weighted'). You may use labels=[pos_label] to specify a single positive class.
  warnings.warn(

2025-12-04 15:41:32,608:WARNING:C:\Users\ywcho\AppData\Local\Programs\Python\Python311\Lib\site-packages\pycaret\internal\metrics.py:204: FitFailedWarning: Metric 'make_scorer(roc_auc_score, response_method=('decision_function', 'predict_proba'), average=weighted, multi_class=ovr)' failed and error score 0.0 has been returned instead. If this is a custom metric, this usually means that the error is in the metric code. Full exception below:
Traceback (most recent call last):
  File "C:\Users\ywcho\AppData\Local\Programs\Python\Python311\Lib\site-packages\pycaret\internal\metrics.py", line 196, in _score
    return super()._score(
           ^^^^^^^^^^^^^^^
  File "C:\Users\ywcho\AppData\Local\Programs\Python\Python311\Lib\site-packages\sklearn\metrics\_scorer.py", line 350, in _score
    return self._sign * self._score_func(y_true, y_pred, **scoring_kwargs)
                        ^^^^^^^^^^^^^^^^^^^^^^^^^^^^^^^^^^^^^^^^^^^^^^^^^^
  File "C:\Users\ywcho\AppData\Local\Programs\Python\Python311\Lib\site-packages\pycaret\internal\metrics.py", line 144, in __call__
    return self.score_func(y_true, y_pred, **kwargs)
           ^^^^^^^^^^^^^^^^^^^^^^^^^^^^^^^^^^^^^^^^^
  File "C:\Users\ywcho\AppData\Local\Programs\Python\Python311\Lib\site-packages\sklearn\utils\_param_validation.py", line 213, in wrapper
    return func(*args, **kwargs)
           ^^^^^^^^^^^^^^^^^^^^^
  File "C:\Users\ywcho\AppData\Local\Programs\Python\Python311\Lib\site-packages\sklearn\metrics\_ranking.py", line 634, in roc_auc_score
    return _multiclass_roc_auc_score(
           ^^^^^^^^^^^^^^^^^^^^^^^^^^
  File "C:\Users\ywcho\AppData\Local\Programs\Python\Python311\Lib\site-packages\sklearn\metrics\_ranking.py", line 707, in _multiclass_roc_auc_score
    raise ValueError(
ValueError: Target scores need to be probabilities for multiclass roc_auc, i.e. they should sum up to 1.0 over classes

  warnings.warn(

2025-12-04 15:41:32,622:WARNING:C:\Users\ywcho\AppData\Local\Programs\Python\Python311\Lib\site-packages\sklearn\metrics\_classification.py:1561: UserWarning: Note that pos_label (set to 'turkish') is ignored when average != 'binary' (got 'weighted'). You may use labels=[pos_label] to specify a single positive class.
  warnings.warn(

2025-12-04 15:41:32,629:WARNING:C:\Users\ywcho\AppData\Local\Programs\Python\Python311\Lib\site-packages\sklearn\metrics\_classification.py:1561: UserWarning: Note that pos_label (set to 'turkish') is ignored when average != 'binary' (got 'weighted'). You may use labels=[pos_label] to specify a single positive class.
  warnings.warn(

2025-12-04 15:41:32,639:WARNING:C:\Users\ywcho\AppData\Local\Programs\Python\Python311\Lib\site-packages\sklearn\metrics\_classification.py:1561: UserWarning: Note that pos_label (set to 'turkish') is ignored when average != 'binary' (got 'weighted'). You may use labels=[pos_label] to specify a single positive class.
  warnings.warn(

2025-12-04 15:41:32,734:WARNING:C:\Users\ywcho\AppData\Local\Programs\Python\Python311\Lib\site-packages\pycaret\internal\metrics.py:204: FitFailedWarning: Metric 'make_scorer(roc_auc_score, response_method=('decision_function', 'predict_proba'), average=weighted, multi_class=ovr)' failed and error score 0.0 has been returned instead. If this is a custom metric, this usually means that the error is in the metric code. Full exception below:
Traceback (most recent call last):
  File "C:\Users\ywcho\AppData\Local\Programs\Python\Python311\Lib\site-packages\pycaret\internal\metrics.py", line 196, in _score
    return super()._score(
           ^^^^^^^^^^^^^^^
  File "C:\Users\ywcho\AppData\Local\Programs\Python\Python311\Lib\site-packages\sklearn\metrics\_scorer.py", line 350, in _score
    return self._sign * self._score_func(y_true, y_pred, **scoring_kwargs)
                        ^^^^^^^^^^^^^^^^^^^^^^^^^^^^^^^^^^^^^^^^^^^^^^^^^^
  File "C:\Users\ywcho\AppData\Local\Programs\Python\Python311\Lib\site-packages\pycaret\internal\metrics.py", line 144, in __call__
    return self.score_func(y_true, y_pred, **kwargs)
           ^^^^^^^^^^^^^^^^^^^^^^^^^^^^^^^^^^^^^^^^^
  File "C:\Users\ywcho\AppData\Local\Programs\Python\Python311\Lib\site-packages\sklearn\utils\_param_validation.py", line 213, in wrapper
    return func(*args, **kwargs)
           ^^^^^^^^^^^^^^^^^^^^^
  File "C:\Users\ywcho\AppData\Local\Programs\Python\Python311\Lib\site-packages\sklearn\metrics\_ranking.py", line 634, in roc_auc_score
    return _multiclass_roc_auc_score(
           ^^^^^^^^^^^^^^^^^^^^^^^^^^
  File "C:\Users\ywcho\AppData\Local\Programs\Python\Python311\Lib\site-packages\sklearn\metrics\_ranking.py", line 707, in _multiclass_roc_auc_score
    raise ValueError(
ValueError: Target scores need to be probabilities for multiclass roc_auc, i.e. they should sum up to 1.0 over classes

  warnings.warn(

2025-12-04 15:41:32,734:WARNING:C:\Users\ywcho\AppData\Local\Programs\Python\Python311\Lib\site-packages\sklearn\metrics\_classification.py:1561: UserWarning: Note that pos_label (set to 'turkish') is ignored when average != 'binary' (got 'weighted'). You may use labels=[pos_label] to specify a single positive class.
  warnings.warn(

2025-12-04 15:41:32,741:WARNING:C:\Users\ywcho\AppData\Local\Programs\Python\Python311\Lib\site-packages\sklearn\metrics\_classification.py:1561: UserWarning: Note that pos_label (set to 'turkish') is ignored when average != 'binary' (got 'weighted'). You may use labels=[pos_label] to specify a single positive class.
  warnings.warn(

2025-12-04 15:41:32,751:WARNING:C:\Users\ywcho\AppData\Local\Programs\Python\Python311\Lib\site-packages\sklearn\metrics\_classification.py:1561: UserWarning: Note that pos_label (set to 'turkish') is ignored when average != 'binary' (got 'weighted'). You may use labels=[pos_label] to specify a single positive class.
  warnings.warn(

2025-12-04 15:41:32,773:WARNING:C:\Users\ywcho\AppData\Local\Programs\Python\Python311\Lib\site-packages\pycaret\internal\metrics.py:204: FitFailedWarning: Metric 'make_scorer(roc_auc_score, response_method=('decision_function', 'predict_proba'), average=weighted, multi_class=ovr)' failed and error score 0.0 has been returned instead. If this is a custom metric, this usually means that the error is in the metric code. Full exception below:
Traceback (most recent call last):
  File "C:\Users\ywcho\AppData\Local\Programs\Python\Python311\Lib\site-packages\pycaret\internal\metrics.py", line 196, in _score
    return super()._score(
           ^^^^^^^^^^^^^^^
  File "C:\Users\ywcho\AppData\Local\Programs\Python\Python311\Lib\site-packages\sklearn\metrics\_scorer.py", line 350, in _score
    return self._sign * self._score_func(y_true, y_pred, **scoring_kwargs)
                        ^^^^^^^^^^^^^^^^^^^^^^^^^^^^^^^^^^^^^^^^^^^^^^^^^^
  File "C:\Users\ywcho\AppData\Local\Programs\Python\Python311\Lib\site-packages\pycaret\internal\metrics.py", line 144, in __call__
    return self.score_func(y_true, y_pred, **kwargs)
           ^^^^^^^^^^^^^^^^^^^^^^^^^^^^^^^^^^^^^^^^^
  File "C:\Users\ywcho\AppData\Local\Programs\Python\Python311\Lib\site-packages\sklearn\utils\_param_validation.py", line 213, in wrapper
    return func(*args, **kwargs)
           ^^^^^^^^^^^^^^^^^^^^^
  File "C:\Users\ywcho\AppData\Local\Programs\Python\Python311\Lib\site-packages\sklearn\metrics\_ranking.py", line 634, in roc_auc_score
    return _multiclass_roc_auc_score(
           ^^^^^^^^^^^^^^^^^^^^^^^^^^
  File "C:\Users\ywcho\AppData\Local\Programs\Python\Python311\Lib\site-packages\sklearn\metrics\_ranking.py", line 707, in _multiclass_roc_auc_score
    raise ValueError(
ValueError: Target scores need to be probabilities for multiclass roc_auc, i.e. they should sum up to 1.0 over classes

  warnings.warn(

2025-12-04 15:41:32,773:WARNING:C:\Users\ywcho\AppData\Local\Programs\Python\Python311\Lib\site-packages\sklearn\metrics\_classification.py:1561: UserWarning: Note that pos_label (set to 'turkish') is ignored when average != 'binary' (got 'weighted'). You may use labels=[pos_label] to specify a single positive class.
  warnings.warn(

2025-12-04 15:41:32,783:WARNING:C:\Users\ywcho\AppData\Local\Programs\Python\Python311\Lib\site-packages\sklearn\metrics\_classification.py:1561: UserWarning: Note that pos_label (set to 'turkish') is ignored when average != 'binary' (got 'weighted'). You may use labels=[pos_label] to specify a single positive class.
  warnings.warn(

2025-12-04 15:41:32,797:WARNING:C:\Users\ywcho\AppData\Local\Programs\Python\Python311\Lib\site-packages\sklearn\metrics\_classification.py:1561: UserWarning: Note that pos_label (set to 'turkish') is ignored when average != 'binary' (got 'weighted'). You may use labels=[pos_label] to specify a single positive class.
  warnings.warn(

2025-12-04 15:41:32,814:INFO:Calculating mean and std
2025-12-04 15:41:32,814:INFO:Creating metrics dataframe
2025-12-04 15:41:32,814:INFO:Uploading results into container
2025-12-04 15:41:32,814:INFO:Uploading model into container now
2025-12-04 15:41:32,814:INFO:_master_model_container: 10
2025-12-04 15:41:32,814:INFO:_display_container: 2
2025-12-04 15:41:32,814:INFO:GradientBoostingClassifier(ccp_alpha=0.0, criterion='friedman_mse', init=None,
                           learning_rate=0.1, loss='log_loss', max_depth=3,
                           max_features=None, max_leaf_nodes=None,
                           min_impurity_decrease=0.0, min_samples_leaf=1,
                           min_samples_split=2, min_weight_fraction_leaf=0.0,
                           n_estimators=100, n_iter_no_change=None,
                           random_state=42, subsample=1.0, tol=0.0001,
                           validation_fraction=0.1, verbose=0,
                           warm_start=False)
2025-12-04 15:41:32,814:INFO:create_model() successfully completed......................................
2025-12-04 15:41:32,908:INFO:SubProcess create_model() end ==================================
2025-12-04 15:41:32,908:INFO:Creating metrics dataframe
2025-12-04 15:41:32,908:INFO:Initializing Linear Discriminant Analysis
2025-12-04 15:41:32,908:INFO:Total runtime is 3.0063757220904033 minutes
2025-12-04 15:41:32,908:INFO:SubProcess create_model() called ==================================
2025-12-04 15:41:32,908:INFO:Initializing create_model()
2025-12-04 15:41:32,908:INFO:create_model(self=<pycaret.classification.oop.ClassificationExperiment object at 0x000002A1B340F610>, estimator=lda, fold=StratifiedKFold(n_splits=10, random_state=None, shuffle=False), round=4, cross_validation=True, predict=True, fit_kwargs={}, groups=None, refit=False, probability_threshold=None, experiment_custom_tags=None, verbose=False, system=False, add_to_model_list=True, metrics=None, display=<pycaret.internal.display.display.CommonDisplay object at 0x000002A1ED63DA50>, model_only=True, return_train_score=False, error_score=0.0, kwargs={})
2025-12-04 15:41:32,908:INFO:Checking exceptions
2025-12-04 15:41:32,908:INFO:Importing libraries
2025-12-04 15:41:32,908:INFO:Copying training dataset
2025-12-04 15:41:32,908:INFO:Defining folds
2025-12-04 15:41:32,908:INFO:Declaring metric variables
2025-12-04 15:41:32,908:INFO:Importing untrained model
2025-12-04 15:41:32,908:INFO:Linear Discriminant Analysis Imported successfully
2025-12-04 15:41:32,908:INFO:Starting cross validation
2025-12-04 15:41:32,908:INFO:Cross validating with StratifiedKFold(n_splits=10, random_state=None, shuffle=False), n_jobs=-1
2025-12-04 15:41:33,189:WARNING:C:\Users\ywcho\AppData\Local\Programs\Python\Python311\Lib\site-packages\numpy\core\_methods.py:187: RuntimeWarning: overflow encountered in reduce
  ret = umr_sum(x, axis, dtype, out, keepdims=keepdims, where=where)

2025-12-04 15:41:33,194:WARNING:C:\Users\ywcho\AppData\Local\Programs\Python\Python311\Lib\site-packages\numpy\core\_methods.py:187: RuntimeWarning: overflow encountered in reduce
  ret = umr_sum(x, axis, dtype, out, keepdims=keepdims, where=where)

2025-12-04 15:41:33,199:WARNING:C:\Users\ywcho\AppData\Local\Programs\Python\Python311\Lib\site-packages\numpy\core\_methods.py:187: RuntimeWarning: overflow encountered in reduce
  ret = umr_sum(x, axis, dtype, out, keepdims=keepdims, where=where)

2025-12-04 15:41:33,203:WARNING:C:\Users\ywcho\AppData\Local\Programs\Python\Python311\Lib\site-packages\numpy\core\_methods.py:187: RuntimeWarning: overflow encountered in reduce
  ret = umr_sum(x, axis, dtype, out, keepdims=keepdims, where=where)

2025-12-04 15:41:33,203:WARNING:C:\Users\ywcho\AppData\Local\Programs\Python\Python311\Lib\site-packages\numpy\core\_methods.py:187: RuntimeWarning: overflow encountered in reduce
  ret = umr_sum(x, axis, dtype, out, keepdims=keepdims, where=where)

2025-12-04 15:41:33,229:WARNING:C:\Users\ywcho\AppData\Local\Programs\Python\Python311\Lib\site-packages\numpy\core\_methods.py:187: RuntimeWarning: overflow encountered in reduce
  ret = umr_sum(x, axis, dtype, out, keepdims=keepdims, where=where)

2025-12-04 15:41:33,233:WARNING:C:\Users\ywcho\AppData\Local\Programs\Python\Python311\Lib\site-packages\numpy\core\_methods.py:187: RuntimeWarning: overflow encountered in reduce
  ret = umr_sum(x, axis, dtype, out, keepdims=keepdims, where=where)

2025-12-04 15:41:33,239:WARNING:C:\Users\ywcho\AppData\Local\Programs\Python\Python311\Lib\site-packages\numpy\core\_methods.py:187: RuntimeWarning: overflow encountered in reduce
  ret = umr_sum(x, axis, dtype, out, keepdims=keepdims, where=where)

2025-12-04 15:41:33,262:WARNING:C:\Users\ywcho\AppData\Local\Programs\Python\Python311\Lib\site-packages\numpy\core\_methods.py:187: RuntimeWarning: overflow encountered in reduce
  ret = umr_sum(x, axis, dtype, out, keepdims=keepdims, where=where)

2025-12-04 15:41:33,275:WARNING:C:\Users\ywcho\AppData\Local\Programs\Python\Python311\Lib\site-packages\numpy\core\_methods.py:187: RuntimeWarning: overflow encountered in reduce
  ret = umr_sum(x, axis, dtype, out, keepdims=keepdims, where=where)

2025-12-04 15:41:33,290:WARNING:C:\Users\ywcho\AppData\Local\Programs\Python\Python311\Lib\site-packages\pycaret\internal\metrics.py:204: FitFailedWarning: Metric 'make_scorer(roc_auc_score, response_method=('decision_function', 'predict_proba'), average=weighted, multi_class=ovr)' failed and error score 0.0 has been returned instead. If this is a custom metric, this usually means that the error is in the metric code. Full exception below:
Traceback (most recent call last):
  File "C:\Users\ywcho\AppData\Local\Programs\Python\Python311\Lib\site-packages\pycaret\internal\metrics.py", line 196, in _score
    return super()._score(
           ^^^^^^^^^^^^^^^
  File "C:\Users\ywcho\AppData\Local\Programs\Python\Python311\Lib\site-packages\sklearn\metrics\_scorer.py", line 350, in _score
    return self._sign * self._score_func(y_true, y_pred, **scoring_kwargs)
                        ^^^^^^^^^^^^^^^^^^^^^^^^^^^^^^^^^^^^^^^^^^^^^^^^^^
  File "C:\Users\ywcho\AppData\Local\Programs\Python\Python311\Lib\site-packages\pycaret\internal\metrics.py", line 144, in __call__
    return self.score_func(y_true, y_pred, **kwargs)
           ^^^^^^^^^^^^^^^^^^^^^^^^^^^^^^^^^^^^^^^^^
  File "C:\Users\ywcho\AppData\Local\Programs\Python\Python311\Lib\site-packages\sklearn\utils\_param_validation.py", line 213, in wrapper
    return func(*args, **kwargs)
           ^^^^^^^^^^^^^^^^^^^^^
  File "C:\Users\ywcho\AppData\Local\Programs\Python\Python311\Lib\site-packages\sklearn\metrics\_ranking.py", line 634, in roc_auc_score
    return _multiclass_roc_auc_score(
           ^^^^^^^^^^^^^^^^^^^^^^^^^^
  File "C:\Users\ywcho\AppData\Local\Programs\Python\Python311\Lib\site-packages\sklearn\metrics\_ranking.py", line 707, in _multiclass_roc_auc_score
    raise ValueError(
ValueError: Target scores need to be probabilities for multiclass roc_auc, i.e. they should sum up to 1.0 over classes

  warnings.warn(

2025-12-04 15:41:33,290:WARNING:C:\Users\ywcho\AppData\Local\Programs\Python\Python311\Lib\site-packages\pycaret\internal\metrics.py:204: FitFailedWarning: Metric 'make_scorer(roc_auc_score, response_method=('decision_function', 'predict_proba'), average=weighted, multi_class=ovr)' failed and error score 0.0 has been returned instead. If this is a custom metric, this usually means that the error is in the metric code. Full exception below:
Traceback (most recent call last):
  File "C:\Users\ywcho\AppData\Local\Programs\Python\Python311\Lib\site-packages\pycaret\internal\metrics.py", line 196, in _score
    return super()._score(
           ^^^^^^^^^^^^^^^
  File "C:\Users\ywcho\AppData\Local\Programs\Python\Python311\Lib\site-packages\sklearn\metrics\_scorer.py", line 350, in _score
    return self._sign * self._score_func(y_true, y_pred, **scoring_kwargs)
                        ^^^^^^^^^^^^^^^^^^^^^^^^^^^^^^^^^^^^^^^^^^^^^^^^^^
  File "C:\Users\ywcho\AppData\Local\Programs\Python\Python311\Lib\site-packages\pycaret\internal\metrics.py", line 144, in __call__
    return self.score_func(y_true, y_pred, **kwargs)
           ^^^^^^^^^^^^^^^^^^^^^^^^^^^^^^^^^^^^^^^^^
  File "C:\Users\ywcho\AppData\Local\Programs\Python\Python311\Lib\site-packages\sklearn\utils\_param_validation.py", line 213, in wrapper
    return func(*args, **kwargs)
           ^^^^^^^^^^^^^^^^^^^^^
  File "C:\Users\ywcho\AppData\Local\Programs\Python\Python311\Lib\site-packages\sklearn\metrics\_ranking.py", line 634, in roc_auc_score
    return _multiclass_roc_auc_score(
           ^^^^^^^^^^^^^^^^^^^^^^^^^^
  File "C:\Users\ywcho\AppData\Local\Programs\Python\Python311\Lib\site-packages\sklearn\metrics\_ranking.py", line 707, in _multiclass_roc_auc_score
    raise ValueError(
ValueError: Target scores need to be probabilities for multiclass roc_auc, i.e. they should sum up to 1.0 over classes

  warnings.warn(

2025-12-04 15:41:33,293:WARNING:C:\Users\ywcho\AppData\Local\Programs\Python\Python311\Lib\site-packages\pycaret\internal\metrics.py:204: FitFailedWarning: Metric 'make_scorer(roc_auc_score, response_method=('decision_function', 'predict_proba'), average=weighted, multi_class=ovr)' failed and error score 0.0 has been returned instead. If this is a custom metric, this usually means that the error is in the metric code. Full exception below:
Traceback (most recent call last):
  File "C:\Users\ywcho\AppData\Local\Programs\Python\Python311\Lib\site-packages\pycaret\internal\metrics.py", line 196, in _score
    return super()._score(
           ^^^^^^^^^^^^^^^
  File "C:\Users\ywcho\AppData\Local\Programs\Python\Python311\Lib\site-packages\sklearn\metrics\_scorer.py", line 350, in _score
    return self._sign * self._score_func(y_true, y_pred, **scoring_kwargs)
                        ^^^^^^^^^^^^^^^^^^^^^^^^^^^^^^^^^^^^^^^^^^^^^^^^^^
  File "C:\Users\ywcho\AppData\Local\Programs\Python\Python311\Lib\site-packages\pycaret\internal\metrics.py", line 144, in __call__
    return self.score_func(y_true, y_pred, **kwargs)
           ^^^^^^^^^^^^^^^^^^^^^^^^^^^^^^^^^^^^^^^^^
  File "C:\Users\ywcho\AppData\Local\Programs\Python\Python311\Lib\site-packages\sklearn\utils\_param_validation.py", line 213, in wrapper
    return func(*args, **kwargs)
           ^^^^^^^^^^^^^^^^^^^^^
  File "C:\Users\ywcho\AppData\Local\Programs\Python\Python311\Lib\site-packages\sklearn\metrics\_ranking.py", line 634, in roc_auc_score
    return _multiclass_roc_auc_score(
           ^^^^^^^^^^^^^^^^^^^^^^^^^^
  File "C:\Users\ywcho\AppData\Local\Programs\Python\Python311\Lib\site-packages\sklearn\metrics\_ranking.py", line 707, in _multiclass_roc_auc_score
    raise ValueError(
ValueError: Target scores need to be probabilities for multiclass roc_auc, i.e. they should sum up to 1.0 over classes

  warnings.warn(

2025-12-04 15:41:33,298:WARNING:C:\Users\ywcho\AppData\Local\Programs\Python\Python311\Lib\site-packages\sklearn\metrics\_classification.py:1561: UserWarning: Note that pos_label (set to 'turkish') is ignored when average != 'binary' (got 'weighted'). You may use labels=[pos_label] to specify a single positive class.
  warnings.warn(

2025-12-04 15:41:33,298:WARNING:C:\Users\ywcho\AppData\Local\Programs\Python\Python311\Lib\site-packages\sklearn\metrics\_classification.py:1561: UserWarning: Note that pos_label (set to 'turkish') is ignored when average != 'binary' (got 'weighted'). You may use labels=[pos_label] to specify a single positive class.
  warnings.warn(

2025-12-04 15:41:33,298:WARNING:C:\Users\ywcho\AppData\Local\Programs\Python\Python311\Lib\site-packages\sklearn\metrics\_classification.py:1561: UserWarning: Note that pos_label (set to 'turkish') is ignored when average != 'binary' (got 'weighted'). You may use labels=[pos_label] to specify a single positive class.
  warnings.warn(

2025-12-04 15:41:33,300:WARNING:C:\Users\ywcho\AppData\Local\Programs\Python\Python311\Lib\site-packages\sklearn\metrics\_classification.py:1561: UserWarning: Note that pos_label (set to 'turkish') is ignored when average != 'binary' (got 'weighted'). You may use labels=[pos_label] to specify a single positive class.
  warnings.warn(

2025-12-04 15:41:33,314:WARNING:C:\Users\ywcho\AppData\Local\Programs\Python\Python311\Lib\site-packages\pycaret\internal\metrics.py:204: FitFailedWarning: Metric 'make_scorer(roc_auc_score, response_method=('decision_function', 'predict_proba'), average=weighted, multi_class=ovr)' failed and error score 0.0 has been returned instead. If this is a custom metric, this usually means that the error is in the metric code. Full exception below:
Traceback (most recent call last):
  File "C:\Users\ywcho\AppData\Local\Programs\Python\Python311\Lib\site-packages\pycaret\internal\metrics.py", line 196, in _score
    return super()._score(
           ^^^^^^^^^^^^^^^
  File "C:\Users\ywcho\AppData\Local\Programs\Python\Python311\Lib\site-packages\sklearn\metrics\_scorer.py", line 350, in _score
    return self._sign * self._score_func(y_true, y_pred, **scoring_kwargs)
                        ^^^^^^^^^^^^^^^^^^^^^^^^^^^^^^^^^^^^^^^^^^^^^^^^^^
  File "C:\Users\ywcho\AppData\Local\Programs\Python\Python311\Lib\site-packages\pycaret\internal\metrics.py", line 144, in __call__
    return self.score_func(y_true, y_pred, **kwargs)
           ^^^^^^^^^^^^^^^^^^^^^^^^^^^^^^^^^^^^^^^^^
  File "C:\Users\ywcho\AppData\Local\Programs\Python\Python311\Lib\site-packages\sklearn\utils\_param_validation.py", line 213, in wrapper
    return func(*args, **kwargs)
           ^^^^^^^^^^^^^^^^^^^^^
  File "C:\Users\ywcho\AppData\Local\Programs\Python\Python311\Lib\site-packages\sklearn\metrics\_ranking.py", line 634, in roc_auc_score
    return _multiclass_roc_auc_score(
           ^^^^^^^^^^^^^^^^^^^^^^^^^^
  File "C:\Users\ywcho\AppData\Local\Programs\Python\Python311\Lib\site-packages\sklearn\metrics\_ranking.py", line 707, in _multiclass_roc_auc_score
    raise ValueError(
ValueError: Target scores need to be probabilities for multiclass roc_auc, i.e. they should sum up to 1.0 over classes

  warnings.warn(

2025-12-04 15:41:33,314:WARNING:C:\Users\ywcho\AppData\Local\Programs\Python\Python311\Lib\site-packages\sklearn\metrics\_classification.py:1561: UserWarning: Note that pos_label (set to 'turkish') is ignored when average != 'binary' (got 'weighted'). You may use labels=[pos_label] to specify a single positive class.
  warnings.warn(

2025-12-04 15:41:33,314:WARNING:C:\Users\ywcho\AppData\Local\Programs\Python\Python311\Lib\site-packages\pycaret\internal\metrics.py:204: FitFailedWarning: Metric 'make_scorer(roc_auc_score, response_method=('decision_function', 'predict_proba'), average=weighted, multi_class=ovr)' failed and error score 0.0 has been returned instead. If this is a custom metric, this usually means that the error is in the metric code. Full exception below:
Traceback (most recent call last):
  File "C:\Users\ywcho\AppData\Local\Programs\Python\Python311\Lib\site-packages\pycaret\internal\metrics.py", line 196, in _score
    return super()._score(
           ^^^^^^^^^^^^^^^
  File "C:\Users\ywcho\AppData\Local\Programs\Python\Python311\Lib\site-packages\sklearn\metrics\_scorer.py", line 350, in _score
    return self._sign * self._score_func(y_true, y_pred, **scoring_kwargs)
                        ^^^^^^^^^^^^^^^^^^^^^^^^^^^^^^^^^^^^^^^^^^^^^^^^^^
  File "C:\Users\ywcho\AppData\Local\Programs\Python\Python311\Lib\site-packages\pycaret\internal\metrics.py", line 144, in __call__
    return self.score_func(y_true, y_pred, **kwargs)
           ^^^^^^^^^^^^^^^^^^^^^^^^^^^^^^^^^^^^^^^^^
  File "C:\Users\ywcho\AppData\Local\Programs\Python\Python311\Lib\site-packages\sklearn\utils\_param_validation.py", line 213, in wrapper
    return func(*args, **kwargs)
           ^^^^^^^^^^^^^^^^^^^^^
  File "C:\Users\ywcho\AppData\Local\Programs\Python\Python311\Lib\site-packages\sklearn\metrics\_ranking.py", line 634, in roc_auc_score
    return _multiclass_roc_auc_score(
           ^^^^^^^^^^^^^^^^^^^^^^^^^^
  File "C:\Users\ywcho\AppData\Local\Programs\Python\Python311\Lib\site-packages\sklearn\metrics\_ranking.py", line 707, in _multiclass_roc_auc_score
    raise ValueError(
ValueError: Target scores need to be probabilities for multiclass roc_auc, i.e. they should sum up to 1.0 over classes

  warnings.warn(

2025-12-04 15:41:33,314:WARNING:C:\Users\ywcho\AppData\Local\Programs\Python\Python311\Lib\site-packages\sklearn\metrics\_classification.py:1561: UserWarning: Note that pos_label (set to 'turkish') is ignored when average != 'binary' (got 'weighted'). You may use labels=[pos_label] to specify a single positive class.
  warnings.warn(

2025-12-04 15:41:33,314:WARNING:C:\Users\ywcho\AppData\Local\Programs\Python\Python311\Lib\site-packages\sklearn\metrics\_classification.py:1561: UserWarning: Note that pos_label (set to 'turkish') is ignored when average != 'binary' (got 'weighted'). You may use labels=[pos_label] to specify a single positive class.
  warnings.warn(

2025-12-04 15:41:33,314:WARNING:C:\Users\ywcho\AppData\Local\Programs\Python\Python311\Lib\site-packages\sklearn\metrics\_classification.py:1561: UserWarning: Note that pos_label (set to 'turkish') is ignored when average != 'binary' (got 'weighted'). You may use labels=[pos_label] to specify a single positive class.
  warnings.warn(

2025-12-04 15:41:33,314:WARNING:C:\Users\ywcho\AppData\Local\Programs\Python\Python311\Lib\site-packages\sklearn\metrics\_classification.py:1561: UserWarning: Note that pos_label (set to 'turkish') is ignored when average != 'binary' (got 'weighted'). You may use labels=[pos_label] to specify a single positive class.
  warnings.warn(

2025-12-04 15:41:33,322:WARNING:C:\Users\ywcho\AppData\Local\Programs\Python\Python311\Lib\site-packages\sklearn\metrics\_classification.py:1561: UserWarning: Note that pos_label (set to 'turkish') is ignored when average != 'binary' (got 'weighted'). You may use labels=[pos_label] to specify a single positive class.
  warnings.warn(

2025-12-04 15:41:33,322:WARNING:C:\Users\ywcho\AppData\Local\Programs\Python\Python311\Lib\site-packages\pycaret\internal\metrics.py:204: FitFailedWarning: Metric 'make_scorer(roc_auc_score, response_method=('decision_function', 'predict_proba'), average=weighted, multi_class=ovr)' failed and error score 0.0 has been returned instead. If this is a custom metric, this usually means that the error is in the metric code. Full exception below:
Traceback (most recent call last):
  File "C:\Users\ywcho\AppData\Local\Programs\Python\Python311\Lib\site-packages\pycaret\internal\metrics.py", line 196, in _score
    return super()._score(
           ^^^^^^^^^^^^^^^
  File "C:\Users\ywcho\AppData\Local\Programs\Python\Python311\Lib\site-packages\sklearn\metrics\_scorer.py", line 350, in _score
    return self._sign * self._score_func(y_true, y_pred, **scoring_kwargs)
                        ^^^^^^^^^^^^^^^^^^^^^^^^^^^^^^^^^^^^^^^^^^^^^^^^^^
  File "C:\Users\ywcho\AppData\Local\Programs\Python\Python311\Lib\site-packages\pycaret\internal\metrics.py", line 144, in __call__
    return self.score_func(y_true, y_pred, **kwargs)
           ^^^^^^^^^^^^^^^^^^^^^^^^^^^^^^^^^^^^^^^^^
  File "C:\Users\ywcho\AppData\Local\Programs\Python\Python311\Lib\site-packages\sklearn\utils\_param_validation.py", line 213, in wrapper
    return func(*args, **kwargs)
           ^^^^^^^^^^^^^^^^^^^^^
  File "C:\Users\ywcho\AppData\Local\Programs\Python\Python311\Lib\site-packages\sklearn\metrics\_ranking.py", line 634, in roc_auc_score
    return _multiclass_roc_auc_score(
           ^^^^^^^^^^^^^^^^^^^^^^^^^^
  File "C:\Users\ywcho\AppData\Local\Programs\Python\Python311\Lib\site-packages\sklearn\metrics\_ranking.py", line 707, in _multiclass_roc_auc_score
    raise ValueError(
ValueError: Target scores need to be probabilities for multiclass roc_auc, i.e. they should sum up to 1.0 over classes

  warnings.warn(

2025-12-04 15:41:33,322:WARNING:C:\Users\ywcho\AppData\Local\Programs\Python\Python311\Lib\site-packages\sklearn\metrics\_classification.py:1561: UserWarning: Note that pos_label (set to 'turkish') is ignored when average != 'binary' (got 'weighted'). You may use labels=[pos_label] to specify a single positive class.
  warnings.warn(

2025-12-04 15:41:33,322:WARNING:C:\Users\ywcho\AppData\Local\Programs\Python\Python311\Lib\site-packages\sklearn\metrics\_classification.py:1561: UserWarning: Note that pos_label (set to 'turkish') is ignored when average != 'binary' (got 'weighted'). You may use labels=[pos_label] to specify a single positive class.
  warnings.warn(

2025-12-04 15:41:33,337:WARNING:C:\Users\ywcho\AppData\Local\Programs\Python\Python311\Lib\site-packages\sklearn\metrics\_classification.py:1561: UserWarning: Note that pos_label (set to 'turkish') is ignored when average != 'binary' (got 'weighted'). You may use labels=[pos_label] to specify a single positive class.
  warnings.warn(

2025-12-04 15:41:33,337:WARNING:C:\Users\ywcho\AppData\Local\Programs\Python\Python311\Lib\site-packages\sklearn\metrics\_classification.py:1561: UserWarning: Note that pos_label (set to 'turkish') is ignored when average != 'binary' (got 'weighted'). You may use labels=[pos_label] to specify a single positive class.
  warnings.warn(

2025-12-04 15:41:33,337:WARNING:C:\Users\ywcho\AppData\Local\Programs\Python\Python311\Lib\site-packages\sklearn\metrics\_classification.py:1561: UserWarning: Note that pos_label (set to 'turkish') is ignored when average != 'binary' (got 'weighted'). You may use labels=[pos_label] to specify a single positive class.
  warnings.warn(

2025-12-04 15:41:33,337:WARNING:C:\Users\ywcho\AppData\Local\Programs\Python\Python311\Lib\site-packages\sklearn\metrics\_classification.py:1561: UserWarning: Note that pos_label (set to 'turkish') is ignored when average != 'binary' (got 'weighted'). You may use labels=[pos_label] to specify a single positive class.
  warnings.warn(

2025-12-04 15:41:33,339:WARNING:C:\Users\ywcho\AppData\Local\Programs\Python\Python311\Lib\site-packages\sklearn\metrics\_classification.py:1561: UserWarning: Note that pos_label (set to 'turkish') is ignored when average != 'binary' (got 'weighted'). You may use labels=[pos_label] to specify a single positive class.
  warnings.warn(

2025-12-04 15:41:33,339:WARNING:C:\Users\ywcho\AppData\Local\Programs\Python\Python311\Lib\site-packages\sklearn\metrics\_classification.py:1561: UserWarning: Note that pos_label (set to 'turkish') is ignored when average != 'binary' (got 'weighted'). You may use labels=[pos_label] to specify a single positive class.
  warnings.warn(

2025-12-04 15:41:33,345:WARNING:C:\Users\ywcho\AppData\Local\Programs\Python\Python311\Lib\site-packages\sklearn\metrics\_classification.py:1561: UserWarning: Note that pos_label (set to 'turkish') is ignored when average != 'binary' (got 'weighted'). You may use labels=[pos_label] to specify a single positive class.
  warnings.warn(

2025-12-04 15:41:33,348:WARNING:C:\Users\ywcho\AppData\Local\Programs\Python\Python311\Lib\site-packages\pycaret\internal\metrics.py:204: FitFailedWarning: Metric 'make_scorer(roc_auc_score, response_method=('decision_function', 'predict_proba'), average=weighted, multi_class=ovr)' failed and error score 0.0 has been returned instead. If this is a custom metric, this usually means that the error is in the metric code. Full exception below:
Traceback (most recent call last):
  File "C:\Users\ywcho\AppData\Local\Programs\Python\Python311\Lib\site-packages\pycaret\internal\metrics.py", line 196, in _score
    return super()._score(
           ^^^^^^^^^^^^^^^
  File "C:\Users\ywcho\AppData\Local\Programs\Python\Python311\Lib\site-packages\sklearn\metrics\_scorer.py", line 350, in _score
    return self._sign * self._score_func(y_true, y_pred, **scoring_kwargs)
                        ^^^^^^^^^^^^^^^^^^^^^^^^^^^^^^^^^^^^^^^^^^^^^^^^^^
  File "C:\Users\ywcho\AppData\Local\Programs\Python\Python311\Lib\site-packages\pycaret\internal\metrics.py", line 144, in __call__
    return self.score_func(y_true, y_pred, **kwargs)
           ^^^^^^^^^^^^^^^^^^^^^^^^^^^^^^^^^^^^^^^^^
  File "C:\Users\ywcho\AppData\Local\Programs\Python\Python311\Lib\site-packages\sklearn\utils\_param_validation.py", line 213, in wrapper
    return func(*args, **kwargs)
           ^^^^^^^^^^^^^^^^^^^^^
  File "C:\Users\ywcho\AppData\Local\Programs\Python\Python311\Lib\site-packages\sklearn\metrics\_ranking.py", line 634, in roc_auc_score
    return _multiclass_roc_auc_score(
           ^^^^^^^^^^^^^^^^^^^^^^^^^^
  File "C:\Users\ywcho\AppData\Local\Programs\Python\Python311\Lib\site-packages\sklearn\metrics\_ranking.py", line 707, in _multiclass_roc_auc_score
    raise ValueError(
ValueError: Target scores need to be probabilities for multiclass roc_auc, i.e. they should sum up to 1.0 over classes

  warnings.warn(

2025-12-04 15:41:33,348:WARNING:C:\Users\ywcho\AppData\Local\Programs\Python\Python311\Lib\site-packages\sklearn\metrics\_classification.py:1561: UserWarning: Note that pos_label (set to 'turkish') is ignored when average != 'binary' (got 'weighted'). You may use labels=[pos_label] to specify a single positive class.
  warnings.warn(

2025-12-04 15:41:33,352:WARNING:C:\Users\ywcho\AppData\Local\Programs\Python\Python311\Lib\site-packages\sklearn\metrics\_classification.py:1561: UserWarning: Note that pos_label (set to 'turkish') is ignored when average != 'binary' (got 'weighted'). You may use labels=[pos_label] to specify a single positive class.
  warnings.warn(

2025-12-04 15:41:33,353:WARNING:C:\Users\ywcho\AppData\Local\Programs\Python\Python311\Lib\site-packages\pycaret\internal\metrics.py:204: FitFailedWarning: Metric 'make_scorer(roc_auc_score, response_method=('decision_function', 'predict_proba'), average=weighted, multi_class=ovr)' failed and error score 0.0 has been returned instead. If this is a custom metric, this usually means that the error is in the metric code. Full exception below:
Traceback (most recent call last):
  File "C:\Users\ywcho\AppData\Local\Programs\Python\Python311\Lib\site-packages\pycaret\internal\metrics.py", line 196, in _score
    return super()._score(
           ^^^^^^^^^^^^^^^
  File "C:\Users\ywcho\AppData\Local\Programs\Python\Python311\Lib\site-packages\sklearn\metrics\_scorer.py", line 350, in _score
    return self._sign * self._score_func(y_true, y_pred, **scoring_kwargs)
                        ^^^^^^^^^^^^^^^^^^^^^^^^^^^^^^^^^^^^^^^^^^^^^^^^^^
  File "C:\Users\ywcho\AppData\Local\Programs\Python\Python311\Lib\site-packages\pycaret\internal\metrics.py", line 144, in __call__
    return self.score_func(y_true, y_pred, **kwargs)
           ^^^^^^^^^^^^^^^^^^^^^^^^^^^^^^^^^^^^^^^^^
  File "C:\Users\ywcho\AppData\Local\Programs\Python\Python311\Lib\site-packages\sklearn\utils\_param_validation.py", line 213, in wrapper
    return func(*args, **kwargs)
           ^^^^^^^^^^^^^^^^^^^^^
  File "C:\Users\ywcho\AppData\Local\Programs\Python\Python311\Lib\site-packages\sklearn\metrics\_ranking.py", line 634, in roc_auc_score
    return _multiclass_roc_auc_score(
           ^^^^^^^^^^^^^^^^^^^^^^^^^^
  File "C:\Users\ywcho\AppData\Local\Programs\Python\Python311\Lib\site-packages\sklearn\metrics\_ranking.py", line 707, in _multiclass_roc_auc_score
    raise ValueError(
ValueError: Target scores need to be probabilities for multiclass roc_auc, i.e. they should sum up to 1.0 over classes

  warnings.warn(

2025-12-04 15:41:33,355:WARNING:C:\Users\ywcho\AppData\Local\Programs\Python\Python311\Lib\site-packages\sklearn\metrics\_classification.py:1561: UserWarning: Note that pos_label (set to 'turkish') is ignored when average != 'binary' (got 'weighted'). You may use labels=[pos_label] to specify a single positive class.
  warnings.warn(

2025-12-04 15:41:33,359:WARNING:C:\Users\ywcho\AppData\Local\Programs\Python\Python311\Lib\site-packages\sklearn\metrics\_classification.py:1561: UserWarning: Note that pos_label (set to 'turkish') is ignored when average != 'binary' (got 'weighted'). You may use labels=[pos_label] to specify a single positive class.
  warnings.warn(

2025-12-04 15:41:33,363:WARNING:C:\Users\ywcho\AppData\Local\Programs\Python\Python311\Lib\site-packages\sklearn\metrics\_classification.py:1561: UserWarning: Note that pos_label (set to 'turkish') is ignored when average != 'binary' (got 'weighted'). You may use labels=[pos_label] to specify a single positive class.
  warnings.warn(

2025-12-04 15:41:33,365:WARNING:C:\Users\ywcho\AppData\Local\Programs\Python\Python311\Lib\site-packages\sklearn\metrics\_classification.py:1561: UserWarning: Note that pos_label (set to 'turkish') is ignored when average != 'binary' (got 'weighted'). You may use labels=[pos_label] to specify a single positive class.
  warnings.warn(

2025-12-04 15:41:33,365:WARNING:C:\Users\ywcho\AppData\Local\Programs\Python\Python311\Lib\site-packages\sklearn\metrics\_classification.py:1561: UserWarning: Note that pos_label (set to 'turkish') is ignored when average != 'binary' (got 'weighted'). You may use labels=[pos_label] to specify a single positive class.
  warnings.warn(

2025-12-04 15:41:33,365:WARNING:C:\Users\ywcho\AppData\Local\Programs\Python\Python311\Lib\site-packages\sklearn\metrics\_classification.py:1561: UserWarning: Note that pos_label (set to 'turkish') is ignored when average != 'binary' (got 'weighted'). You may use labels=[pos_label] to specify a single positive class.
  warnings.warn(

2025-12-04 15:41:33,377:WARNING:C:\Users\ywcho\AppData\Local\Programs\Python\Python311\Lib\site-packages\sklearn\metrics\_classification.py:1561: UserWarning: Note that pos_label (set to 'turkish') is ignored when average != 'binary' (got 'weighted'). You may use labels=[pos_label] to specify a single positive class.
  warnings.warn(

2025-12-04 15:41:33,377:WARNING:C:\Users\ywcho\AppData\Local\Programs\Python\Python311\Lib\site-packages\sklearn\metrics\_classification.py:1561: UserWarning: Note that pos_label (set to 'turkish') is ignored when average != 'binary' (got 'weighted'). You may use labels=[pos_label] to specify a single positive class.
  warnings.warn(

2025-12-04 15:41:33,394:INFO:Calculating mean and std
2025-12-04 15:41:33,394:INFO:Creating metrics dataframe
2025-12-04 15:41:33,394:INFO:Uploading results into container
2025-12-04 15:41:33,394:INFO:Uploading model into container now
2025-12-04 15:41:33,394:INFO:_master_model_container: 11
2025-12-04 15:41:33,394:INFO:_display_container: 2
2025-12-04 15:41:33,394:INFO:LinearDiscriminantAnalysis(covariance_estimator=None, n_components=None,
                           priors=None, shrinkage=None, solver='svd',
                           store_covariance=False, tol=0.0001)
2025-12-04 15:41:33,394:INFO:create_model() successfully completed......................................
2025-12-04 15:41:33,476:INFO:SubProcess create_model() end ==================================
2025-12-04 15:41:33,476:INFO:Creating metrics dataframe
2025-12-04 15:41:33,476:INFO:Initializing Extra Trees Classifier
2025-12-04 15:41:33,476:INFO:Total runtime is 3.015841754277547 minutes
2025-12-04 15:41:33,476:INFO:SubProcess create_model() called ==================================
2025-12-04 15:41:33,476:INFO:Initializing create_model()
2025-12-04 15:41:33,476:INFO:create_model(self=<pycaret.classification.oop.ClassificationExperiment object at 0x000002A1B340F610>, estimator=et, fold=StratifiedKFold(n_splits=10, random_state=None, shuffle=False), round=4, cross_validation=True, predict=True, fit_kwargs={}, groups=None, refit=False, probability_threshold=None, experiment_custom_tags=None, verbose=False, system=False, add_to_model_list=True, metrics=None, display=<pycaret.internal.display.display.CommonDisplay object at 0x000002A1ED63DA50>, model_only=True, return_train_score=False, error_score=0.0, kwargs={})
2025-12-04 15:41:33,476:INFO:Checking exceptions
2025-12-04 15:41:33,476:INFO:Importing libraries
2025-12-04 15:41:33,476:INFO:Copying training dataset
2025-12-04 15:41:33,492:INFO:Defining folds
2025-12-04 15:41:33,492:INFO:Declaring metric variables
2025-12-04 15:41:33,492:INFO:Importing untrained model
2025-12-04 15:41:33,492:INFO:Extra Trees Classifier Imported successfully
2025-12-04 15:41:33,492:INFO:Starting cross validation
2025-12-04 15:41:33,492:INFO:Cross validating with StratifiedKFold(n_splits=10, random_state=None, shuffle=False), n_jobs=-1
2025-12-04 15:41:33,747:WARNING:C:\Users\ywcho\AppData\Local\Programs\Python\Python311\Lib\site-packages\numpy\core\_methods.py:187: RuntimeWarning: overflow encountered in reduce
  ret = umr_sum(x, axis, dtype, out, keepdims=keepdims, where=where)

2025-12-04 15:41:33,759:WARNING:C:\Users\ywcho\AppData\Local\Programs\Python\Python311\Lib\site-packages\numpy\core\_methods.py:187: RuntimeWarning: overflow encountered in reduce
  ret = umr_sum(x, axis, dtype, out, keepdims=keepdims, where=where)

2025-12-04 15:41:33,772:WARNING:C:\Users\ywcho\AppData\Local\Programs\Python\Python311\Lib\site-packages\numpy\core\_methods.py:187: RuntimeWarning: overflow encountered in reduce
  ret = umr_sum(x, axis, dtype, out, keepdims=keepdims, where=where)

2025-12-04 15:41:33,785:WARNING:C:\Users\ywcho\AppData\Local\Programs\Python\Python311\Lib\site-packages\numpy\core\_methods.py:187: RuntimeWarning: overflow encountered in reduce
  ret = umr_sum(x, axis, dtype, out, keepdims=keepdims, where=where)

2025-12-04 15:41:33,789:WARNING:C:\Users\ywcho\AppData\Local\Programs\Python\Python311\Lib\site-packages\numpy\core\_methods.py:187: RuntimeWarning: overflow encountered in reduce
  ret = umr_sum(x, axis, dtype, out, keepdims=keepdims, where=where)

2025-12-04 15:41:33,792:WARNING:C:\Users\ywcho\AppData\Local\Programs\Python\Python311\Lib\site-packages\numpy\core\_methods.py:187: RuntimeWarning: overflow encountered in reduce
  ret = umr_sum(x, axis, dtype, out, keepdims=keepdims, where=where)

2025-12-04 15:41:33,816:WARNING:C:\Users\ywcho\AppData\Local\Programs\Python\Python311\Lib\site-packages\numpy\core\_methods.py:187: RuntimeWarning: overflow encountered in reduce
  ret = umr_sum(x, axis, dtype, out, keepdims=keepdims, where=where)

2025-12-04 15:41:33,829:WARNING:C:\Users\ywcho\AppData\Local\Programs\Python\Python311\Lib\site-packages\numpy\core\_methods.py:187: RuntimeWarning: overflow encountered in reduce
  ret = umr_sum(x, axis, dtype, out, keepdims=keepdims, where=where)

2025-12-04 15:41:33,832:WARNING:C:\Users\ywcho\AppData\Local\Programs\Python\Python311\Lib\site-packages\numpy\core\_methods.py:187: RuntimeWarning: overflow encountered in reduce
  ret = umr_sum(x, axis, dtype, out, keepdims=keepdims, where=where)

2025-12-04 15:41:33,879:WARNING:C:\Users\ywcho\AppData\Local\Programs\Python\Python311\Lib\site-packages\numpy\core\_methods.py:187: RuntimeWarning: overflow encountered in reduce
  ret = umr_sum(x, axis, dtype, out, keepdims=keepdims, where=where)

2025-12-04 15:41:40,147:WARNING:C:\Users\ywcho\AppData\Local\Programs\Python\Python311\Lib\site-packages\sklearn\metrics\_classification.py:1561: UserWarning: Note that pos_label (set to 'turkish') is ignored when average != 'binary' (got 'weighted'). You may use labels=[pos_label] to specify a single positive class.
  warnings.warn(

2025-12-04 15:41:40,168:WARNING:C:\Users\ywcho\AppData\Local\Programs\Python\Python311\Lib\site-packages\sklearn\metrics\_classification.py:1561: UserWarning: Note that pos_label (set to 'turkish') is ignored when average != 'binary' (got 'weighted'). You may use labels=[pos_label] to specify a single positive class.
  warnings.warn(

2025-12-04 15:41:40,172:WARNING:C:\Users\ywcho\AppData\Local\Programs\Python\Python311\Lib\site-packages\sklearn\metrics\_classification.py:1561: UserWarning: Note that pos_label (set to 'turkish') is ignored when average != 'binary' (got 'weighted'). You may use labels=[pos_label] to specify a single positive class.
  warnings.warn(

2025-12-04 15:41:40,214:WARNING:C:\Users\ywcho\AppData\Local\Programs\Python\Python311\Lib\site-packages\sklearn\metrics\_classification.py:1561: UserWarning: Note that pos_label (set to 'turkish') is ignored when average != 'binary' (got 'weighted'). You may use labels=[pos_label] to specify a single positive class.
  warnings.warn(

2025-12-04 15:41:40,218:WARNING:C:\Users\ywcho\AppData\Local\Programs\Python\Python311\Lib\site-packages\sklearn\metrics\_classification.py:1561: UserWarning: Note that pos_label (set to 'turkish') is ignored when average != 'binary' (got 'weighted'). You may use labels=[pos_label] to specify a single positive class.
  warnings.warn(

2025-12-04 15:41:40,299:WARNING:C:\Users\ywcho\AppData\Local\Programs\Python\Python311\Lib\site-packages\sklearn\metrics\_classification.py:1561: UserWarning: Note that pos_label (set to 'turkish') is ignored when average != 'binary' (got 'weighted'). You may use labels=[pos_label] to specify a single positive class.
  warnings.warn(

2025-12-04 15:41:40,429:WARNING:C:\Users\ywcho\AppData\Local\Programs\Python\Python311\Lib\site-packages\sklearn\metrics\_classification.py:1561: UserWarning: Note that pos_label (set to 'turkish') is ignored when average != 'binary' (got 'weighted'). You may use labels=[pos_label] to specify a single positive class.
  warnings.warn(

2025-12-04 15:41:40,448:WARNING:C:\Users\ywcho\AppData\Local\Programs\Python\Python311\Lib\site-packages\sklearn\metrics\_classification.py:1561: UserWarning: Note that pos_label (set to 'turkish') is ignored when average != 'binary' (got 'weighted'). You may use labels=[pos_label] to specify a single positive class.
  warnings.warn(

2025-12-04 15:41:40,468:WARNING:C:\Users\ywcho\AppData\Local\Programs\Python\Python311\Lib\site-packages\sklearn\metrics\_classification.py:1561: UserWarning: Note that pos_label (set to 'turkish') is ignored when average != 'binary' (got 'weighted'). You may use labels=[pos_label] to specify a single positive class.
  warnings.warn(

2025-12-04 15:41:41,139:WARNING:C:\Users\ywcho\AppData\Local\Programs\Python\Python311\Lib\site-packages\sklearn\metrics\_classification.py:1561: UserWarning: Note that pos_label (set to 'turkish') is ignored when average != 'binary' (got 'weighted'). You may use labels=[pos_label] to specify a single positive class.
  warnings.warn(

2025-12-04 15:41:41,167:WARNING:C:\Users\ywcho\AppData\Local\Programs\Python\Python311\Lib\site-packages\sklearn\metrics\_classification.py:1561: UserWarning: Note that pos_label (set to 'turkish') is ignored when average != 'binary' (got 'weighted'). You may use labels=[pos_label] to specify a single positive class.
  warnings.warn(

2025-12-04 15:41:41,200:WARNING:C:\Users\ywcho\AppData\Local\Programs\Python\Python311\Lib\site-packages\sklearn\metrics\_classification.py:1561: UserWarning: Note that pos_label (set to 'turkish') is ignored when average != 'binary' (got 'weighted'). You may use labels=[pos_label] to specify a single positive class.
  warnings.warn(

2025-12-04 15:41:41,220:WARNING:C:\Users\ywcho\AppData\Local\Programs\Python\Python311\Lib\site-packages\sklearn\metrics\_classification.py:1561: UserWarning: Note that pos_label (set to 'turkish') is ignored when average != 'binary' (got 'weighted'). You may use labels=[pos_label] to specify a single positive class.
  warnings.warn(

2025-12-04 15:41:41,234:WARNING:C:\Users\ywcho\AppData\Local\Programs\Python\Python311\Lib\site-packages\sklearn\metrics\_classification.py:1561: UserWarning: Note that pos_label (set to 'turkish') is ignored when average != 'binary' (got 'weighted'). You may use labels=[pos_label] to specify a single positive class.
  warnings.warn(

2025-12-04 15:41:41,245:WARNING:C:\Users\ywcho\AppData\Local\Programs\Python\Python311\Lib\site-packages\sklearn\metrics\_classification.py:1561: UserWarning: Note that pos_label (set to 'turkish') is ignored when average != 'binary' (got 'weighted'). You may use labels=[pos_label] to specify a single positive class.
  warnings.warn(

2025-12-04 15:41:41,258:WARNING:C:\Users\ywcho\AppData\Local\Programs\Python\Python311\Lib\site-packages\sklearn\metrics\_classification.py:1561: UserWarning: Note that pos_label (set to 'turkish') is ignored when average != 'binary' (got 'weighted'). You may use labels=[pos_label] to specify a single positive class.
  warnings.warn(

2025-12-04 15:41:41,264:WARNING:C:\Users\ywcho\AppData\Local\Programs\Python\Python311\Lib\site-packages\sklearn\metrics\_classification.py:1561: UserWarning: Note that pos_label (set to 'turkish') is ignored when average != 'binary' (got 'weighted'). You may use labels=[pos_label] to specify a single positive class.
  warnings.warn(

2025-12-04 15:41:41,277:WARNING:C:\Users\ywcho\AppData\Local\Programs\Python\Python311\Lib\site-packages\sklearn\metrics\_classification.py:1561: UserWarning: Note that pos_label (set to 'turkish') is ignored when average != 'binary' (got 'weighted'). You may use labels=[pos_label] to specify a single positive class.
  warnings.warn(

2025-12-04 15:41:41,293:WARNING:C:\Users\ywcho\AppData\Local\Programs\Python\Python311\Lib\site-packages\sklearn\metrics\_classification.py:1561: UserWarning: Note that pos_label (set to 'turkish') is ignored when average != 'binary' (got 'weighted'). You may use labels=[pos_label] to specify a single positive class.
  warnings.warn(

2025-12-04 15:41:41,299:WARNING:C:\Users\ywcho\AppData\Local\Programs\Python\Python311\Lib\site-packages\sklearn\metrics\_classification.py:1561: UserWarning: Note that pos_label (set to 'turkish') is ignored when average != 'binary' (got 'weighted'). You may use labels=[pos_label] to specify a single positive class.
  warnings.warn(

2025-12-04 15:41:41,314:WARNING:C:\Users\ywcho\AppData\Local\Programs\Python\Python311\Lib\site-packages\sklearn\metrics\_classification.py:1561: UserWarning: Note that pos_label (set to 'turkish') is ignored when average != 'binary' (got 'weighted'). You may use labels=[pos_label] to specify a single positive class.
  warnings.warn(

2025-12-04 15:41:41,319:WARNING:C:\Users\ywcho\AppData\Local\Programs\Python\Python311\Lib\site-packages\sklearn\metrics\_classification.py:1561: UserWarning: Note that pos_label (set to 'turkish') is ignored when average != 'binary' (got 'weighted'). You may use labels=[pos_label] to specify a single positive class.
  warnings.warn(

2025-12-04 15:41:41,336:WARNING:C:\Users\ywcho\AppData\Local\Programs\Python\Python311\Lib\site-packages\sklearn\metrics\_classification.py:1561: UserWarning: Note that pos_label (set to 'turkish') is ignored when average != 'binary' (got 'weighted'). You may use labels=[pos_label] to specify a single positive class.
  warnings.warn(

2025-12-04 15:41:41,340:WARNING:C:\Users\ywcho\AppData\Local\Programs\Python\Python311\Lib\site-packages\sklearn\metrics\_classification.py:1561: UserWarning: Note that pos_label (set to 'turkish') is ignored when average != 'binary' (got 'weighted'). You may use labels=[pos_label] to specify a single positive class.
  warnings.warn(

2025-12-04 15:41:41,346:WARNING:C:\Users\ywcho\AppData\Local\Programs\Python\Python311\Lib\site-packages\sklearn\metrics\_classification.py:1561: UserWarning: Note that pos_label (set to 'turkish') is ignored when average != 'binary' (got 'weighted'). You may use labels=[pos_label] to specify a single positive class.
  warnings.warn(

2025-12-04 15:41:41,346:WARNING:C:\Users\ywcho\AppData\Local\Programs\Python\Python311\Lib\site-packages\sklearn\metrics\_classification.py:1561: UserWarning: Note that pos_label (set to 'turkish') is ignored when average != 'binary' (got 'weighted'). You may use labels=[pos_label] to specify a single positive class.
  warnings.warn(

2025-12-04 15:41:41,357:WARNING:C:\Users\ywcho\AppData\Local\Programs\Python\Python311\Lib\site-packages\sklearn\metrics\_classification.py:1561: UserWarning: Note that pos_label (set to 'turkish') is ignored when average != 'binary' (got 'weighted'). You may use labels=[pos_label] to specify a single positive class.
  warnings.warn(

2025-12-04 15:41:41,368:WARNING:C:\Users\ywcho\AppData\Local\Programs\Python\Python311\Lib\site-packages\sklearn\metrics\_classification.py:1561: UserWarning: Note that pos_label (set to 'turkish') is ignored when average != 'binary' (got 'weighted'). You may use labels=[pos_label] to specify a single positive class.
  warnings.warn(

2025-12-04 15:41:41,378:WARNING:C:\Users\ywcho\AppData\Local\Programs\Python\Python311\Lib\site-packages\sklearn\metrics\_classification.py:1561: UserWarning: Note that pos_label (set to 'turkish') is ignored when average != 'binary' (got 'weighted'). You may use labels=[pos_label] to specify a single positive class.
  warnings.warn(

2025-12-04 15:41:41,400:WARNING:C:\Users\ywcho\AppData\Local\Programs\Python\Python311\Lib\site-packages\sklearn\metrics\_classification.py:1561: UserWarning: Note that pos_label (set to 'turkish') is ignored when average != 'binary' (got 'weighted'). You may use labels=[pos_label] to specify a single positive class.
  warnings.warn(

2025-12-04 15:41:41,458:INFO:Calculating mean and std
2025-12-04 15:41:41,466:INFO:Creating metrics dataframe
2025-12-04 15:41:41,475:INFO:Uploading results into container
2025-12-04 15:41:41,477:INFO:Uploading model into container now
2025-12-04 15:41:41,479:INFO:_master_model_container: 12
2025-12-04 15:41:41,479:INFO:_display_container: 2
2025-12-04 15:41:41,483:INFO:ExtraTreesClassifier(bootstrap=False, ccp_alpha=0.0, class_weight=None,
                     criterion='gini', max_depth=None, max_features='sqrt',
                     max_leaf_nodes=None, max_samples=None,
                     min_impurity_decrease=0.0, min_samples_leaf=1,
                     min_samples_split=2, min_weight_fraction_leaf=0.0,
                     monotonic_cst=None, n_estimators=100, n_jobs=-1,
                     oob_score=False, random_state=42, verbose=0,
                     warm_start=False)
2025-12-04 15:41:41,483:INFO:create_model() successfully completed......................................
2025-12-04 15:41:41,800:INFO:SubProcess create_model() end ==================================
2025-12-04 15:41:41,800:INFO:Creating metrics dataframe
2025-12-04 15:41:41,804:INFO:Initializing Light Gradient Boosting Machine
2025-12-04 15:41:41,804:INFO:Total runtime is 3.1546311100323994 minutes
2025-12-04 15:41:41,804:INFO:SubProcess create_model() called ==================================
2025-12-04 15:41:41,806:INFO:Initializing create_model()
2025-12-04 15:41:41,806:INFO:create_model(self=<pycaret.classification.oop.ClassificationExperiment object at 0x000002A1B340F610>, estimator=lightgbm, fold=StratifiedKFold(n_splits=10, random_state=None, shuffle=False), round=4, cross_validation=True, predict=True, fit_kwargs={}, groups=None, refit=False, probability_threshold=None, experiment_custom_tags=None, verbose=False, system=False, add_to_model_list=True, metrics=None, display=<pycaret.internal.display.display.CommonDisplay object at 0x000002A1ED63DA50>, model_only=True, return_train_score=False, error_score=0.0, kwargs={})
2025-12-04 15:41:41,806:INFO:Checking exceptions
2025-12-04 15:41:41,806:INFO:Importing libraries
2025-12-04 15:41:41,808:INFO:Copying training dataset
2025-12-04 15:41:41,817:INFO:Defining folds
2025-12-04 15:41:41,817:INFO:Declaring metric variables
2025-12-04 15:41:41,817:INFO:Importing untrained model
2025-12-04 15:41:41,819:INFO:Light Gradient Boosting Machine Imported successfully
2025-12-04 15:41:41,819:INFO:Starting cross validation
2025-12-04 15:41:41,821:INFO:Cross validating with StratifiedKFold(n_splits=10, random_state=None, shuffle=False), n_jobs=-1
2025-12-04 15:41:42,160:WARNING:C:\Users\ywcho\AppData\Local\Programs\Python\Python311\Lib\site-packages\numpy\core\_methods.py:187: RuntimeWarning: overflow encountered in reduce
  ret = umr_sum(x, axis, dtype, out, keepdims=keepdims, where=where)

2025-12-04 15:41:42,172:WARNING:C:\Users\ywcho\AppData\Local\Programs\Python\Python311\Lib\site-packages\numpy\core\_methods.py:187: RuntimeWarning: overflow encountered in reduce
  ret = umr_sum(x, axis, dtype, out, keepdims=keepdims, where=where)

2025-12-04 15:41:42,172:WARNING:C:\Users\ywcho\AppData\Local\Programs\Python\Python311\Lib\site-packages\numpy\core\_methods.py:187: RuntimeWarning: overflow encountered in reduce
  ret = umr_sum(x, axis, dtype, out, keepdims=keepdims, where=where)

2025-12-04 15:41:42,174:WARNING:C:\Users\ywcho\AppData\Local\Programs\Python\Python311\Lib\site-packages\numpy\core\_methods.py:187: RuntimeWarning: overflow encountered in reduce
  ret = umr_sum(x, axis, dtype, out, keepdims=keepdims, where=where)

2025-12-04 15:41:42,207:WARNING:C:\Users\ywcho\AppData\Local\Programs\Python\Python311\Lib\site-packages\numpy\core\_methods.py:187: RuntimeWarning: overflow encountered in reduce
  ret = umr_sum(x, axis, dtype, out, keepdims=keepdims, where=where)

2025-12-04 15:41:42,213:WARNING:C:\Users\ywcho\AppData\Local\Programs\Python\Python311\Lib\site-packages\numpy\core\_methods.py:187: RuntimeWarning: overflow encountered in reduce
  ret = umr_sum(x, axis, dtype, out, keepdims=keepdims, where=where)

2025-12-04 15:41:42,237:WARNING:C:\Users\ywcho\AppData\Local\Programs\Python\Python311\Lib\site-packages\numpy\core\_methods.py:187: RuntimeWarning: overflow encountered in reduce
  ret = umr_sum(x, axis, dtype, out, keepdims=keepdims, where=where)

2025-12-04 15:41:42,260:WARNING:C:\Users\ywcho\AppData\Local\Programs\Python\Python311\Lib\site-packages\numpy\core\_methods.py:187: RuntimeWarning: overflow encountered in reduce
  ret = umr_sum(x, axis, dtype, out, keepdims=keepdims, where=where)

2025-12-04 15:41:42,268:WARNING:C:\Users\ywcho\AppData\Local\Programs\Python\Python311\Lib\site-packages\numpy\core\_methods.py:187: RuntimeWarning: overflow encountered in reduce
  ret = umr_sum(x, axis, dtype, out, keepdims=keepdims, where=where)

2025-12-04 15:41:42,330:WARNING:C:\Users\ywcho\AppData\Local\Programs\Python\Python311\Lib\site-packages\numpy\core\_methods.py:187: RuntimeWarning: overflow encountered in reduce
  ret = umr_sum(x, axis, dtype, out, keepdims=keepdims, where=where)

2025-12-04 15:42:09,041:WARNING:C:\Users\ywcho\AppData\Local\Programs\Python\Python311\Lib\site-packages\sklearn\metrics\_classification.py:1561: UserWarning: Note that pos_label (set to 'turkish') is ignored when average != 'binary' (got 'weighted'). You may use labels=[pos_label] to specify a single positive class.
  warnings.warn(

2025-12-04 15:42:09,041:WARNING:C:\Users\ywcho\AppData\Local\Programs\Python\Python311\Lib\site-packages\sklearn\metrics\_classification.py:1561: UserWarning: Note that pos_label (set to 'turkish') is ignored when average != 'binary' (got 'weighted'). You may use labels=[pos_label] to specify a single positive class.
  warnings.warn(

2025-12-04 15:42:09,061:WARNING:C:\Users\ywcho\AppData\Local\Programs\Python\Python311\Lib\site-packages\sklearn\metrics\_classification.py:1561: UserWarning: Note that pos_label (set to 'turkish') is ignored when average != 'binary' (got 'weighted'). You may use labels=[pos_label] to specify a single positive class.
  warnings.warn(

2025-12-04 15:42:09,061:WARNING:C:\Users\ywcho\AppData\Local\Programs\Python\Python311\Lib\site-packages\sklearn\metrics\_classification.py:1561: UserWarning: Note that pos_label (set to 'turkish') is ignored when average != 'binary' (got 'weighted'). You may use labels=[pos_label] to specify a single positive class.
  warnings.warn(

2025-12-04 15:42:09,079:WARNING:C:\Users\ywcho\AppData\Local\Programs\Python\Python311\Lib\site-packages\sklearn\metrics\_classification.py:1561: UserWarning: Note that pos_label (set to 'turkish') is ignored when average != 'binary' (got 'weighted'). You may use labels=[pos_label] to specify a single positive class.
  warnings.warn(

2025-12-04 15:42:09,127:WARNING:C:\Users\ywcho\AppData\Local\Programs\Python\Python311\Lib\site-packages\sklearn\metrics\_classification.py:1561: UserWarning: Note that pos_label (set to 'turkish') is ignored when average != 'binary' (got 'weighted'). You may use labels=[pos_label] to specify a single positive class.
  warnings.warn(

2025-12-04 15:42:09,162:WARNING:C:\Users\ywcho\AppData\Local\Programs\Python\Python311\Lib\site-packages\sklearn\metrics\_classification.py:1561: UserWarning: Note that pos_label (set to 'turkish') is ignored when average != 'binary' (got 'weighted'). You may use labels=[pos_label] to specify a single positive class.
  warnings.warn(

2025-12-04 15:42:09,201:WARNING:C:\Users\ywcho\AppData\Local\Programs\Python\Python311\Lib\site-packages\sklearn\metrics\_classification.py:1561: UserWarning: Note that pos_label (set to 'turkish') is ignored when average != 'binary' (got 'weighted'). You may use labels=[pos_label] to specify a single positive class.
  warnings.warn(

2025-12-04 15:42:09,269:WARNING:C:\Users\ywcho\AppData\Local\Programs\Python\Python311\Lib\site-packages\sklearn\metrics\_classification.py:1561: UserWarning: Note that pos_label (set to 'turkish') is ignored when average != 'binary' (got 'weighted'). You may use labels=[pos_label] to specify a single positive class.
  warnings.warn(

2025-12-04 15:42:09,309:WARNING:C:\Users\ywcho\AppData\Local\Programs\Python\Python311\Lib\site-packages\sklearn\metrics\_classification.py:1561: UserWarning: Note that pos_label (set to 'turkish') is ignored when average != 'binary' (got 'weighted'). You may use labels=[pos_label] to specify a single positive class.
  warnings.warn(

2025-12-04 15:42:09,328:WARNING:C:\Users\ywcho\AppData\Local\Programs\Python\Python311\Lib\site-packages\sklearn\metrics\_classification.py:1561: UserWarning: Note that pos_label (set to 'turkish') is ignored when average != 'binary' (got 'weighted'). You may use labels=[pos_label] to specify a single positive class.
  warnings.warn(

2025-12-04 15:42:09,833:WARNING:C:\Users\ywcho\AppData\Local\Programs\Python\Python311\Lib\site-packages\sklearn\metrics\_classification.py:1561: UserWarning: Note that pos_label (set to 'turkish') is ignored when average != 'binary' (got 'weighted'). You may use labels=[pos_label] to specify a single positive class.
  warnings.warn(

2025-12-04 15:42:09,852:WARNING:C:\Users\ywcho\AppData\Local\Programs\Python\Python311\Lib\site-packages\sklearn\metrics\_classification.py:1561: UserWarning: Note that pos_label (set to 'turkish') is ignored when average != 'binary' (got 'weighted'). You may use labels=[pos_label] to specify a single positive class.
  warnings.warn(

2025-12-04 15:42:09,922:WARNING:C:\Users\ywcho\AppData\Local\Programs\Python\Python311\Lib\site-packages\sklearn\metrics\_classification.py:1561: UserWarning: Note that pos_label (set to 'turkish') is ignored when average != 'binary' (got 'weighted'). You may use labels=[pos_label] to specify a single positive class.
  warnings.warn(

2025-12-04 15:42:10,049:WARNING:C:\Users\ywcho\AppData\Local\Programs\Python\Python311\Lib\site-packages\sklearn\metrics\_classification.py:1561: UserWarning: Note that pos_label (set to 'turkish') is ignored when average != 'binary' (got 'weighted'). You may use labels=[pos_label] to specify a single positive class.
  warnings.warn(

2025-12-04 15:42:10,071:WARNING:C:\Users\ywcho\AppData\Local\Programs\Python\Python311\Lib\site-packages\sklearn\metrics\_classification.py:1561: UserWarning: Note that pos_label (set to 'turkish') is ignored when average != 'binary' (got 'weighted'). You may use labels=[pos_label] to specify a single positive class.
  warnings.warn(

2025-12-04 15:42:10,089:WARNING:C:\Users\ywcho\AppData\Local\Programs\Python\Python311\Lib\site-packages\sklearn\metrics\_classification.py:1561: UserWarning: Note that pos_label (set to 'turkish') is ignored when average != 'binary' (got 'weighted'). You may use labels=[pos_label] to specify a single positive class.
  warnings.warn(

2025-12-04 15:42:10,148:WARNING:C:\Users\ywcho\AppData\Local\Programs\Python\Python311\Lib\site-packages\sklearn\metrics\_classification.py:1561: UserWarning: Note that pos_label (set to 'turkish') is ignored when average != 'binary' (got 'weighted'). You may use labels=[pos_label] to specify a single positive class.
  warnings.warn(

2025-12-04 15:42:10,167:WARNING:C:\Users\ywcho\AppData\Local\Programs\Python\Python311\Lib\site-packages\sklearn\metrics\_classification.py:1561: UserWarning: Note that pos_label (set to 'turkish') is ignored when average != 'binary' (got 'weighted'). You may use labels=[pos_label] to specify a single positive class.
  warnings.warn(

2025-12-04 15:42:10,185:WARNING:C:\Users\ywcho\AppData\Local\Programs\Python\Python311\Lib\site-packages\sklearn\metrics\_classification.py:1561: UserWarning: Note that pos_label (set to 'turkish') is ignored when average != 'binary' (got 'weighted'). You may use labels=[pos_label] to specify a single positive class.
  warnings.warn(

2025-12-04 15:42:12,400:WARNING:C:\Users\ywcho\AppData\Local\Programs\Python\Python311\Lib\site-packages\sklearn\metrics\_classification.py:1561: UserWarning: Note that pos_label (set to 'turkish') is ignored when average != 'binary' (got 'weighted'). You may use labels=[pos_label] to specify a single positive class.
  warnings.warn(

2025-12-04 15:42:12,402:WARNING:C:\Users\ywcho\AppData\Local\Programs\Python\Python311\Lib\site-packages\sklearn\metrics\_classification.py:1561: UserWarning: Note that pos_label (set to 'turkish') is ignored when average != 'binary' (got 'weighted'). You may use labels=[pos_label] to specify a single positive class.
  warnings.warn(

2025-12-04 15:42:12,406:WARNING:C:\Users\ywcho\AppData\Local\Programs\Python\Python311\Lib\site-packages\sklearn\metrics\_classification.py:1561: UserWarning: Note that pos_label (set to 'turkish') is ignored when average != 'binary' (got 'weighted'). You may use labels=[pos_label] to specify a single positive class.
  warnings.warn(

2025-12-04 15:42:12,417:WARNING:C:\Users\ywcho\AppData\Local\Programs\Python\Python311\Lib\site-packages\sklearn\metrics\_classification.py:1561: UserWarning: Note that pos_label (set to 'turkish') is ignored when average != 'binary' (got 'weighted'). You may use labels=[pos_label] to specify a single positive class.
  warnings.warn(

2025-12-04 15:42:12,422:WARNING:C:\Users\ywcho\AppData\Local\Programs\Python\Python311\Lib\site-packages\sklearn\metrics\_classification.py:1561: UserWarning: Note that pos_label (set to 'turkish') is ignored when average != 'binary' (got 'weighted'). You may use labels=[pos_label] to specify a single positive class.
  warnings.warn(

2025-12-04 15:42:12,424:WARNING:C:\Users\ywcho\AppData\Local\Programs\Python\Python311\Lib\site-packages\sklearn\metrics\_classification.py:1561: UserWarning: Note that pos_label (set to 'turkish') is ignored when average != 'binary' (got 'weighted'). You may use labels=[pos_label] to specify a single positive class.
  warnings.warn(

2025-12-04 15:42:12,438:WARNING:C:\Users\ywcho\AppData\Local\Programs\Python\Python311\Lib\site-packages\sklearn\metrics\_classification.py:1561: UserWarning: Note that pos_label (set to 'turkish') is ignored when average != 'binary' (got 'weighted'). You may use labels=[pos_label] to specify a single positive class.
  warnings.warn(

2025-12-04 15:42:12,440:WARNING:C:\Users\ywcho\AppData\Local\Programs\Python\Python311\Lib\site-packages\sklearn\metrics\_classification.py:1561: UserWarning: Note that pos_label (set to 'turkish') is ignored when average != 'binary' (got 'weighted'). You may use labels=[pos_label] to specify a single positive class.
  warnings.warn(

2025-12-04 15:42:12,442:WARNING:C:\Users\ywcho\AppData\Local\Programs\Python\Python311\Lib\site-packages\sklearn\metrics\_classification.py:1561: UserWarning: Note that pos_label (set to 'turkish') is ignored when average != 'binary' (got 'weighted'). You may use labels=[pos_label] to specify a single positive class.
  warnings.warn(

2025-12-04 15:42:12,471:INFO:Calculating mean and std
2025-12-04 15:42:12,472:INFO:Creating metrics dataframe
2025-12-04 15:42:12,475:INFO:Uploading results into container
2025-12-04 15:42:12,475:INFO:Uploading model into container now
2025-12-04 15:42:12,475:INFO:_master_model_container: 13
2025-12-04 15:42:12,475:INFO:_display_container: 2
2025-12-04 15:42:12,475:INFO:LGBMClassifier(boosting_type='gbdt', class_weight=None, colsample_bytree=1.0,
               importance_type='split', learning_rate=0.1, max_depth=-1,
               min_child_samples=20, min_child_weight=0.001, min_split_gain=0.0,
               n_estimators=100, n_jobs=-1, num_leaves=31, objective=None,
               random_state=42, reg_alpha=0.0, reg_lambda=0.0, subsample=1.0,
               subsample_for_bin=200000, subsample_freq=0)
2025-12-04 15:42:12,475:INFO:create_model() successfully completed......................................
2025-12-04 15:42:12,583:INFO:SubProcess create_model() end ==================================
2025-12-04 15:42:12,583:INFO:Creating metrics dataframe
2025-12-04 15:42:12,597:INFO:Initializing Dummy Classifier
2025-12-04 15:42:12,597:INFO:Total runtime is 3.6678605874379473 minutes
2025-12-04 15:42:12,597:INFO:SubProcess create_model() called ==================================
2025-12-04 15:42:12,597:INFO:Initializing create_model()
2025-12-04 15:42:12,597:INFO:create_model(self=<pycaret.classification.oop.ClassificationExperiment object at 0x000002A1B340F610>, estimator=dummy, fold=StratifiedKFold(n_splits=10, random_state=None, shuffle=False), round=4, cross_validation=True, predict=True, fit_kwargs={}, groups=None, refit=False, probability_threshold=None, experiment_custom_tags=None, verbose=False, system=False, add_to_model_list=True, metrics=None, display=<pycaret.internal.display.display.CommonDisplay object at 0x000002A1ED63DA50>, model_only=True, return_train_score=False, error_score=0.0, kwargs={})
2025-12-04 15:42:12,597:INFO:Checking exceptions
2025-12-04 15:42:12,597:INFO:Importing libraries
2025-12-04 15:42:12,597:INFO:Copying training dataset
2025-12-04 15:42:12,597:INFO:Defining folds
2025-12-04 15:42:12,597:INFO:Declaring metric variables
2025-12-04 15:42:12,597:INFO:Importing untrained model
2025-12-04 15:42:12,597:INFO:Dummy Classifier Imported successfully
2025-12-04 15:42:12,597:INFO:Starting cross validation
2025-12-04 15:42:12,597:INFO:Cross validating with StratifiedKFold(n_splits=10, random_state=None, shuffle=False), n_jobs=-1
2025-12-04 15:42:12,927:WARNING:C:\Users\ywcho\AppData\Local\Programs\Python\Python311\Lib\site-packages\numpy\core\_methods.py:187: RuntimeWarning: overflow encountered in reduce
  ret = umr_sum(x, axis, dtype, out, keepdims=keepdims, where=where)

2025-12-04 15:42:12,941:WARNING:C:\Users\ywcho\AppData\Local\Programs\Python\Python311\Lib\site-packages\numpy\core\_methods.py:187: RuntimeWarning: overflow encountered in reduce
  ret = umr_sum(x, axis, dtype, out, keepdims=keepdims, where=where)

2025-12-04 15:42:12,943:WARNING:C:\Users\ywcho\AppData\Local\Programs\Python\Python311\Lib\site-packages\numpy\core\_methods.py:187: RuntimeWarning: overflow encountered in reduce
  ret = umr_sum(x, axis, dtype, out, keepdims=keepdims, where=where)

2025-12-04 15:42:12,943:WARNING:C:\Users\ywcho\AppData\Local\Programs\Python\Python311\Lib\site-packages\numpy\core\_methods.py:187: RuntimeWarning: overflow encountered in reduce
  ret = umr_sum(x, axis, dtype, out, keepdims=keepdims, where=where)

2025-12-04 15:42:12,953:WARNING:C:\Users\ywcho\AppData\Local\Programs\Python\Python311\Lib\site-packages\numpy\core\_methods.py:187: RuntimeWarning: overflow encountered in reduce
  ret = umr_sum(x, axis, dtype, out, keepdims=keepdims, where=where)

2025-12-04 15:42:12,955:WARNING:C:\Users\ywcho\AppData\Local\Programs\Python\Python311\Lib\site-packages\numpy\core\_methods.py:187: RuntimeWarning: overflow encountered in reduce
  ret = umr_sum(x, axis, dtype, out, keepdims=keepdims, where=where)

2025-12-04 15:42:12,963:WARNING:C:\Users\ywcho\AppData\Local\Programs\Python\Python311\Lib\site-packages\numpy\core\_methods.py:187: RuntimeWarning: overflow encountered in reduce
  ret = umr_sum(x, axis, dtype, out, keepdims=keepdims, where=where)

2025-12-04 15:42:12,977:WARNING:C:\Users\ywcho\AppData\Local\Programs\Python\Python311\Lib\site-packages\numpy\core\_methods.py:187: RuntimeWarning: overflow encountered in reduce
  ret = umr_sum(x, axis, dtype, out, keepdims=keepdims, where=where)

2025-12-04 15:42:13,004:WARNING:C:\Users\ywcho\AppData\Local\Programs\Python\Python311\Lib\site-packages\numpy\core\_methods.py:187: RuntimeWarning: overflow encountered in reduce
  ret = umr_sum(x, axis, dtype, out, keepdims=keepdims, where=where)

2025-12-04 15:42:13,025:WARNING:C:\Users\ywcho\AppData\Local\Programs\Python\Python311\Lib\site-packages\numpy\core\_methods.py:187: RuntimeWarning: overflow encountered in reduce
  ret = umr_sum(x, axis, dtype, out, keepdims=keepdims, where=where)

2025-12-04 15:42:13,035:WARNING:C:\Users\ywcho\AppData\Local\Programs\Python\Python311\Lib\site-packages\sklearn\metrics\_classification.py:1561: UserWarning: Note that pos_label (set to 'turkish') is ignored when average != 'binary' (got 'weighted'). You may use labels=[pos_label] to specify a single positive class.
  warnings.warn(

2025-12-04 15:42:13,035:WARNING:C:\Users\ywcho\AppData\Local\Programs\Python\Python311\Lib\site-packages\sklearn\metrics\_classification.py:1561: UserWarning: Note that pos_label (set to 'turkish') is ignored when average != 'binary' (got 'weighted'). You may use labels=[pos_label] to specify a single positive class.
  warnings.warn(

2025-12-04 15:42:13,040:WARNING:C:\Users\ywcho\AppData\Local\Programs\Python\Python311\Lib\site-packages\sklearn\metrics\_classification.py:1561: UserWarning: Note that pos_label (set to 'turkish') is ignored when average != 'binary' (got 'weighted'). You may use labels=[pos_label] to specify a single positive class.
  warnings.warn(

2025-12-04 15:42:13,048:WARNING:C:\Users\ywcho\AppData\Local\Programs\Python\Python311\Lib\site-packages\sklearn\metrics\_classification.py:1561: UserWarning: Note that pos_label (set to 'turkish') is ignored when average != 'binary' (got 'weighted'). You may use labels=[pos_label] to specify a single positive class.
  warnings.warn(

2025-12-04 15:42:13,050:WARNING:C:\Users\ywcho\AppData\Local\Programs\Python\Python311\Lib\site-packages\sklearn\metrics\_classification.py:1561: UserWarning: Note that pos_label (set to 'turkish') is ignored when average != 'binary' (got 'weighted'). You may use labels=[pos_label] to specify a single positive class.
  warnings.warn(

2025-12-04 15:42:13,053:WARNING:C:\Users\ywcho\AppData\Local\Programs\Python\Python311\Lib\site-packages\sklearn\metrics\_classification.py:1561: UserWarning: Note that pos_label (set to 'turkish') is ignored when average != 'binary' (got 'weighted'). You may use labels=[pos_label] to specify a single positive class.
  warnings.warn(

2025-12-04 15:42:13,053:WARNING:C:\Users\ywcho\AppData\Local\Programs\Python\Python311\Lib\site-packages\sklearn\metrics\_classification.py:1561: UserWarning: Note that pos_label (set to 'turkish') is ignored when average != 'binary' (got 'weighted'). You may use labels=[pos_label] to specify a single positive class.
  warnings.warn(

2025-12-04 15:42:13,058:WARNING:C:\Users\ywcho\AppData\Local\Programs\Python\Python311\Lib\site-packages\sklearn\metrics\_classification.py:1561: UserWarning: Note that pos_label (set to 'turkish') is ignored when average != 'binary' (got 'weighted'). You may use labels=[pos_label] to specify a single positive class.
  warnings.warn(

2025-12-04 15:42:13,058:WARNING:C:\Users\ywcho\AppData\Local\Programs\Python\Python311\Lib\site-packages\sklearn\metrics\_classification.py:1561: UserWarning: Note that pos_label (set to 'turkish') is ignored when average != 'binary' (got 'weighted'). You may use labels=[pos_label] to specify a single positive class.
  warnings.warn(

2025-12-04 15:42:13,064:WARNING:C:\Users\ywcho\AppData\Local\Programs\Python\Python311\Lib\site-packages\sklearn\metrics\_classification.py:1509: UndefinedMetricWarning: Precision is ill-defined and being set to 0.0 in labels with no predicted samples. Use `zero_division` parameter to control this behavior.
  _warn_prf(average, modifier, f"{metric.capitalize()} is", len(result))

2025-12-04 15:42:13,066:WARNING:C:\Users\ywcho\AppData\Local\Programs\Python\Python311\Lib\site-packages\sklearn\metrics\_classification.py:1561: UserWarning: Note that pos_label (set to 'turkish') is ignored when average != 'binary' (got 'weighted'). You may use labels=[pos_label] to specify a single positive class.
  warnings.warn(

2025-12-04 15:42:13,066:WARNING:C:\Users\ywcho\AppData\Local\Programs\Python\Python311\Lib\site-packages\sklearn\metrics\_classification.py:1509: UndefinedMetricWarning: Precision is ill-defined and being set to 0.0 in labels with no predicted samples. Use `zero_division` parameter to control this behavior.
  _warn_prf(average, modifier, f"{metric.capitalize()} is", len(result))

2025-12-04 15:42:13,067:WARNING:C:\Users\ywcho\AppData\Local\Programs\Python\Python311\Lib\site-packages\sklearn\metrics\_classification.py:1561: UserWarning: Note that pos_label (set to 'turkish') is ignored when average != 'binary' (got 'weighted'). You may use labels=[pos_label] to specify a single positive class.
  warnings.warn(

2025-12-04 15:42:13,067:WARNING:C:\Users\ywcho\AppData\Local\Programs\Python\Python311\Lib\site-packages\sklearn\metrics\_classification.py:1509: UndefinedMetricWarning: Precision is ill-defined and being set to 0.0 in labels with no predicted samples. Use `zero_division` parameter to control this behavior.
  _warn_prf(average, modifier, f"{metric.capitalize()} is", len(result))

2025-12-04 15:42:13,072:WARNING:C:\Users\ywcho\AppData\Local\Programs\Python\Python311\Lib\site-packages\sklearn\metrics\_classification.py:1561: UserWarning: Note that pos_label (set to 'turkish') is ignored when average != 'binary' (got 'weighted'). You may use labels=[pos_label] to specify a single positive class.
  warnings.warn(

2025-12-04 15:42:13,074:WARNING:C:\Users\ywcho\AppData\Local\Programs\Python\Python311\Lib\site-packages\sklearn\metrics\_classification.py:1561: UserWarning: Note that pos_label (set to 'turkish') is ignored when average != 'binary' (got 'weighted'). You may use labels=[pos_label] to specify a single positive class.
  warnings.warn(

2025-12-04 15:42:13,074:WARNING:C:\Users\ywcho\AppData\Local\Programs\Python\Python311\Lib\site-packages\sklearn\metrics\_classification.py:1561: UserWarning: Note that pos_label (set to 'turkish') is ignored when average != 'binary' (got 'weighted'). You may use labels=[pos_label] to specify a single positive class.
  warnings.warn(

2025-12-04 15:42:13,074:WARNING:C:\Users\ywcho\AppData\Local\Programs\Python\Python311\Lib\site-packages\sklearn\metrics\_classification.py:1561: UserWarning: Note that pos_label (set to 'turkish') is ignored when average != 'binary' (got 'weighted'). You may use labels=[pos_label] to specify a single positive class.
  warnings.warn(

2025-12-04 15:42:13,076:WARNING:C:\Users\ywcho\AppData\Local\Programs\Python\Python311\Lib\site-packages\sklearn\metrics\_classification.py:1561: UserWarning: Note that pos_label (set to 'turkish') is ignored when average != 'binary' (got 'weighted'). You may use labels=[pos_label] to specify a single positive class.
  warnings.warn(

2025-12-04 15:42:13,076:WARNING:C:\Users\ywcho\AppData\Local\Programs\Python\Python311\Lib\site-packages\sklearn\metrics\_classification.py:1509: UndefinedMetricWarning: Precision is ill-defined and being set to 0.0 in labels with no predicted samples. Use `zero_division` parameter to control this behavior.
  _warn_prf(average, modifier, f"{metric.capitalize()} is", len(result))

2025-12-04 15:42:13,076:WARNING:C:\Users\ywcho\AppData\Local\Programs\Python\Python311\Lib\site-packages\sklearn\metrics\_classification.py:1561: UserWarning: Note that pos_label (set to 'turkish') is ignored when average != 'binary' (got 'weighted'). You may use labels=[pos_label] to specify a single positive class.
  warnings.warn(

2025-12-04 15:42:13,079:WARNING:C:\Users\ywcho\AppData\Local\Programs\Python\Python311\Lib\site-packages\sklearn\metrics\_classification.py:1509: UndefinedMetricWarning: Precision is ill-defined and being set to 0.0 in labels with no predicted samples. Use `zero_division` parameter to control this behavior.
  _warn_prf(average, modifier, f"{metric.capitalize()} is", len(result))

2025-12-04 15:42:13,083:WARNING:C:\Users\ywcho\AppData\Local\Programs\Python\Python311\Lib\site-packages\sklearn\metrics\_classification.py:1561: UserWarning: Note that pos_label (set to 'turkish') is ignored when average != 'binary' (got 'weighted'). You may use labels=[pos_label] to specify a single positive class.
  warnings.warn(

2025-12-04 15:42:13,085:WARNING:C:\Users\ywcho\AppData\Local\Programs\Python\Python311\Lib\site-packages\sklearn\metrics\_classification.py:1561: UserWarning: Note that pos_label (set to 'turkish') is ignored when average != 'binary' (got 'weighted'). You may use labels=[pos_label] to specify a single positive class.
  warnings.warn(

2025-12-04 15:42:13,087:WARNING:C:\Users\ywcho\AppData\Local\Programs\Python\Python311\Lib\site-packages\sklearn\metrics\_classification.py:1509: UndefinedMetricWarning: Precision is ill-defined and being set to 0.0 in labels with no predicted samples. Use `zero_division` parameter to control this behavior.
  _warn_prf(average, modifier, f"{metric.capitalize()} is", len(result))

2025-12-04 15:42:13,091:WARNING:C:\Users\ywcho\AppData\Local\Programs\Python\Python311\Lib\site-packages\sklearn\metrics\_classification.py:1561: UserWarning: Note that pos_label (set to 'turkish') is ignored when average != 'binary' (got 'weighted'). You may use labels=[pos_label] to specify a single positive class.
  warnings.warn(

2025-12-04 15:42:13,095:WARNING:C:\Users\ywcho\AppData\Local\Programs\Python\Python311\Lib\site-packages\sklearn\metrics\_classification.py:1561: UserWarning: Note that pos_label (set to 'turkish') is ignored when average != 'binary' (got 'weighted'). You may use labels=[pos_label] to specify a single positive class.
  warnings.warn(

2025-12-04 15:42:13,095:WARNING:C:\Users\ywcho\AppData\Local\Programs\Python\Python311\Lib\site-packages\sklearn\metrics\_classification.py:1561: UserWarning: Note that pos_label (set to 'turkish') is ignored when average != 'binary' (got 'weighted'). You may use labels=[pos_label] to specify a single positive class.
  warnings.warn(

2025-12-04 15:42:13,101:WARNING:C:\Users\ywcho\AppData\Local\Programs\Python\Python311\Lib\site-packages\sklearn\metrics\_classification.py:1509: UndefinedMetricWarning: Precision is ill-defined and being set to 0.0 in labels with no predicted samples. Use `zero_division` parameter to control this behavior.
  _warn_prf(average, modifier, f"{metric.capitalize()} is", len(result))

2025-12-04 15:42:13,101:WARNING:C:\Users\ywcho\AppData\Local\Programs\Python\Python311\Lib\site-packages\sklearn\metrics\_classification.py:1509: UndefinedMetricWarning: Precision is ill-defined and being set to 0.0 in labels with no predicted samples. Use `zero_division` parameter to control this behavior.
  _warn_prf(average, modifier, f"{metric.capitalize()} is", len(result))

2025-12-04 15:42:13,107:WARNING:C:\Users\ywcho\AppData\Local\Programs\Python\Python311\Lib\site-packages\sklearn\metrics\_classification.py:1561: UserWarning: Note that pos_label (set to 'turkish') is ignored when average != 'binary' (got 'weighted'). You may use labels=[pos_label] to specify a single positive class.
  warnings.warn(

2025-12-04 15:42:13,110:WARNING:C:\Users\ywcho\AppData\Local\Programs\Python\Python311\Lib\site-packages\sklearn\metrics\_classification.py:1561: UserWarning: Note that pos_label (set to 'turkish') is ignored when average != 'binary' (got 'weighted'). You may use labels=[pos_label] to specify a single positive class.
  warnings.warn(

2025-12-04 15:42:13,110:WARNING:C:\Users\ywcho\AppData\Local\Programs\Python\Python311\Lib\site-packages\sklearn\metrics\_classification.py:1561: UserWarning: Note that pos_label (set to 'turkish') is ignored when average != 'binary' (got 'weighted'). You may use labels=[pos_label] to specify a single positive class.
  warnings.warn(

2025-12-04 15:42:13,110:WARNING:C:\Users\ywcho\AppData\Local\Programs\Python\Python311\Lib\site-packages\sklearn\metrics\_classification.py:1561: UserWarning: Note that pos_label (set to 'turkish') is ignored when average != 'binary' (got 'weighted'). You may use labels=[pos_label] to specify a single positive class.
  warnings.warn(

2025-12-04 15:42:13,118:WARNING:C:\Users\ywcho\AppData\Local\Programs\Python\Python311\Lib\site-packages\sklearn\metrics\_classification.py:1561: UserWarning: Note that pos_label (set to 'turkish') is ignored when average != 'binary' (got 'weighted'). You may use labels=[pos_label] to specify a single positive class.
  warnings.warn(

2025-12-04 15:42:13,118:WARNING:C:\Users\ywcho\AppData\Local\Programs\Python\Python311\Lib\site-packages\sklearn\metrics\_classification.py:1561: UserWarning: Note that pos_label (set to 'turkish') is ignored when average != 'binary' (got 'weighted'). You may use labels=[pos_label] to specify a single positive class.
  warnings.warn(

2025-12-04 15:42:13,118:WARNING:C:\Users\ywcho\AppData\Local\Programs\Python\Python311\Lib\site-packages\sklearn\metrics\_classification.py:1509: UndefinedMetricWarning: Precision is ill-defined and being set to 0.0 in labels with no predicted samples. Use `zero_division` parameter to control this behavior.
  _warn_prf(average, modifier, f"{metric.capitalize()} is", len(result))

2025-12-04 15:42:13,128:WARNING:C:\Users\ywcho\AppData\Local\Programs\Python\Python311\Lib\site-packages\sklearn\metrics\_classification.py:1509: UndefinedMetricWarning: Precision is ill-defined and being set to 0.0 in labels with no predicted samples. Use `zero_division` parameter to control this behavior.
  _warn_prf(average, modifier, f"{metric.capitalize()} is", len(result))

2025-12-04 15:42:13,128:WARNING:C:\Users\ywcho\AppData\Local\Programs\Python\Python311\Lib\site-packages\sklearn\metrics\_classification.py:1561: UserWarning: Note that pos_label (set to 'turkish') is ignored when average != 'binary' (got 'weighted'). You may use labels=[pos_label] to specify a single positive class.
  warnings.warn(

2025-12-04 15:42:13,133:WARNING:C:\Users\ywcho\AppData\Local\Programs\Python\Python311\Lib\site-packages\sklearn\metrics\_classification.py:1561: UserWarning: Note that pos_label (set to 'turkish') is ignored when average != 'binary' (got 'weighted'). You may use labels=[pos_label] to specify a single positive class.
  warnings.warn(

2025-12-04 15:42:13,148:INFO:Calculating mean and std
2025-12-04 15:42:13,148:INFO:Creating metrics dataframe
2025-12-04 15:42:13,148:INFO:Uploading results into container
2025-12-04 15:42:13,148:INFO:Uploading model into container now
2025-12-04 15:42:13,148:INFO:_master_model_container: 14
2025-12-04 15:42:13,148:INFO:_display_container: 2
2025-12-04 15:42:13,148:INFO:DummyClassifier(constant=None, random_state=42, strategy='prior')
2025-12-04 15:42:13,148:INFO:create_model() successfully completed......................................
2025-12-04 15:42:13,245:INFO:SubProcess create_model() end ==================================
2025-12-04 15:42:13,246:INFO:Creating metrics dataframe
2025-12-04 15:42:13,258:WARNING:C:\Users\ywcho\AppData\Local\Programs\Python\Python311\Lib\site-packages\pycaret\internal\pycaret_experiment\supervised_experiment.py:339: FutureWarning: Styler.applymap has been deprecated. Use Styler.map instead.
  .applymap(highlight_cols, subset=["TT (Sec)"])

2025-12-04 15:42:13,263:INFO:Initializing create_model()
2025-12-04 15:42:13,263:INFO:create_model(self=<pycaret.classification.oop.ClassificationExperiment object at 0x000002A1B340F610>, estimator=RandomForestClassifier(bootstrap=True, ccp_alpha=0.0, class_weight=None,
                       criterion='gini', max_depth=None, max_features='sqrt',
                       max_leaf_nodes=None, max_samples=None,
                       min_impurity_decrease=0.0, min_samples_leaf=1,
                       min_samples_split=2, min_weight_fraction_leaf=0.0,
                       monotonic_cst=None, n_estimators=100, n_jobs=-1,
                       oob_score=False, random_state=42, verbose=0,
                       warm_start=False), fold=StratifiedKFold(n_splits=10, random_state=None, shuffle=False), round=4, cross_validation=False, predict=False, fit_kwargs={}, groups=None, refit=True, probability_threshold=None, experiment_custom_tags=None, verbose=False, system=False, add_to_model_list=True, metrics=None, display=None, model_only=True, return_train_score=False, error_score=0.0, kwargs={})
2025-12-04 15:42:13,263:INFO:Checking exceptions
2025-12-04 15:42:13,263:INFO:Importing libraries
2025-12-04 15:42:13,263:INFO:Copying training dataset
2025-12-04 15:42:13,270:INFO:Defining folds
2025-12-04 15:42:13,270:INFO:Declaring metric variables
2025-12-04 15:42:13,270:INFO:Importing untrained model
2025-12-04 15:42:13,270:INFO:Declaring custom model
2025-12-04 15:42:13,272:INFO:Random Forest Classifier Imported successfully
2025-12-04 15:42:13,272:INFO:Cross validation set to False
2025-12-04 15:42:13,272:INFO:Fitting Model
2025-12-04 15:42:13,414:WARNING:C:\Users\ywcho\AppData\Local\Programs\Python\Python311\Lib\site-packages\numpy\core\_methods.py:187: RuntimeWarning: overflow encountered in reduce
  ret = umr_sum(x, axis, dtype, out, keepdims=keepdims, where=where)

2025-12-04 15:42:14,515:INFO:RandomForestClassifier(bootstrap=True, ccp_alpha=0.0, class_weight=None,
                       criterion='gini', max_depth=None, max_features='sqrt',
                       max_leaf_nodes=None, max_samples=None,
                       min_impurity_decrease=0.0, min_samples_leaf=1,
                       min_samples_split=2, min_weight_fraction_leaf=0.0,
                       monotonic_cst=None, n_estimators=100, n_jobs=-1,
                       oob_score=False, random_state=42, verbose=0,
                       warm_start=False)
2025-12-04 15:42:14,515:INFO:create_model() successfully completed......................................
2025-12-04 15:42:14,608:INFO:_master_model_container: 14
2025-12-04 15:42:14,608:INFO:_display_container: 2
2025-12-04 15:42:14,608:INFO:RandomForestClassifier(bootstrap=True, ccp_alpha=0.0, class_weight=None,
                       criterion='gini', max_depth=None, max_features='sqrt',
                       max_leaf_nodes=None, max_samples=None,
                       min_impurity_decrease=0.0, min_samples_leaf=1,
                       min_samples_split=2, min_weight_fraction_leaf=0.0,
                       monotonic_cst=None, n_estimators=100, n_jobs=-1,
                       oob_score=False, random_state=42, verbose=0,
                       warm_start=False)
2025-12-04 15:42:14,608:INFO:compare_models() successfully completed......................................
2025-12-04 15:42:14,608:INFO:Initializing finalize_model()
2025-12-04 15:42:14,608:INFO:finalize_model(self=<pycaret.classification.oop.ClassificationExperiment object at 0x000002A1B340F610>, estimator=RandomForestClassifier(bootstrap=True, ccp_alpha=0.0, class_weight=None,
                       criterion='gini', max_depth=None, max_features='sqrt',
                       max_leaf_nodes=None, max_samples=None,
                       min_impurity_decrease=0.0, min_samples_leaf=1,
                       min_samples_split=2, min_weight_fraction_leaf=0.0,
                       monotonic_cst=None, n_estimators=100, n_jobs=-1,
                       oob_score=False, random_state=42, verbose=0,
                       warm_start=False), fit_kwargs=None, groups=None, model_only=False, experiment_custom_tags=None)
2025-12-04 15:42:14,608:INFO:Finalizing RandomForestClassifier(bootstrap=True, ccp_alpha=0.0, class_weight=None,
                       criterion='gini', max_depth=None, max_features='sqrt',
                       max_leaf_nodes=None, max_samples=None,
                       min_impurity_decrease=0.0, min_samples_leaf=1,
                       min_samples_split=2, min_weight_fraction_leaf=0.0,
                       monotonic_cst=None, n_estimators=100, n_jobs=-1,
                       oob_score=False, random_state=42, verbose=0,
                       warm_start=False)
2025-12-04 15:42:14,625:INFO:Initializing create_model()
2025-12-04 15:42:14,625:INFO:create_model(self=<pycaret.classification.oop.ClassificationExperiment object at 0x000002A1B340F610>, estimator=RandomForestClassifier(bootstrap=True, ccp_alpha=0.0, class_weight=None,
                       criterion='gini', max_depth=None, max_features='sqrt',
                       max_leaf_nodes=None, max_samples=None,
                       min_impurity_decrease=0.0, min_samples_leaf=1,
                       min_samples_split=2, min_weight_fraction_leaf=0.0,
                       monotonic_cst=None, n_estimators=100, n_jobs=-1,
                       oob_score=False, random_state=42, verbose=0,
                       warm_start=False), fold=None, round=4, cross_validation=False, predict=False, fit_kwargs={}, groups=None, refit=True, probability_threshold=None, experiment_custom_tags=None, verbose=False, system=False, add_to_model_list=False, metrics=None, display=None, model_only=False, return_train_score=False, error_score=0.0, kwargs={})
2025-12-04 15:42:14,625:INFO:Checking exceptions
2025-12-04 15:42:14,625:INFO:Importing libraries
2025-12-04 15:42:14,625:INFO:Copying training dataset
2025-12-04 15:42:14,626:INFO:Defining folds
2025-12-04 15:42:14,626:INFO:Declaring metric variables
2025-12-04 15:42:14,626:INFO:Importing untrained model
2025-12-04 15:42:14,626:INFO:Declaring custom model
2025-12-04 15:42:14,626:INFO:Random Forest Classifier Imported successfully
2025-12-04 15:42:14,627:INFO:Cross validation set to False
2025-12-04 15:42:14,627:INFO:Fitting Model
2025-12-04 15:42:14,805:WARNING:C:\Users\ywcho\AppData\Local\Programs\Python\Python311\Lib\site-packages\numpy\core\_methods.py:187: RuntimeWarning: overflow encountered in reduce
  ret = umr_sum(x, axis, dtype, out, keepdims=keepdims, where=where)

2025-12-04 15:42:16,401:INFO:Pipeline(memory=Memory(location=None),
         steps=[('label_encoding',
                 TransformerWrapperWithInverse(exclude=None, include=None,
                                               transformer=LabelEncoder())),
                ('numerical_imputer',
                 TransformerWrapper(exclude=None,
                                    include=['danceability', 'energy',
                                             'loudness', 'mode', 'acousticness',
                                             'instrumentalness', 'liveness',
                                             'valence', 'tempo'],
                                    transformer=SimpleImputer(add_indi...
                 RandomForestClassifier(bootstrap=True, ccp_alpha=0.0,
                                        class_weight=None, criterion='gini',
                                        max_depth=None, max_features='sqrt',
                                        max_leaf_nodes=None, max_samples=None,
                                        min_impurity_decrease=0.0,
                                        min_samples_leaf=1, min_samples_split=2,
                                        min_weight_fraction_leaf=0.0,
                                        monotonic_cst=None, n_estimators=100,
                                        n_jobs=-1, oob_score=False,
                                        random_state=42, verbose=0,
                                        warm_start=False))],
         verbose=False)
2025-12-04 15:42:16,401:INFO:create_model() successfully completed......................................
2025-12-04 15:42:16,496:INFO:_master_model_container: 14
2025-12-04 15:42:16,496:INFO:_display_container: 2
2025-12-04 15:42:16,517:INFO:Pipeline(memory=Memory(location=None),
         steps=[('label_encoding',
                 TransformerWrapperWithInverse(exclude=None, include=None,
                                               transformer=LabelEncoder())),
                ('numerical_imputer',
                 TransformerWrapper(exclude=None,
                                    include=['danceability', 'energy',
                                             'loudness', 'mode', 'acousticness',
                                             'instrumentalness', 'liveness',
                                             'valence', 'tempo'],
                                    transformer=SimpleImputer(add_indi...
                 RandomForestClassifier(bootstrap=True, ccp_alpha=0.0,
                                        class_weight=None, criterion='gini',
                                        max_depth=None, max_features='sqrt',
                                        max_leaf_nodes=None, max_samples=None,
                                        min_impurity_decrease=0.0,
                                        min_samples_leaf=1, min_samples_split=2,
                                        min_weight_fraction_leaf=0.0,
                                        monotonic_cst=None, n_estimators=100,
                                        n_jobs=-1, oob_score=False,
                                        random_state=42, verbose=0,
                                        warm_start=False))],
         verbose=False)
2025-12-04 15:42:16,517:INFO:finalize_model() successfully completed......................................
2025-12-04 15:42:16,634:INFO:Initializing save_model()
2025-12-04 15:42:16,634:INFO:save_model(model=Pipeline(memory=Memory(location=None),
         steps=[('label_encoding',
                 TransformerWrapperWithInverse(exclude=None, include=None,
                                               transformer=LabelEncoder())),
                ('numerical_imputer',
                 TransformerWrapper(exclude=None,
                                    include=['danceability', 'energy',
                                             'loudness', 'mode', 'acousticness',
                                             'instrumentalness', 'liveness',
                                             'valence', 'tempo'],
                                    transformer=SimpleImputer(add_indi...
                 RandomForestClassifier(bootstrap=True, ccp_alpha=0.0,
                                        class_weight=None, criterion='gini',
                                        max_depth=None, max_features='sqrt',
                                        max_leaf_nodes=None, max_samples=None,
                                        min_impurity_decrease=0.0,
                                        min_samples_leaf=1, min_samples_split=2,
                                        min_weight_fraction_leaf=0.0,
                                        monotonic_cst=None, n_estimators=100,
                                        n_jobs=-1, oob_score=False,
                                        random_state=42, verbose=0,
                                        warm_start=False))],
         verbose=False), model_name=genre_classifier, prep_pipe_=Pipeline(memory=FastMemory(location=C:\Users\ywcho\AppData\Local\Temp\joblib),
         steps=[('label_encoding',
                 TransformerWrapperWithInverse(exclude=None, include=None,
                                               transformer=LabelEncoder())),
                ('numerical_imputer',
                 TransformerWrapper(exclude=None,
                                    include=['danceability', 'energy',
                                             'loudness', 'mode', 'acousticness',
                                             'instrumentalness', 'liveness',
                                             'valence', 'te...
                                    transformer=FixImbalancer(estimator=SMOTE(k_neighbors=5,
                                                                              random_state=42,
                                                                              sampling_strategy='auto')))),
                ('transformation',
                 TransformerWrapper(exclude=None, include=None,
                                    transformer=PowerTransformer(copy=True,
                                                                 method='yeo-johnson',
                                                                 standardize=False))),
                ('normalize',
                 TransformerWrapper(exclude=None, include=None,
                                    transformer=StandardScaler(copy=True,
                                                               with_mean=True,
                                                               with_std=True)))],
         verbose=False), verbose=True, use_case=MLUsecase.CLASSIFICATION, kwargs={})
2025-12-04 15:42:16,634:INFO:Adding model into prep_pipe
2025-12-04 15:42:16,634:WARNING:Only Model saved as it was a pipeline.
2025-12-04 15:42:16,981:INFO:genre_classifier.pkl saved in current working directory
2025-12-04 15:42:16,990:INFO:Pipeline(memory=Memory(location=None),
         steps=[('label_encoding',
                 TransformerWrapperWithInverse(exclude=None, include=None,
                                               transformer=LabelEncoder())),
                ('numerical_imputer',
                 TransformerWrapper(exclude=None,
                                    include=['danceability', 'energy',
                                             'loudness', 'mode', 'acousticness',
                                             'instrumentalness', 'liveness',
                                             'valence', 'tempo'],
                                    transformer=SimpleImputer(add_indi...
                 RandomForestClassifier(bootstrap=True, ccp_alpha=0.0,
                                        class_weight=None, criterion='gini',
                                        max_depth=None, max_features='sqrt',
                                        max_leaf_nodes=None, max_samples=None,
                                        min_impurity_decrease=0.0,
                                        min_samples_leaf=1, min_samples_split=2,
                                        min_weight_fraction_leaf=0.0,
                                        monotonic_cst=None, n_estimators=100,
                                        n_jobs=-1, oob_score=False,
                                        random_state=42, verbose=0,
                                        warm_start=False))],
         verbose=False)
2025-12-04 15:42:16,990:INFO:save_model() successfully completed......................................
2025-12-04 15:44:02,121:WARNING:
'cuml' is a soft dependency and not included in the pycaret installation. Please run: `pip install cuml` to install.
2025-12-04 15:44:02,121:WARNING:
'cuml' is a soft dependency and not included in the pycaret installation. Please run: `pip install cuml` to install.
2025-12-04 15:44:02,121:WARNING:
'cuml' is a soft dependency and not included in the pycaret installation. Please run: `pip install cuml` to install.
2025-12-04 15:44:02,121:WARNING:
'cuml' is a soft dependency and not included in the pycaret installation. Please run: `pip install cuml` to install.
2025-12-04 15:44:03,545:INFO:Initializing load_model()
2025-12-04 15:44:03,545:INFO:load_model(model_name=genre_classifier, platform=None, authentication=None, verbose=True)
2025-12-04 15:44:03,997:INFO:Initializing predict_model()
2025-12-04 15:44:03,997:INFO:predict_model(self=<pycaret.classification.oop.ClassificationExperiment object at 0x00000225D45BDED0>, estimator=Pipeline(memory=Memory(location=None),
         steps=[('label_encoding',
                 TransformerWrapperWithInverse(transformer=LabelEncoder())),
                ('numerical_imputer',
                 TransformerWrapper(include=['danceability', 'energy',
                                             'loudness', 'mode', 'acousticness',
                                             'instrumentalness', 'liveness',
                                             'valence', 'tempo'],
                                    transformer=SimpleImputer())),
                ('categorical_imputer',
                 TransformerWrapper(i...
                                    transformer=RemoveMulticollinearity(threshold=0.95))),
                ('balance',
                 TransformerWrapper(transformer=FixImbalancer(estimator=SMOTE(random_state=42)))),
                ('transformation',
                 TransformerWrapper(transformer=PowerTransformer(standardize=False))),
                ('normalize', TransformerWrapper(transformer=StandardScaler())),
                ('actual_estimator',
                 RandomForestClassifier(n_jobs=-1, random_state=42))]), probability_threshold=None, encoded_labels=False, raw_score=False, round=4, verbose=True, ml_usecase=None, preprocess=True, encode_labels=<function _SupervisedExperiment.predict_model.<locals>.encode_labels at 0x00000225F09272E0>)
2025-12-04 15:44:03,997:INFO:Checking exceptions
2025-12-04 15:44:03,997:INFO:Preloading libraries
2025-12-04 15:44:03,999:INFO:Set up data.
2025-12-04 15:44:04,001:INFO:Set up index.
2025-12-04 15:46:41,636:WARNING:
'cuml' is a soft dependency and not included in the pycaret installation. Please run: `pip install cuml` to install.
2025-12-04 15:46:41,636:WARNING:
'cuml' is a soft dependency and not included in the pycaret installation. Please run: `pip install cuml` to install.
2025-12-04 15:46:41,636:WARNING:
'cuml' is a soft dependency and not included in the pycaret installation. Please run: `pip install cuml` to install.
2025-12-04 15:46:41,636:WARNING:
'cuml' is a soft dependency and not included in the pycaret installation. Please run: `pip install cuml` to install.
2025-12-04 15:46:42,537:INFO:PyCaret ClassificationExperiment
2025-12-04 15:46:42,537:INFO:Logging name: clf-default-name
2025-12-04 15:46:42,537:INFO:ML Usecase: MLUsecase.CLASSIFICATION
2025-12-04 15:46:42,537:INFO:version 3.3.2
2025-12-04 15:46:42,537:INFO:Initializing setup()
2025-12-04 15:46:42,537:INFO:self.USI: 760a
2025-12-04 15:46:42,537:INFO:self._variable_keys: {'is_multiclass', 'html_param', 'fold_groups_param', 'logging_param', '_available_plots', 'X', 'fold_generator', 'X_test', 'data', 'seed', 'gpu_param', 'y_train', 'y', 'exp_name_log', '_ml_usecase', 'pipeline', 'USI', 'X_train', 'fix_imbalance', 'exp_id', 'idx', 'n_jobs_param', 'memory', 'y_test', 'fold_shuffle_param', 'log_plots_param', 'gpu_n_jobs_param', 'target_param'}
2025-12-04 15:46:42,537:INFO:Checking environment
2025-12-04 15:46:42,537:INFO:python_version: 3.11.0
2025-12-04 15:46:42,537:INFO:python_build: ('main', 'Oct 24 2022 18:26:48')
2025-12-04 15:46:42,537:INFO:machine: AMD64
2025-12-04 15:46:42,537:INFO:platform: Windows-10-10.0.26100-SP0
2025-12-04 15:46:42,537:INFO:Memory: svmem(total=7926505472, available=3455717376, percent=56.4, used=4470788096, free=3455717376)
2025-12-04 15:46:42,537:INFO:Physical Core: 6
2025-12-04 15:46:42,537:INFO:Logical Core: 12
2025-12-04 15:46:42,537:INFO:Checking libraries
2025-12-04 15:46:42,537:INFO:System:
2025-12-04 15:46:42,537:INFO:    python: 3.11.0 (main, Oct 24 2022, 18:26:48) [MSC v.1933 64 bit (AMD64)]
2025-12-04 15:46:42,537:INFO:executable: C:\Users\ywcho\AppData\Local\Programs\Python\Python311\python.exe
2025-12-04 15:46:42,537:INFO:   machine: Windows-10-10.0.26100-SP0
2025-12-04 15:46:42,537:INFO:PyCaret required dependencies:
2025-12-04 15:46:42,561:INFO:                 pip: 22.3
2025-12-04 15:46:42,561:INFO:          setuptools: 65.5.0
2025-12-04 15:46:42,561:INFO:             pycaret: 3.3.2
2025-12-04 15:46:42,561:INFO:             IPython: 9.8.0
2025-12-04 15:46:42,561:INFO:          ipywidgets: 8.1.8
2025-12-04 15:46:42,561:INFO:                tqdm: 4.67.1
2025-12-04 15:46:42,561:INFO:               numpy: 1.26.4
2025-12-04 15:46:42,561:INFO:              pandas: 2.1.4
2025-12-04 15:46:42,562:INFO:              jinja2: 3.1.6
2025-12-04 15:46:42,562:INFO:               scipy: 1.11.4
2025-12-04 15:46:42,562:INFO:              joblib: 1.3.2
2025-12-04 15:46:42,562:INFO:             sklearn: 1.4.2
2025-12-04 15:46:42,562:INFO:                pyod: 2.0.6
2025-12-04 15:46:42,562:INFO:            imblearn: 0.14.0
2025-12-04 15:46:42,562:INFO:   category_encoders: 2.7.0
2025-12-04 15:46:42,562:INFO:            lightgbm: 4.6.0
2025-12-04 15:46:42,562:INFO:               numba: 0.62.1
2025-12-04 15:46:42,562:INFO:            requests: 2.32.5
2025-12-04 15:46:42,562:INFO:          matplotlib: 3.7.5
2025-12-04 15:46:42,562:INFO:          scikitplot: 0.3.7
2025-12-04 15:46:42,562:INFO:         yellowbrick: 1.5
2025-12-04 15:46:42,562:INFO:              plotly: 6.5.0
2025-12-04 15:46:42,562:INFO:    plotly-resampler: Not installed
2025-12-04 15:46:42,562:INFO:             kaleido: 1.2.0
2025-12-04 15:46:42,562:INFO:           schemdraw: 0.15
2025-12-04 15:46:42,562:INFO:         statsmodels: 0.14.5
2025-12-04 15:46:42,562:INFO:              sktime: 0.26.0
2025-12-04 15:46:42,562:INFO:               tbats: 1.1.3
2025-12-04 15:46:42,562:INFO:            pmdarima: 2.0.4
2025-12-04 15:46:42,562:INFO:              psutil: 7.1.3
2025-12-04 15:46:42,562:INFO:          markupsafe: 3.0.3
2025-12-04 15:46:42,562:INFO:             pickle5: Not installed
2025-12-04 15:46:42,562:INFO:         cloudpickle: 3.1.2
2025-12-04 15:46:42,562:INFO:         deprecation: 2.1.0
2025-12-04 15:46:42,562:INFO:              xxhash: 3.6.0
2025-12-04 15:46:42,562:INFO:           wurlitzer: Not installed
2025-12-04 15:46:42,562:INFO:PyCaret optional dependencies:
2025-12-04 15:46:43,053:INFO:                shap: Not installed
2025-12-04 15:46:43,053:INFO:           interpret: Not installed
2025-12-04 15:46:43,053:INFO:                umap: Not installed
2025-12-04 15:46:43,053:INFO:     ydata_profiling: Not installed
2025-12-04 15:46:43,053:INFO:  explainerdashboard: Not installed
2025-12-04 15:46:43,053:INFO:             autoviz: Not installed
2025-12-04 15:46:43,053:INFO:           fairlearn: Not installed
2025-12-04 15:46:43,053:INFO:          deepchecks: Not installed
2025-12-04 15:46:43,053:INFO:             xgboost: Not installed
2025-12-04 15:46:43,053:INFO:            catboost: Not installed
2025-12-04 15:46:43,053:INFO:              kmodes: Not installed
2025-12-04 15:46:43,053:INFO:             mlxtend: Not installed
2025-12-04 15:46:43,053:INFO:       statsforecast: Not installed
2025-12-04 15:46:43,053:INFO:        tune_sklearn: Not installed
2025-12-04 15:46:43,053:INFO:                 ray: Not installed
2025-12-04 15:46:43,053:INFO:            hyperopt: Not installed
2025-12-04 15:46:43,053:INFO:              optuna: Not installed
2025-12-04 15:46:43,053:INFO:               skopt: Not installed
2025-12-04 15:46:43,053:INFO:              mlflow: Not installed
2025-12-04 15:46:43,053:INFO:              gradio: Not installed
2025-12-04 15:46:43,053:INFO:             fastapi: 0.123.5
2025-12-04 15:46:43,053:INFO:             uvicorn: 0.38.0
2025-12-04 15:46:43,053:INFO:              m2cgen: Not installed
2025-12-04 15:46:43,053:INFO:           evidently: Not installed
2025-12-04 15:46:43,053:INFO:               fugue: Not installed
2025-12-04 15:46:43,053:INFO:           streamlit: Not installed
2025-12-04 15:46:43,053:INFO:             prophet: Not installed
2025-12-04 15:46:43,053:INFO:None
2025-12-04 15:46:43,053:INFO:Set up data.
2025-12-04 15:46:43,053:INFO:Set up folding strategy.
2025-12-04 15:46:43,053:INFO:Set up train/test split.
2025-12-04 15:46:43,084:INFO:Set up index.
2025-12-04 15:46:43,086:INFO:Assigning column types.
2025-12-04 15:46:43,092:INFO:Engine successfully changes for model 'lr' to 'sklearn'.
2025-12-04 15:46:43,123:INFO:Engine for model 'knn' has not been set explicitly, hence returning None.
2025-12-04 15:46:43,127:INFO:Engine for model 'rbfsvm' has not been set explicitly, hence returning None.
2025-12-04 15:46:43,154:WARNING:
'xgboost' is a soft dependency and not included in the pycaret installation. Please run: `pip install xgboost` to install.
Alternately, you can install this by running `pip install pycaret[models]`
2025-12-04 15:46:43,154:WARNING:
'catboost' is a soft dependency and not included in the pycaret installation. Please run: `pip install catboost` to install.
Alternately, you can install this by running `pip install pycaret[models]`
2025-12-04 15:46:43,184:INFO:Engine for model 'knn' has not been set explicitly, hence returning None.
2025-12-04 15:46:43,186:INFO:Engine for model 'rbfsvm' has not been set explicitly, hence returning None.
2025-12-04 15:46:43,204:WARNING:
'xgboost' is a soft dependency and not included in the pycaret installation. Please run: `pip install xgboost` to install.
Alternately, you can install this by running `pip install pycaret[models]`
2025-12-04 15:46:43,204:WARNING:
'catboost' is a soft dependency and not included in the pycaret installation. Please run: `pip install catboost` to install.
Alternately, you can install this by running `pip install pycaret[models]`
2025-12-04 15:46:43,206:INFO:Engine successfully changes for model 'knn' to 'sklearn'.
2025-12-04 15:46:43,237:INFO:Engine for model 'rbfsvm' has not been set explicitly, hence returning None.
2025-12-04 15:46:43,257:WARNING:
'xgboost' is a soft dependency and not included in the pycaret installation. Please run: `pip install xgboost` to install.
Alternately, you can install this by running `pip install pycaret[models]`
2025-12-04 15:46:43,257:WARNING:
'catboost' is a soft dependency and not included in the pycaret installation. Please run: `pip install catboost` to install.
Alternately, you can install this by running `pip install pycaret[models]`
2025-12-04 15:46:43,288:INFO:Engine for model 'rbfsvm' has not been set explicitly, hence returning None.
2025-12-04 15:46:43,308:WARNING:
'xgboost' is a soft dependency and not included in the pycaret installation. Please run: `pip install xgboost` to install.
Alternately, you can install this by running `pip install pycaret[models]`
2025-12-04 15:46:43,308:WARNING:
'catboost' is a soft dependency and not included in the pycaret installation. Please run: `pip install catboost` to install.
Alternately, you can install this by running `pip install pycaret[models]`
2025-12-04 15:46:43,308:INFO:Engine successfully changes for model 'rbfsvm' to 'sklearn'.
2025-12-04 15:46:43,359:WARNING:
'xgboost' is a soft dependency and not included in the pycaret installation. Please run: `pip install xgboost` to install.
Alternately, you can install this by running `pip install pycaret[models]`
2025-12-04 15:46:43,359:WARNING:
'catboost' is a soft dependency and not included in the pycaret installation. Please run: `pip install catboost` to install.
Alternately, you can install this by running `pip install pycaret[models]`
2025-12-04 15:46:43,410:WARNING:
'xgboost' is a soft dependency and not included in the pycaret installation. Please run: `pip install xgboost` to install.
Alternately, you can install this by running `pip install pycaret[models]`
2025-12-04 15:46:43,410:WARNING:
'catboost' is a soft dependency and not included in the pycaret installation. Please run: `pip install catboost` to install.
Alternately, you can install this by running `pip install pycaret[models]`
2025-12-04 15:46:43,412:INFO:Preparing preprocessing pipeline...
2025-12-04 15:46:43,419:INFO:Set up label encoding.
2025-12-04 15:46:43,419:INFO:Set up simple imputation.
2025-12-04 15:46:43,419:INFO:Set up removing multicollinearity.
2025-12-04 15:46:43,419:INFO:Set up imbalanced handling.
2025-12-04 15:46:43,419:INFO:Set up column transformation.
2025-12-04 15:46:43,419:INFO:Set up feature normalization.
2025-12-04 15:46:43,505:INFO:Finished creating preprocessing pipeline.
2025-12-04 15:46:43,505:INFO:Pipeline: Pipeline(memory=FastMemory(location=C:\Users\ywcho\AppData\Local\Temp\joblib),
         steps=[('label_encoding',
                 TransformerWrapperWithInverse(exclude=None, include=None,
                                               transformer=LabelEncoder())),
                ('numerical_imputer',
                 TransformerWrapper(exclude=None,
                                    include=['danceability', 'energy',
                                             'loudness', 'mode', 'acousticness',
                                             'instrumentalness', 'liveness',
                                             'valence', 'te...
                                    transformer=FixImbalancer(estimator=SMOTE(k_neighbors=5,
                                                                              random_state=42,
                                                                              sampling_strategy='auto')))),
                ('transformation',
                 TransformerWrapper(exclude=None, include=None,
                                    transformer=PowerTransformer(copy=True,
                                                                 method='yeo-johnson',
                                                                 standardize=False))),
                ('normalize',
                 TransformerWrapper(exclude=None, include=None,
                                    transformer=StandardScaler(copy=True,
                                                               with_mean=True,
                                                               with_std=True)))],
         verbose=False)
2025-12-04 15:46:43,505:INFO:Creating final display dataframe.
2025-12-04 15:46:43,701:INFO:Setup _display_container:                     Description                                              Value
0                    Session id                                                 42
1                        Target                                              Genre
2                   Target type                                         Multiclass
3                Target mapping  acoustic: 0, ambient: 1, breakbeat: 2, british...
4           Original data shape                                        (30000, 10)
5        Transformed data shape                                        (30000, 10)
6   Transformed train set shape                                        (21000, 10)
7    Transformed test set shape                                         (9000, 10)
8              Numeric features                                                  9
9                    Preprocess                                               True
10              Imputation type                                             simple
11           Numeric imputation                                               mean
12       Categorical imputation                                               mode
13     Remove multicollinearity                                               True
14  Multicollinearity threshold                                               0.95
15                Fix imbalance                                               True
16         Fix imbalance method                                              SMOTE
17               Transformation                                               True
18        Transformation method                                        yeo-johnson
19                    Normalize                                               True
20             Normalize method                                             zscore
21               Fold Generator                                    StratifiedKFold
22                  Fold Number                                                 10
23                     CPU Jobs                                                 -1
24                      Use GPU                                              False
25               Log Experiment                                              False
26              Experiment Name                                   clf-default-name
27                          USI                                               760a
2025-12-04 15:46:43,762:WARNING:
'xgboost' is a soft dependency and not included in the pycaret installation. Please run: `pip install xgboost` to install.
Alternately, you can install this by running `pip install pycaret[models]`
2025-12-04 15:46:43,762:WARNING:
'catboost' is a soft dependency and not included in the pycaret installation. Please run: `pip install catboost` to install.
Alternately, you can install this by running `pip install pycaret[models]`
2025-12-04 15:46:43,809:WARNING:
'xgboost' is a soft dependency and not included in the pycaret installation. Please run: `pip install xgboost` to install.
Alternately, you can install this by running `pip install pycaret[models]`
2025-12-04 15:46:43,809:WARNING:
'catboost' is a soft dependency and not included in the pycaret installation. Please run: `pip install catboost` to install.
Alternately, you can install this by running `pip install pycaret[models]`
2025-12-04 15:46:43,809:INFO:setup() successfully completed in 1.29s...............
2025-12-04 15:46:43,809:INFO:Initializing compare_models()
2025-12-04 15:46:43,809:INFO:compare_models(self=<pycaret.classification.oop.ClassificationExperiment object at 0x000001E83DF7F610>, include=None, exclude=None, fold=None, round=4, cross_validation=True, sort=Accuracy, n_select=1, budget_time=None, turbo=True, errors=ignore, fit_kwargs=None, groups=None, experiment_custom_tags=None, probability_threshold=None, verbose=True, parallel=None, caller_params={'self': <pycaret.classification.oop.ClassificationExperiment object at 0x000001E83DF7F610>, 'include': None, 'exclude': None, 'fold': None, 'round': 4, 'cross_validation': True, 'sort': 'Accuracy', 'n_select': 1, 'budget_time': None, 'turbo': True, 'errors': 'ignore', 'fit_kwargs': None, 'groups': None, 'experiment_custom_tags': None, 'probability_threshold': None, 'engine': None, 'verbose': True, 'parallel': None, '__class__': <class 'pycaret.classification.oop.ClassificationExperiment'>})
2025-12-04 15:46:43,809:INFO:Checking exceptions
2025-12-04 15:46:43,809:INFO:Preparing display monitor
2025-12-04 15:46:43,825:INFO:Initializing Logistic Regression
2025-12-04 15:46:43,825:INFO:Total runtime is 0.0 minutes
2025-12-04 15:46:43,828:INFO:SubProcess create_model() called ==================================
2025-12-04 15:46:43,828:INFO:Initializing create_model()
2025-12-04 15:46:43,828:INFO:create_model(self=<pycaret.classification.oop.ClassificationExperiment object at 0x000001E83DF7F610>, estimator=lr, fold=StratifiedKFold(n_splits=10, random_state=None, shuffle=False), round=4, cross_validation=True, predict=True, fit_kwargs={}, groups=None, refit=False, probability_threshold=None, experiment_custom_tags=None, verbose=False, system=False, add_to_model_list=True, metrics=None, display=<pycaret.internal.display.display.CommonDisplay object at 0x000001E879341450>, model_only=True, return_train_score=False, error_score=0.0, kwargs={})
2025-12-04 15:46:43,828:INFO:Checking exceptions
2025-12-04 15:46:43,828:INFO:Importing libraries
2025-12-04 15:46:43,828:INFO:Copying training dataset
2025-12-04 15:46:43,828:INFO:Defining folds
2025-12-04 15:46:43,828:INFO:Declaring metric variables
2025-12-04 15:46:43,828:INFO:Importing untrained model
2025-12-04 15:46:43,828:INFO:Logistic Regression Imported successfully
2025-12-04 15:46:43,828:INFO:Starting cross validation
2025-12-04 15:46:43,828:INFO:Cross validating with StratifiedKFold(n_splits=10, random_state=None, shuffle=False), n_jobs=-1
2025-12-04 15:46:48,257:WARNING:C:\Users\ywcho\AppData\Local\Programs\Python\Python311\Lib\site-packages\numpy\core\_methods.py:187: RuntimeWarning: overflow encountered in reduce
  ret = umr_sum(x, axis, dtype, out, keepdims=keepdims, where=where)

2025-12-04 15:46:48,257:WARNING:C:\Users\ywcho\AppData\Local\Programs\Python\Python311\Lib\site-packages\numpy\core\_methods.py:187: RuntimeWarning: overflow encountered in reduce
  ret = umr_sum(x, axis, dtype, out, keepdims=keepdims, where=where)

2025-12-04 15:46:48,259:WARNING:C:\Users\ywcho\AppData\Local\Programs\Python\Python311\Lib\site-packages\numpy\core\_methods.py:187: RuntimeWarning: overflow encountered in reduce
  ret = umr_sum(x, axis, dtype, out, keepdims=keepdims, where=where)

2025-12-04 15:46:48,262:WARNING:C:\Users\ywcho\AppData\Local\Programs\Python\Python311\Lib\site-packages\numpy\core\_methods.py:187: RuntimeWarning: overflow encountered in reduce
  ret = umr_sum(x, axis, dtype, out, keepdims=keepdims, where=where)

2025-12-04 15:46:48,262:WARNING:C:\Users\ywcho\AppData\Local\Programs\Python\Python311\Lib\site-packages\numpy\core\_methods.py:187: RuntimeWarning: overflow encountered in reduce
  ret = umr_sum(x, axis, dtype, out, keepdims=keepdims, where=where)

2025-12-04 15:46:48,268:WARNING:C:\Users\ywcho\AppData\Local\Programs\Python\Python311\Lib\site-packages\numpy\core\_methods.py:187: RuntimeWarning: overflow encountered in reduce
  ret = umr_sum(x, axis, dtype, out, keepdims=keepdims, where=where)

2025-12-04 15:46:48,269:WARNING:C:\Users\ywcho\AppData\Local\Programs\Python\Python311\Lib\site-packages\numpy\core\_methods.py:187: RuntimeWarning: overflow encountered in reduce
  ret = umr_sum(x, axis, dtype, out, keepdims=keepdims, where=where)

2025-12-04 15:46:48,290:WARNING:C:\Users\ywcho\AppData\Local\Programs\Python\Python311\Lib\site-packages\numpy\core\_methods.py:187: RuntimeWarning: overflow encountered in reduce
  ret = umr_sum(x, axis, dtype, out, keepdims=keepdims, where=where)

2025-12-04 15:46:48,294:WARNING:C:\Users\ywcho\AppData\Local\Programs\Python\Python311\Lib\site-packages\numpy\core\_methods.py:187: RuntimeWarning: overflow encountered in reduce
  ret = umr_sum(x, axis, dtype, out, keepdims=keepdims, where=where)

2025-12-04 15:46:48,315:WARNING:C:\Users\ywcho\AppData\Local\Programs\Python\Python311\Lib\site-packages\numpy\core\_methods.py:187: RuntimeWarning: overflow encountered in reduce
  ret = umr_sum(x, axis, dtype, out, keepdims=keepdims, where=where)

2025-12-04 15:46:50,890:WARNING:C:\Users\ywcho\AppData\Local\Programs\Python\Python311\Lib\site-packages\pycaret\internal\metrics.py:204: FitFailedWarning: Metric 'make_scorer(roc_auc_score, response_method=('decision_function', 'predict_proba'), average=weighted, multi_class=ovr)' failed and error score 0.0 has been returned instead. If this is a custom metric, this usually means that the error is in the metric code. Full exception below:
Traceback (most recent call last):
  File "C:\Users\ywcho\AppData\Local\Programs\Python\Python311\Lib\site-packages\pycaret\internal\metrics.py", line 196, in _score
    return super()._score(
           ^^^^^^^^^^^^^^^
  File "C:\Users\ywcho\AppData\Local\Programs\Python\Python311\Lib\site-packages\sklearn\metrics\_scorer.py", line 350, in _score
    return self._sign * self._score_func(y_true, y_pred, **scoring_kwargs)
                        ^^^^^^^^^^^^^^^^^^^^^^^^^^^^^^^^^^^^^^^^^^^^^^^^^^
  File "C:\Users\ywcho\AppData\Local\Programs\Python\Python311\Lib\site-packages\pycaret\internal\metrics.py", line 144, in __call__
    return self.score_func(y_true, y_pred, **kwargs)
           ^^^^^^^^^^^^^^^^^^^^^^^^^^^^^^^^^^^^^^^^^
  File "C:\Users\ywcho\AppData\Local\Programs\Python\Python311\Lib\site-packages\sklearn\utils\_param_validation.py", line 213, in wrapper
    return func(*args, **kwargs)
           ^^^^^^^^^^^^^^^^^^^^^
  File "C:\Users\ywcho\AppData\Local\Programs\Python\Python311\Lib\site-packages\sklearn\metrics\_ranking.py", line 634, in roc_auc_score
    return _multiclass_roc_auc_score(
           ^^^^^^^^^^^^^^^^^^^^^^^^^^
  File "C:\Users\ywcho\AppData\Local\Programs\Python\Python311\Lib\site-packages\sklearn\metrics\_ranking.py", line 707, in _multiclass_roc_auc_score
    raise ValueError(
ValueError: Target scores need to be probabilities for multiclass roc_auc, i.e. they should sum up to 1.0 over classes

  warnings.warn(

2025-12-04 15:46:50,905:WARNING:C:\Users\ywcho\AppData\Local\Programs\Python\Python311\Lib\site-packages\sklearn\metrics\_classification.py:1561: UserWarning: Note that pos_label (set to 'turkish') is ignored when average != 'binary' (got 'weighted'). You may use labels=[pos_label] to specify a single positive class.
  warnings.warn(

2025-12-04 15:46:50,919:WARNING:C:\Users\ywcho\AppData\Local\Programs\Python\Python311\Lib\site-packages\pycaret\internal\metrics.py:204: FitFailedWarning: Metric 'make_scorer(roc_auc_score, response_method=('decision_function', 'predict_proba'), average=weighted, multi_class=ovr)' failed and error score 0.0 has been returned instead. If this is a custom metric, this usually means that the error is in the metric code. Full exception below:
Traceback (most recent call last):
  File "C:\Users\ywcho\AppData\Local\Programs\Python\Python311\Lib\site-packages\pycaret\internal\metrics.py", line 196, in _score
    return super()._score(
           ^^^^^^^^^^^^^^^
  File "C:\Users\ywcho\AppData\Local\Programs\Python\Python311\Lib\site-packages\sklearn\metrics\_scorer.py", line 350, in _score
    return self._sign * self._score_func(y_true, y_pred, **scoring_kwargs)
                        ^^^^^^^^^^^^^^^^^^^^^^^^^^^^^^^^^^^^^^^^^^^^^^^^^^
  File "C:\Users\ywcho\AppData\Local\Programs\Python\Python311\Lib\site-packages\pycaret\internal\metrics.py", line 144, in __call__
    return self.score_func(y_true, y_pred, **kwargs)
           ^^^^^^^^^^^^^^^^^^^^^^^^^^^^^^^^^^^^^^^^^
  File "C:\Users\ywcho\AppData\Local\Programs\Python\Python311\Lib\site-packages\sklearn\utils\_param_validation.py", line 213, in wrapper
    return func(*args, **kwargs)
           ^^^^^^^^^^^^^^^^^^^^^
  File "C:\Users\ywcho\AppData\Local\Programs\Python\Python311\Lib\site-packages\sklearn\metrics\_ranking.py", line 634, in roc_auc_score
    return _multiclass_roc_auc_score(
           ^^^^^^^^^^^^^^^^^^^^^^^^^^
  File "C:\Users\ywcho\AppData\Local\Programs\Python\Python311\Lib\site-packages\sklearn\metrics\_ranking.py", line 707, in _multiclass_roc_auc_score
    raise ValueError(
ValueError: Target scores need to be probabilities for multiclass roc_auc, i.e. they should sum up to 1.0 over classes

  warnings.warn(

2025-12-04 15:46:50,921:WARNING:C:\Users\ywcho\AppData\Local\Programs\Python\Python311\Lib\site-packages\sklearn\metrics\_classification.py:1561: UserWarning: Note that pos_label (set to 'turkish') is ignored when average != 'binary' (got 'weighted'). You may use labels=[pos_label] to specify a single positive class.
  warnings.warn(

2025-12-04 15:46:50,931:WARNING:C:\Users\ywcho\AppData\Local\Programs\Python\Python311\Lib\site-packages\sklearn\metrics\_classification.py:1561: UserWarning: Note that pos_label (set to 'turkish') is ignored when average != 'binary' (got 'weighted'). You may use labels=[pos_label] to specify a single positive class.
  warnings.warn(

2025-12-04 15:46:50,944:WARNING:C:\Users\ywcho\AppData\Local\Programs\Python\Python311\Lib\site-packages\sklearn\metrics\_classification.py:1561: UserWarning: Note that pos_label (set to 'turkish') is ignored when average != 'binary' (got 'weighted'). You may use labels=[pos_label] to specify a single positive class.
  warnings.warn(

2025-12-04 15:46:50,951:WARNING:C:\Users\ywcho\AppData\Local\Programs\Python\Python311\Lib\site-packages\pycaret\internal\metrics.py:204: FitFailedWarning: Metric 'make_scorer(roc_auc_score, response_method=('decision_function', 'predict_proba'), average=weighted, multi_class=ovr)' failed and error score 0.0 has been returned instead. If this is a custom metric, this usually means that the error is in the metric code. Full exception below:
Traceback (most recent call last):
  File "C:\Users\ywcho\AppData\Local\Programs\Python\Python311\Lib\site-packages\pycaret\internal\metrics.py", line 196, in _score
    return super()._score(
           ^^^^^^^^^^^^^^^
  File "C:\Users\ywcho\AppData\Local\Programs\Python\Python311\Lib\site-packages\sklearn\metrics\_scorer.py", line 350, in _score
    return self._sign * self._score_func(y_true, y_pred, **scoring_kwargs)
                        ^^^^^^^^^^^^^^^^^^^^^^^^^^^^^^^^^^^^^^^^^^^^^^^^^^
  File "C:\Users\ywcho\AppData\Local\Programs\Python\Python311\Lib\site-packages\pycaret\internal\metrics.py", line 144, in __call__
    return self.score_func(y_true, y_pred, **kwargs)
           ^^^^^^^^^^^^^^^^^^^^^^^^^^^^^^^^^^^^^^^^^
  File "C:\Users\ywcho\AppData\Local\Programs\Python\Python311\Lib\site-packages\sklearn\utils\_param_validation.py", line 213, in wrapper
    return func(*args, **kwargs)
           ^^^^^^^^^^^^^^^^^^^^^
  File "C:\Users\ywcho\AppData\Local\Programs\Python\Python311\Lib\site-packages\sklearn\metrics\_ranking.py", line 634, in roc_auc_score
    return _multiclass_roc_auc_score(
           ^^^^^^^^^^^^^^^^^^^^^^^^^^
  File "C:\Users\ywcho\AppData\Local\Programs\Python\Python311\Lib\site-packages\sklearn\metrics\_ranking.py", line 707, in _multiclass_roc_auc_score
    raise ValueError(
ValueError: Target scores need to be probabilities for multiclass roc_auc, i.e. they should sum up to 1.0 over classes

  warnings.warn(

2025-12-04 15:46:50,954:WARNING:C:\Users\ywcho\AppData\Local\Programs\Python\Python311\Lib\site-packages\sklearn\metrics\_classification.py:1561: UserWarning: Note that pos_label (set to 'turkish') is ignored when average != 'binary' (got 'weighted'). You may use labels=[pos_label] to specify a single positive class.
  warnings.warn(

2025-12-04 15:46:50,955:WARNING:C:\Users\ywcho\AppData\Local\Programs\Python\Python311\Lib\site-packages\sklearn\metrics\_classification.py:1561: UserWarning: Note that pos_label (set to 'turkish') is ignored when average != 'binary' (got 'weighted'). You may use labels=[pos_label] to specify a single positive class.
  warnings.warn(

2025-12-04 15:46:50,963:WARNING:C:\Users\ywcho\AppData\Local\Programs\Python\Python311\Lib\site-packages\pycaret\internal\metrics.py:204: FitFailedWarning: Metric 'make_scorer(roc_auc_score, response_method=('decision_function', 'predict_proba'), average=weighted, multi_class=ovr)' failed and error score 0.0 has been returned instead. If this is a custom metric, this usually means that the error is in the metric code. Full exception below:
Traceback (most recent call last):
  File "C:\Users\ywcho\AppData\Local\Programs\Python\Python311\Lib\site-packages\pycaret\internal\metrics.py", line 196, in _score
    return super()._score(
           ^^^^^^^^^^^^^^^
  File "C:\Users\ywcho\AppData\Local\Programs\Python\Python311\Lib\site-packages\sklearn\metrics\_scorer.py", line 350, in _score
    return self._sign * self._score_func(y_true, y_pred, **scoring_kwargs)
                        ^^^^^^^^^^^^^^^^^^^^^^^^^^^^^^^^^^^^^^^^^^^^^^^^^^
  File "C:\Users\ywcho\AppData\Local\Programs\Python\Python311\Lib\site-packages\pycaret\internal\metrics.py", line 144, in __call__
    return self.score_func(y_true, y_pred, **kwargs)
           ^^^^^^^^^^^^^^^^^^^^^^^^^^^^^^^^^^^^^^^^^
  File "C:\Users\ywcho\AppData\Local\Programs\Python\Python311\Lib\site-packages\sklearn\utils\_param_validation.py", line 213, in wrapper
    return func(*args, **kwargs)
           ^^^^^^^^^^^^^^^^^^^^^
  File "C:\Users\ywcho\AppData\Local\Programs\Python\Python311\Lib\site-packages\sklearn\metrics\_ranking.py", line 634, in roc_auc_score
    return _multiclass_roc_auc_score(
           ^^^^^^^^^^^^^^^^^^^^^^^^^^
  File "C:\Users\ywcho\AppData\Local\Programs\Python\Python311\Lib\site-packages\sklearn\metrics\_ranking.py", line 707, in _multiclass_roc_auc_score
    raise ValueError(
ValueError: Target scores need to be probabilities for multiclass roc_auc, i.e. they should sum up to 1.0 over classes

  warnings.warn(

2025-12-04 15:46:50,973:WARNING:C:\Users\ywcho\AppData\Local\Programs\Python\Python311\Lib\site-packages\sklearn\metrics\_classification.py:1561: UserWarning: Note that pos_label (set to 'turkish') is ignored when average != 'binary' (got 'weighted'). You may use labels=[pos_label] to specify a single positive class.
  warnings.warn(

2025-12-04 15:46:50,975:WARNING:C:\Users\ywcho\AppData\Local\Programs\Python\Python311\Lib\site-packages\sklearn\metrics\_classification.py:1561: UserWarning: Note that pos_label (set to 'turkish') is ignored when average != 'binary' (got 'weighted'). You may use labels=[pos_label] to specify a single positive class.
  warnings.warn(

2025-12-04 15:46:50,977:WARNING:C:\Users\ywcho\AppData\Local\Programs\Python\Python311\Lib\site-packages\pycaret\internal\metrics.py:204: FitFailedWarning: Metric 'make_scorer(roc_auc_score, response_method=('decision_function', 'predict_proba'), average=weighted, multi_class=ovr)' failed and error score 0.0 has been returned instead. If this is a custom metric, this usually means that the error is in the metric code. Full exception below:
Traceback (most recent call last):
  File "C:\Users\ywcho\AppData\Local\Programs\Python\Python311\Lib\site-packages\pycaret\internal\metrics.py", line 196, in _score
    return super()._score(
           ^^^^^^^^^^^^^^^
  File "C:\Users\ywcho\AppData\Local\Programs\Python\Python311\Lib\site-packages\sklearn\metrics\_scorer.py", line 350, in _score
    return self._sign * self._score_func(y_true, y_pred, **scoring_kwargs)
                        ^^^^^^^^^^^^^^^^^^^^^^^^^^^^^^^^^^^^^^^^^^^^^^^^^^
  File "C:\Users\ywcho\AppData\Local\Programs\Python\Python311\Lib\site-packages\pycaret\internal\metrics.py", line 144, in __call__
    return self.score_func(y_true, y_pred, **kwargs)
           ^^^^^^^^^^^^^^^^^^^^^^^^^^^^^^^^^^^^^^^^^
  File "C:\Users\ywcho\AppData\Local\Programs\Python\Python311\Lib\site-packages\sklearn\utils\_param_validation.py", line 213, in wrapper
    return func(*args, **kwargs)
           ^^^^^^^^^^^^^^^^^^^^^
  File "C:\Users\ywcho\AppData\Local\Programs\Python\Python311\Lib\site-packages\sklearn\metrics\_ranking.py", line 634, in roc_auc_score
    return _multiclass_roc_auc_score(
           ^^^^^^^^^^^^^^^^^^^^^^^^^^
  File "C:\Users\ywcho\AppData\Local\Programs\Python\Python311\Lib\site-packages\sklearn\metrics\_ranking.py", line 707, in _multiclass_roc_auc_score
    raise ValueError(
ValueError: Target scores need to be probabilities for multiclass roc_auc, i.e. they should sum up to 1.0 over classes

  warnings.warn(

2025-12-04 15:46:50,977:WARNING:C:\Users\ywcho\AppData\Local\Programs\Python\Python311\Lib\site-packages\pycaret\internal\metrics.py:204: FitFailedWarning: Metric 'make_scorer(roc_auc_score, response_method=('decision_function', 'predict_proba'), average=weighted, multi_class=ovr)' failed and error score 0.0 has been returned instead. If this is a custom metric, this usually means that the error is in the metric code. Full exception below:
Traceback (most recent call last):
  File "C:\Users\ywcho\AppData\Local\Programs\Python\Python311\Lib\site-packages\pycaret\internal\metrics.py", line 196, in _score
    return super()._score(
           ^^^^^^^^^^^^^^^
  File "C:\Users\ywcho\AppData\Local\Programs\Python\Python311\Lib\site-packages\sklearn\metrics\_scorer.py", line 350, in _score
    return self._sign * self._score_func(y_true, y_pred, **scoring_kwargs)
                        ^^^^^^^^^^^^^^^^^^^^^^^^^^^^^^^^^^^^^^^^^^^^^^^^^^
  File "C:\Users\ywcho\AppData\Local\Programs\Python\Python311\Lib\site-packages\pycaret\internal\metrics.py", line 144, in __call__
    return self.score_func(y_true, y_pred, **kwargs)
           ^^^^^^^^^^^^^^^^^^^^^^^^^^^^^^^^^^^^^^^^^
  File "C:\Users\ywcho\AppData\Local\Programs\Python\Python311\Lib\site-packages\sklearn\utils\_param_validation.py", line 213, in wrapper
    return func(*args, **kwargs)
           ^^^^^^^^^^^^^^^^^^^^^
  File "C:\Users\ywcho\AppData\Local\Programs\Python\Python311\Lib\site-packages\sklearn\metrics\_ranking.py", line 634, in roc_auc_score
    return _multiclass_roc_auc_score(
           ^^^^^^^^^^^^^^^^^^^^^^^^^^
  File "C:\Users\ywcho\AppData\Local\Programs\Python\Python311\Lib\site-packages\sklearn\metrics\_ranking.py", line 707, in _multiclass_roc_auc_score
    raise ValueError(
ValueError: Target scores need to be probabilities for multiclass roc_auc, i.e. they should sum up to 1.0 over classes

  warnings.warn(

2025-12-04 15:46:50,981:WARNING:C:\Users\ywcho\AppData\Local\Programs\Python\Python311\Lib\site-packages\sklearn\metrics\_classification.py:1561: UserWarning: Note that pos_label (set to 'turkish') is ignored when average != 'binary' (got 'weighted'). You may use labels=[pos_label] to specify a single positive class.
  warnings.warn(

2025-12-04 15:46:50,985:WARNING:C:\Users\ywcho\AppData\Local\Programs\Python\Python311\Lib\site-packages\pycaret\internal\metrics.py:204: FitFailedWarning: Metric 'make_scorer(roc_auc_score, response_method=('decision_function', 'predict_proba'), average=weighted, multi_class=ovr)' failed and error score 0.0 has been returned instead. If this is a custom metric, this usually means that the error is in the metric code. Full exception below:
Traceback (most recent call last):
  File "C:\Users\ywcho\AppData\Local\Programs\Python\Python311\Lib\site-packages\pycaret\internal\metrics.py", line 196, in _score
    return super()._score(
           ^^^^^^^^^^^^^^^
  File "C:\Users\ywcho\AppData\Local\Programs\Python\Python311\Lib\site-packages\sklearn\metrics\_scorer.py", line 350, in _score
    return self._sign * self._score_func(y_true, y_pred, **scoring_kwargs)
                        ^^^^^^^^^^^^^^^^^^^^^^^^^^^^^^^^^^^^^^^^^^^^^^^^^^
  File "C:\Users\ywcho\AppData\Local\Programs\Python\Python311\Lib\site-packages\pycaret\internal\metrics.py", line 144, in __call__
    return self.score_func(y_true, y_pred, **kwargs)
           ^^^^^^^^^^^^^^^^^^^^^^^^^^^^^^^^^^^^^^^^^
  File "C:\Users\ywcho\AppData\Local\Programs\Python\Python311\Lib\site-packages\sklearn\utils\_param_validation.py", line 213, in wrapper
    return func(*args, **kwargs)
           ^^^^^^^^^^^^^^^^^^^^^
  File "C:\Users\ywcho\AppData\Local\Programs\Python\Python311\Lib\site-packages\sklearn\metrics\_ranking.py", line 634, in roc_auc_score
    return _multiclass_roc_auc_score(
           ^^^^^^^^^^^^^^^^^^^^^^^^^^
  File "C:\Users\ywcho\AppData\Local\Programs\Python\Python311\Lib\site-packages\sklearn\metrics\_ranking.py", line 707, in _multiclass_roc_auc_score
    raise ValueError(
ValueError: Target scores need to be probabilities for multiclass roc_auc, i.e. they should sum up to 1.0 over classes

  warnings.warn(

2025-12-04 15:46:50,985:WARNING:C:\Users\ywcho\AppData\Local\Programs\Python\Python311\Lib\site-packages\sklearn\metrics\_classification.py:1561: UserWarning: Note that pos_label (set to 'turkish') is ignored when average != 'binary' (got 'weighted'). You may use labels=[pos_label] to specify a single positive class.
  warnings.warn(

2025-12-04 15:46:50,985:WARNING:C:\Users\ywcho\AppData\Local\Programs\Python\Python311\Lib\site-packages\sklearn\metrics\_classification.py:1561: UserWarning: Note that pos_label (set to 'turkish') is ignored when average != 'binary' (got 'weighted'). You may use labels=[pos_label] to specify a single positive class.
  warnings.warn(

2025-12-04 15:46:50,989:WARNING:C:\Users\ywcho\AppData\Local\Programs\Python\Python311\Lib\site-packages\sklearn\metrics\_classification.py:1561: UserWarning: Note that pos_label (set to 'turkish') is ignored when average != 'binary' (got 'weighted'). You may use labels=[pos_label] to specify a single positive class.
  warnings.warn(

2025-12-04 15:46:50,995:WARNING:C:\Users\ywcho\AppData\Local\Programs\Python\Python311\Lib\site-packages\sklearn\metrics\_classification.py:1561: UserWarning: Note that pos_label (set to 'turkish') is ignored when average != 'binary' (got 'weighted'). You may use labels=[pos_label] to specify a single positive class.
  warnings.warn(

2025-12-04 15:46:50,995:WARNING:C:\Users\ywcho\AppData\Local\Programs\Python\Python311\Lib\site-packages\sklearn\metrics\_classification.py:1561: UserWarning: Note that pos_label (set to 'turkish') is ignored when average != 'binary' (got 'weighted'). You may use labels=[pos_label] to specify a single positive class.
  warnings.warn(

2025-12-04 15:46:50,997:WARNING:C:\Users\ywcho\AppData\Local\Programs\Python\Python311\Lib\site-packages\sklearn\metrics\_classification.py:1561: UserWarning: Note that pos_label (set to 'turkish') is ignored when average != 'binary' (got 'weighted'). You may use labels=[pos_label] to specify a single positive class.
  warnings.warn(

2025-12-04 15:46:51,006:WARNING:C:\Users\ywcho\AppData\Local\Programs\Python\Python311\Lib\site-packages\sklearn\metrics\_classification.py:1561: UserWarning: Note that pos_label (set to 'turkish') is ignored when average != 'binary' (got 'weighted'). You may use labels=[pos_label] to specify a single positive class.
  warnings.warn(

2025-12-04 15:46:51,011:WARNING:C:\Users\ywcho\AppData\Local\Programs\Python\Python311\Lib\site-packages\sklearn\metrics\_classification.py:1561: UserWarning: Note that pos_label (set to 'turkish') is ignored when average != 'binary' (got 'weighted'). You may use labels=[pos_label] to specify a single positive class.
  warnings.warn(

2025-12-04 15:46:51,011:WARNING:C:\Users\ywcho\AppData\Local\Programs\Python\Python311\Lib\site-packages\sklearn\metrics\_classification.py:1561: UserWarning: Note that pos_label (set to 'turkish') is ignored when average != 'binary' (got 'weighted'). You may use labels=[pos_label] to specify a single positive class.
  warnings.warn(

2025-12-04 15:46:51,016:WARNING:C:\Users\ywcho\AppData\Local\Programs\Python\Python311\Lib\site-packages\pycaret\internal\metrics.py:204: FitFailedWarning: Metric 'make_scorer(roc_auc_score, response_method=('decision_function', 'predict_proba'), average=weighted, multi_class=ovr)' failed and error score 0.0 has been returned instead. If this is a custom metric, this usually means that the error is in the metric code. Full exception below:
Traceback (most recent call last):
  File "C:\Users\ywcho\AppData\Local\Programs\Python\Python311\Lib\site-packages\pycaret\internal\metrics.py", line 196, in _score
    return super()._score(
           ^^^^^^^^^^^^^^^
  File "C:\Users\ywcho\AppData\Local\Programs\Python\Python311\Lib\site-packages\sklearn\metrics\_scorer.py", line 350, in _score
    return self._sign * self._score_func(y_true, y_pred, **scoring_kwargs)
                        ^^^^^^^^^^^^^^^^^^^^^^^^^^^^^^^^^^^^^^^^^^^^^^^^^^
  File "C:\Users\ywcho\AppData\Local\Programs\Python\Python311\Lib\site-packages\pycaret\internal\metrics.py", line 144, in __call__
    return self.score_func(y_true, y_pred, **kwargs)
           ^^^^^^^^^^^^^^^^^^^^^^^^^^^^^^^^^^^^^^^^^
  File "C:\Users\ywcho\AppData\Local\Programs\Python\Python311\Lib\site-packages\sklearn\utils\_param_validation.py", line 213, in wrapper
    return func(*args, **kwargs)
           ^^^^^^^^^^^^^^^^^^^^^
  File "C:\Users\ywcho\AppData\Local\Programs\Python\Python311\Lib\site-packages\sklearn\metrics\_ranking.py", line 634, in roc_auc_score
    return _multiclass_roc_auc_score(
           ^^^^^^^^^^^^^^^^^^^^^^^^^^
  File "C:\Users\ywcho\AppData\Local\Programs\Python\Python311\Lib\site-packages\sklearn\metrics\_ranking.py", line 707, in _multiclass_roc_auc_score
    raise ValueError(
ValueError: Target scores need to be probabilities for multiclass roc_auc, i.e. they should sum up to 1.0 over classes

  warnings.warn(

2025-12-04 15:46:51,016:WARNING:C:\Users\ywcho\AppData\Local\Programs\Python\Python311\Lib\site-packages\sklearn\metrics\_classification.py:1561: UserWarning: Note that pos_label (set to 'turkish') is ignored when average != 'binary' (got 'weighted'). You may use labels=[pos_label] to specify a single positive class.
  warnings.warn(

2025-12-04 15:46:51,016:WARNING:C:\Users\ywcho\AppData\Local\Programs\Python\Python311\Lib\site-packages\sklearn\metrics\_classification.py:1561: UserWarning: Note that pos_label (set to 'turkish') is ignored when average != 'binary' (got 'weighted'). You may use labels=[pos_label] to specify a single positive class.
  warnings.warn(

2025-12-04 15:46:51,027:WARNING:C:\Users\ywcho\AppData\Local\Programs\Python\Python311\Lib\site-packages\sklearn\metrics\_classification.py:1561: UserWarning: Note that pos_label (set to 'turkish') is ignored when average != 'binary' (got 'weighted'). You may use labels=[pos_label] to specify a single positive class.
  warnings.warn(

2025-12-04 15:46:51,032:WARNING:C:\Users\ywcho\AppData\Local\Programs\Python\Python311\Lib\site-packages\pycaret\internal\metrics.py:204: FitFailedWarning: Metric 'make_scorer(roc_auc_score, response_method=('decision_function', 'predict_proba'), average=weighted, multi_class=ovr)' failed and error score 0.0 has been returned instead. If this is a custom metric, this usually means that the error is in the metric code. Full exception below:
Traceback (most recent call last):
  File "C:\Users\ywcho\AppData\Local\Programs\Python\Python311\Lib\site-packages\pycaret\internal\metrics.py", line 196, in _score
    return super()._score(
           ^^^^^^^^^^^^^^^
  File "C:\Users\ywcho\AppData\Local\Programs\Python\Python311\Lib\site-packages\sklearn\metrics\_scorer.py", line 350, in _score
    return self._sign * self._score_func(y_true, y_pred, **scoring_kwargs)
                        ^^^^^^^^^^^^^^^^^^^^^^^^^^^^^^^^^^^^^^^^^^^^^^^^^^
  File "C:\Users\ywcho\AppData\Local\Programs\Python\Python311\Lib\site-packages\pycaret\internal\metrics.py", line 144, in __call__
    return self.score_func(y_true, y_pred, **kwargs)
           ^^^^^^^^^^^^^^^^^^^^^^^^^^^^^^^^^^^^^^^^^
  File "C:\Users\ywcho\AppData\Local\Programs\Python\Python311\Lib\site-packages\sklearn\utils\_param_validation.py", line 213, in wrapper
    return func(*args, **kwargs)
           ^^^^^^^^^^^^^^^^^^^^^
  File "C:\Users\ywcho\AppData\Local\Programs\Python\Python311\Lib\site-packages\sklearn\metrics\_ranking.py", line 634, in roc_auc_score
    return _multiclass_roc_auc_score(
           ^^^^^^^^^^^^^^^^^^^^^^^^^^
  File "C:\Users\ywcho\AppData\Local\Programs\Python\Python311\Lib\site-packages\sklearn\metrics\_ranking.py", line 707, in _multiclass_roc_auc_score
    raise ValueError(
ValueError: Target scores need to be probabilities for multiclass roc_auc, i.e. they should sum up to 1.0 over classes

  warnings.warn(

2025-12-04 15:46:51,034:WARNING:C:\Users\ywcho\AppData\Local\Programs\Python\Python311\Lib\site-packages\sklearn\metrics\_classification.py:1561: UserWarning: Note that pos_label (set to 'turkish') is ignored when average != 'binary' (got 'weighted'). You may use labels=[pos_label] to specify a single positive class.
  warnings.warn(

2025-12-04 15:46:51,042:WARNING:C:\Users\ywcho\AppData\Local\Programs\Python\Python311\Lib\site-packages\sklearn\metrics\_classification.py:1561: UserWarning: Note that pos_label (set to 'turkish') is ignored when average != 'binary' (got 'weighted'). You may use labels=[pos_label] to specify a single positive class.
  warnings.warn(

2025-12-04 15:46:51,046:WARNING:C:\Users\ywcho\AppData\Local\Programs\Python\Python311\Lib\site-packages\sklearn\metrics\_classification.py:1561: UserWarning: Note that pos_label (set to 'turkish') is ignored when average != 'binary' (got 'weighted'). You may use labels=[pos_label] to specify a single positive class.
  warnings.warn(

2025-12-04 15:46:51,060:WARNING:C:\Users\ywcho\AppData\Local\Programs\Python\Python311\Lib\site-packages\sklearn\metrics\_classification.py:1561: UserWarning: Note that pos_label (set to 'turkish') is ignored when average != 'binary' (got 'weighted'). You may use labels=[pos_label] to specify a single positive class.
  warnings.warn(

2025-12-04 15:46:51,062:WARNING:C:\Users\ywcho\AppData\Local\Programs\Python\Python311\Lib\site-packages\sklearn\metrics\_classification.py:1561: UserWarning: Note that pos_label (set to 'turkish') is ignored when average != 'binary' (got 'weighted'). You may use labels=[pos_label] to specify a single positive class.
  warnings.warn(

2025-12-04 15:46:51,073:WARNING:C:\Users\ywcho\AppData\Local\Programs\Python\Python311\Lib\site-packages\pycaret\internal\metrics.py:204: FitFailedWarning: Metric 'make_scorer(roc_auc_score, response_method=('decision_function', 'predict_proba'), average=weighted, multi_class=ovr)' failed and error score 0.0 has been returned instead. If this is a custom metric, this usually means that the error is in the metric code. Full exception below:
Traceback (most recent call last):
  File "C:\Users\ywcho\AppData\Local\Programs\Python\Python311\Lib\site-packages\pycaret\internal\metrics.py", line 196, in _score
    return super()._score(
           ^^^^^^^^^^^^^^^
  File "C:\Users\ywcho\AppData\Local\Programs\Python\Python311\Lib\site-packages\sklearn\metrics\_scorer.py", line 350, in _score
    return self._sign * self._score_func(y_true, y_pred, **scoring_kwargs)
                        ^^^^^^^^^^^^^^^^^^^^^^^^^^^^^^^^^^^^^^^^^^^^^^^^^^
  File "C:\Users\ywcho\AppData\Local\Programs\Python\Python311\Lib\site-packages\pycaret\internal\metrics.py", line 144, in __call__
    return self.score_func(y_true, y_pred, **kwargs)
           ^^^^^^^^^^^^^^^^^^^^^^^^^^^^^^^^^^^^^^^^^
  File "C:\Users\ywcho\AppData\Local\Programs\Python\Python311\Lib\site-packages\sklearn\utils\_param_validation.py", line 213, in wrapper
    return func(*args, **kwargs)
           ^^^^^^^^^^^^^^^^^^^^^
  File "C:\Users\ywcho\AppData\Local\Programs\Python\Python311\Lib\site-packages\sklearn\metrics\_ranking.py", line 634, in roc_auc_score
    return _multiclass_roc_auc_score(
           ^^^^^^^^^^^^^^^^^^^^^^^^^^
  File "C:\Users\ywcho\AppData\Local\Programs\Python\Python311\Lib\site-packages\sklearn\metrics\_ranking.py", line 707, in _multiclass_roc_auc_score
    raise ValueError(
ValueError: Target scores need to be probabilities for multiclass roc_auc, i.e. they should sum up to 1.0 over classes

  warnings.warn(

2025-12-04 15:46:51,075:WARNING:C:\Users\ywcho\AppData\Local\Programs\Python\Python311\Lib\site-packages\sklearn\metrics\_classification.py:1561: UserWarning: Note that pos_label (set to 'turkish') is ignored when average != 'binary' (got 'weighted'). You may use labels=[pos_label] to specify a single positive class.
  warnings.warn(

2025-12-04 15:46:51,081:WARNING:C:\Users\ywcho\AppData\Local\Programs\Python\Python311\Lib\site-packages\sklearn\metrics\_classification.py:1561: UserWarning: Note that pos_label (set to 'turkish') is ignored when average != 'binary' (got 'weighted'). You may use labels=[pos_label] to specify a single positive class.
  warnings.warn(

2025-12-04 15:46:51,089:WARNING:C:\Users\ywcho\AppData\Local\Programs\Python\Python311\Lib\site-packages\sklearn\metrics\_classification.py:1561: UserWarning: Note that pos_label (set to 'turkish') is ignored when average != 'binary' (got 'weighted'). You may use labels=[pos_label] to specify a single positive class.
  warnings.warn(

2025-12-04 15:46:51,099:WARNING:C:\Users\ywcho\AppData\Local\Programs\Python\Python311\Lib\site-packages\sklearn\metrics\_classification.py:1561: UserWarning: Note that pos_label (set to 'turkish') is ignored when average != 'binary' (got 'weighted'). You may use labels=[pos_label] to specify a single positive class.
  warnings.warn(

2025-12-04 15:46:51,130:INFO:Calculating mean and std
2025-12-04 15:46:51,131:INFO:Creating metrics dataframe
2025-12-04 15:46:51,133:INFO:Uploading results into container
2025-12-04 15:46:51,133:INFO:Uploading model into container now
2025-12-04 15:46:51,133:INFO:_master_model_container: 1
2025-12-04 15:46:51,133:INFO:_display_container: 2
2025-12-04 15:46:51,135:INFO:LogisticRegression(C=1.0, class_weight=None, dual=False, fit_intercept=True,
                   intercept_scaling=1, l1_ratio=None, max_iter=1000,
                   multi_class='auto', n_jobs=None, penalty='l2',
                   random_state=42, solver='lbfgs', tol=0.0001, verbose=0,
                   warm_start=False)
2025-12-04 15:46:51,135:INFO:create_model() successfully completed......................................
2025-12-04 15:46:51,249:INFO:SubProcess create_model() end ==================================
2025-12-04 15:46:51,249:INFO:Creating metrics dataframe
2025-12-04 15:46:51,249:INFO:Initializing K Neighbors Classifier
2025-12-04 15:46:51,249:INFO:Total runtime is 0.12372265656789144 minutes
2025-12-04 15:46:51,249:INFO:SubProcess create_model() called ==================================
2025-12-04 15:46:51,249:INFO:Initializing create_model()
2025-12-04 15:46:51,249:INFO:create_model(self=<pycaret.classification.oop.ClassificationExperiment object at 0x000001E83DF7F610>, estimator=knn, fold=StratifiedKFold(n_splits=10, random_state=None, shuffle=False), round=4, cross_validation=True, predict=True, fit_kwargs={}, groups=None, refit=False, probability_threshold=None, experiment_custom_tags=None, verbose=False, system=False, add_to_model_list=True, metrics=None, display=<pycaret.internal.display.display.CommonDisplay object at 0x000001E879341450>, model_only=True, return_train_score=False, error_score=0.0, kwargs={})
2025-12-04 15:46:51,249:INFO:Checking exceptions
2025-12-04 15:46:51,249:INFO:Importing libraries
2025-12-04 15:46:51,249:INFO:Copying training dataset
2025-12-04 15:46:51,264:INFO:Defining folds
2025-12-04 15:46:51,264:INFO:Declaring metric variables
2025-12-04 15:46:51,264:INFO:Importing untrained model
2025-12-04 15:46:51,264:INFO:K Neighbors Classifier Imported successfully
2025-12-04 15:46:51,264:INFO:Starting cross validation
2025-12-04 15:46:51,264:INFO:Cross validating with StratifiedKFold(n_splits=10, random_state=None, shuffle=False), n_jobs=-1
2025-12-04 15:46:51,568:WARNING:C:\Users\ywcho\AppData\Local\Programs\Python\Python311\Lib\site-packages\numpy\core\_methods.py:187: RuntimeWarning: overflow encountered in reduce
  ret = umr_sum(x, axis, dtype, out, keepdims=keepdims, where=where)

2025-12-04 15:46:51,585:WARNING:C:\Users\ywcho\AppData\Local\Programs\Python\Python311\Lib\site-packages\numpy\core\_methods.py:187: RuntimeWarning: overflow encountered in reduce
  ret = umr_sum(x, axis, dtype, out, keepdims=keepdims, where=where)

2025-12-04 15:46:51,587:WARNING:C:\Users\ywcho\AppData\Local\Programs\Python\Python311\Lib\site-packages\numpy\core\_methods.py:187: RuntimeWarning: overflow encountered in reduce
  ret = umr_sum(x, axis, dtype, out, keepdims=keepdims, where=where)

2025-12-04 15:46:51,589:WARNING:C:\Users\ywcho\AppData\Local\Programs\Python\Python311\Lib\site-packages\numpy\core\_methods.py:187: RuntimeWarning: overflow encountered in reduce
  ret = umr_sum(x, axis, dtype, out, keepdims=keepdims, where=where)

2025-12-04 15:46:51,593:WARNING:C:\Users\ywcho\AppData\Local\Programs\Python\Python311\Lib\site-packages\numpy\core\_methods.py:187: RuntimeWarning: overflow encountered in reduce
  ret = umr_sum(x, axis, dtype, out, keepdims=keepdims, where=where)

2025-12-04 15:46:51,597:WARNING:C:\Users\ywcho\AppData\Local\Programs\Python\Python311\Lib\site-packages\numpy\core\_methods.py:187: RuntimeWarning: overflow encountered in reduce
  ret = umr_sum(x, axis, dtype, out, keepdims=keepdims, where=where)

2025-12-04 15:46:51,599:WARNING:C:\Users\ywcho\AppData\Local\Programs\Python\Python311\Lib\site-packages\numpy\core\_methods.py:187: RuntimeWarning: overflow encountered in reduce
  ret = umr_sum(x, axis, dtype, out, keepdims=keepdims, where=where)

2025-12-04 15:46:51,615:WARNING:C:\Users\ywcho\AppData\Local\Programs\Python\Python311\Lib\site-packages\numpy\core\_methods.py:187: RuntimeWarning: overflow encountered in reduce
  ret = umr_sum(x, axis, dtype, out, keepdims=keepdims, where=where)

2025-12-04 15:46:52,156:WARNING:C:\Users\ywcho\AppData\Local\Programs\Python\Python311\Lib\site-packages\sklearn\metrics\_classification.py:1561: UserWarning: Note that pos_label (set to 'turkish') is ignored when average != 'binary' (got 'weighted'). You may use labels=[pos_label] to specify a single positive class.
  warnings.warn(

2025-12-04 15:46:52,180:WARNING:C:\Users\ywcho\AppData\Local\Programs\Python\Python311\Lib\site-packages\sklearn\metrics\_classification.py:1561: UserWarning: Note that pos_label (set to 'turkish') is ignored when average != 'binary' (got 'weighted'). You may use labels=[pos_label] to specify a single positive class.
  warnings.warn(

2025-12-04 15:46:52,201:WARNING:C:\Users\ywcho\AppData\Local\Programs\Python\Python311\Lib\site-packages\sklearn\metrics\_classification.py:1561: UserWarning: Note that pos_label (set to 'turkish') is ignored when average != 'binary' (got 'weighted'). You may use labels=[pos_label] to specify a single positive class.
  warnings.warn(

2025-12-04 15:46:52,227:WARNING:C:\Users\ywcho\AppData\Local\Programs\Python\Python311\Lib\site-packages\sklearn\metrics\_classification.py:1561: UserWarning: Note that pos_label (set to 'turkish') is ignored when average != 'binary' (got 'weighted'). You may use labels=[pos_label] to specify a single positive class.
  warnings.warn(

2025-12-04 15:46:52,245:WARNING:C:\Users\ywcho\AppData\Local\Programs\Python\Python311\Lib\site-packages\sklearn\metrics\_classification.py:1561: UserWarning: Note that pos_label (set to 'turkish') is ignored when average != 'binary' (got 'weighted'). You may use labels=[pos_label] to specify a single positive class.
  warnings.warn(

2025-12-04 15:46:52,253:WARNING:C:\Users\ywcho\AppData\Local\Programs\Python\Python311\Lib\site-packages\sklearn\metrics\_classification.py:1561: UserWarning: Note that pos_label (set to 'turkish') is ignored when average != 'binary' (got 'weighted'). You may use labels=[pos_label] to specify a single positive class.
  warnings.warn(

2025-12-04 15:46:52,293:WARNING:C:\Users\ywcho\AppData\Local\Programs\Python\Python311\Lib\site-packages\sklearn\metrics\_classification.py:1561: UserWarning: Note that pos_label (set to 'turkish') is ignored when average != 'binary' (got 'weighted'). You may use labels=[pos_label] to specify a single positive class.
  warnings.warn(

2025-12-04 15:46:52,297:WARNING:C:\Users\ywcho\AppData\Local\Programs\Python\Python311\Lib\site-packages\sklearn\metrics\_classification.py:1561: UserWarning: Note that pos_label (set to 'turkish') is ignored when average != 'binary' (got 'weighted'). You may use labels=[pos_label] to specify a single positive class.
  warnings.warn(

2025-12-04 15:46:52,299:WARNING:C:\Users\ywcho\AppData\Local\Programs\Python\Python311\Lib\site-packages\sklearn\metrics\_classification.py:1561: UserWarning: Note that pos_label (set to 'turkish') is ignored when average != 'binary' (got 'weighted'). You may use labels=[pos_label] to specify a single positive class.
  warnings.warn(

2025-12-04 15:46:52,301:WARNING:C:\Users\ywcho\AppData\Local\Programs\Python\Python311\Lib\site-packages\sklearn\metrics\_classification.py:1561: UserWarning: Note that pos_label (set to 'turkish') is ignored when average != 'binary' (got 'weighted'). You may use labels=[pos_label] to specify a single positive class.
  warnings.warn(

2025-12-04 15:46:52,313:WARNING:C:\Users\ywcho\AppData\Local\Programs\Python\Python311\Lib\site-packages\sklearn\metrics\_classification.py:1561: UserWarning: Note that pos_label (set to 'turkish') is ignored when average != 'binary' (got 'weighted'). You may use labels=[pos_label] to specify a single positive class.
  warnings.warn(

2025-12-04 15:46:52,319:WARNING:C:\Users\ywcho\AppData\Local\Programs\Python\Python311\Lib\site-packages\sklearn\metrics\_classification.py:1561: UserWarning: Note that pos_label (set to 'turkish') is ignored when average != 'binary' (got 'weighted'). You may use labels=[pos_label] to specify a single positive class.
  warnings.warn(

2025-12-04 15:46:52,323:WARNING:C:\Users\ywcho\AppData\Local\Programs\Python\Python311\Lib\site-packages\sklearn\metrics\_classification.py:1561: UserWarning: Note that pos_label (set to 'turkish') is ignored when average != 'binary' (got 'weighted'). You may use labels=[pos_label] to specify a single positive class.
  warnings.warn(

2025-12-04 15:46:52,329:WARNING:C:\Users\ywcho\AppData\Local\Programs\Python\Python311\Lib\site-packages\sklearn\metrics\_classification.py:1561: UserWarning: Note that pos_label (set to 'turkish') is ignored when average != 'binary' (got 'weighted'). You may use labels=[pos_label] to specify a single positive class.
  warnings.warn(

2025-12-04 15:46:52,354:WARNING:C:\Users\ywcho\AppData\Local\Programs\Python\Python311\Lib\site-packages\sklearn\metrics\_classification.py:1561: UserWarning: Note that pos_label (set to 'turkish') is ignored when average != 'binary' (got 'weighted'). You may use labels=[pos_label] to specify a single positive class.
  warnings.warn(

2025-12-04 15:46:52,359:WARNING:C:\Users\ywcho\AppData\Local\Programs\Python\Python311\Lib\site-packages\sklearn\metrics\_classification.py:1561: UserWarning: Note that pos_label (set to 'turkish') is ignored when average != 'binary' (got 'weighted'). You may use labels=[pos_label] to specify a single positive class.
  warnings.warn(

2025-12-04 15:46:52,359:WARNING:C:\Users\ywcho\AppData\Local\Programs\Python\Python311\Lib\site-packages\sklearn\metrics\_classification.py:1561: UserWarning: Note that pos_label (set to 'turkish') is ignored when average != 'binary' (got 'weighted'). You may use labels=[pos_label] to specify a single positive class.
  warnings.warn(

2025-12-04 15:46:52,375:WARNING:C:\Users\ywcho\AppData\Local\Programs\Python\Python311\Lib\site-packages\sklearn\metrics\_classification.py:1561: UserWarning: Note that pos_label (set to 'turkish') is ignored when average != 'binary' (got 'weighted'). You may use labels=[pos_label] to specify a single positive class.
  warnings.warn(

2025-12-04 15:46:52,378:WARNING:C:\Users\ywcho\AppData\Local\Programs\Python\Python311\Lib\site-packages\sklearn\metrics\_classification.py:1561: UserWarning: Note that pos_label (set to 'turkish') is ignored when average != 'binary' (got 'weighted'). You may use labels=[pos_label] to specify a single positive class.
  warnings.warn(

2025-12-04 15:46:52,391:WARNING:C:\Users\ywcho\AppData\Local\Programs\Python\Python311\Lib\site-packages\sklearn\metrics\_classification.py:1561: UserWarning: Note that pos_label (set to 'turkish') is ignored when average != 'binary' (got 'weighted'). You may use labels=[pos_label] to specify a single positive class.
  warnings.warn(

2025-12-04 15:46:52,391:WARNING:C:\Users\ywcho\AppData\Local\Programs\Python\Python311\Lib\site-packages\sklearn\metrics\_classification.py:1561: UserWarning: Note that pos_label (set to 'turkish') is ignored when average != 'binary' (got 'weighted'). You may use labels=[pos_label] to specify a single positive class.
  warnings.warn(

2025-12-04 15:46:52,401:WARNING:C:\Users\ywcho\AppData\Local\Programs\Python\Python311\Lib\site-packages\sklearn\metrics\_classification.py:1561: UserWarning: Note that pos_label (set to 'turkish') is ignored when average != 'binary' (got 'weighted'). You may use labels=[pos_label] to specify a single positive class.
  warnings.warn(

2025-12-04 15:46:52,413:WARNING:C:\Users\ywcho\AppData\Local\Programs\Python\Python311\Lib\site-packages\sklearn\metrics\_classification.py:1561: UserWarning: Note that pos_label (set to 'turkish') is ignored when average != 'binary' (got 'weighted'). You may use labels=[pos_label] to specify a single positive class.
  warnings.warn(

2025-12-04 15:46:52,422:WARNING:C:\Users\ywcho\AppData\Local\Programs\Python\Python311\Lib\site-packages\sklearn\metrics\_classification.py:1561: UserWarning: Note that pos_label (set to 'turkish') is ignored when average != 'binary' (got 'weighted'). You may use labels=[pos_label] to specify a single positive class.
  warnings.warn(

2025-12-04 15:46:53,933:WARNING:C:\Users\ywcho\AppData\Local\Programs\Python\Python311\Lib\site-packages\numpy\core\_methods.py:187: RuntimeWarning: overflow encountered in reduce
  ret = umr_sum(x, axis, dtype, out, keepdims=keepdims, where=where)

2025-12-04 15:46:53,933:WARNING:C:\Users\ywcho\AppData\Local\Programs\Python\Python311\Lib\site-packages\numpy\core\_methods.py:187: RuntimeWarning: overflow encountered in reduce
  ret = umr_sum(x, axis, dtype, out, keepdims=keepdims, where=where)

2025-12-04 15:46:54,322:WARNING:C:\Users\ywcho\AppData\Local\Programs\Python\Python311\Lib\site-packages\sklearn\metrics\_classification.py:1561: UserWarning: Note that pos_label (set to 'turkish') is ignored when average != 'binary' (got 'weighted'). You may use labels=[pos_label] to specify a single positive class.
  warnings.warn(

2025-12-04 15:46:54,332:WARNING:C:\Users\ywcho\AppData\Local\Programs\Python\Python311\Lib\site-packages\sklearn\metrics\_classification.py:1561: UserWarning: Note that pos_label (set to 'turkish') is ignored when average != 'binary' (got 'weighted'). You may use labels=[pos_label] to specify a single positive class.
  warnings.warn(

2025-12-04 15:46:54,337:WARNING:C:\Users\ywcho\AppData\Local\Programs\Python\Python311\Lib\site-packages\sklearn\metrics\_classification.py:1561: UserWarning: Note that pos_label (set to 'turkish') is ignored when average != 'binary' (got 'weighted'). You may use labels=[pos_label] to specify a single positive class.
  warnings.warn(

2025-12-04 15:46:54,353:WARNING:C:\Users\ywcho\AppData\Local\Programs\Python\Python311\Lib\site-packages\sklearn\metrics\_classification.py:1561: UserWarning: Note that pos_label (set to 'turkish') is ignored when average != 'binary' (got 'weighted'). You may use labels=[pos_label] to specify a single positive class.
  warnings.warn(

2025-12-04 15:46:54,363:WARNING:C:\Users\ywcho\AppData\Local\Programs\Python\Python311\Lib\site-packages\sklearn\metrics\_classification.py:1561: UserWarning: Note that pos_label (set to 'turkish') is ignored when average != 'binary' (got 'weighted'). You may use labels=[pos_label] to specify a single positive class.
  warnings.warn(

2025-12-04 15:46:54,373:WARNING:C:\Users\ywcho\AppData\Local\Programs\Python\Python311\Lib\site-packages\sklearn\metrics\_classification.py:1561: UserWarning: Note that pos_label (set to 'turkish') is ignored when average != 'binary' (got 'weighted'). You may use labels=[pos_label] to specify a single positive class.
  warnings.warn(

2025-12-04 15:46:54,393:INFO:Calculating mean and std
2025-12-04 15:46:54,393:INFO:Creating metrics dataframe
2025-12-04 15:46:54,393:INFO:Uploading results into container
2025-12-04 15:46:54,393:INFO:Uploading model into container now
2025-12-04 15:46:54,393:INFO:_master_model_container: 2
2025-12-04 15:46:54,393:INFO:_display_container: 2
2025-12-04 15:46:54,393:INFO:KNeighborsClassifier(algorithm='auto', leaf_size=30, metric='minkowski',
                     metric_params=None, n_jobs=-1, n_neighbors=5, p=2,
                     weights='uniform')
2025-12-04 15:46:54,393:INFO:create_model() successfully completed......................................
2025-12-04 15:46:54,487:INFO:SubProcess create_model() end ==================================
2025-12-04 15:46:54,487:INFO:Creating metrics dataframe
2025-12-04 15:46:54,487:INFO:Initializing Naive Bayes
2025-12-04 15:46:54,487:INFO:Total runtime is 0.1776923974355062 minutes
2025-12-04 15:46:54,487:INFO:SubProcess create_model() called ==================================
2025-12-04 15:46:54,487:INFO:Initializing create_model()
2025-12-04 15:46:54,487:INFO:create_model(self=<pycaret.classification.oop.ClassificationExperiment object at 0x000001E83DF7F610>, estimator=nb, fold=StratifiedKFold(n_splits=10, random_state=None, shuffle=False), round=4, cross_validation=True, predict=True, fit_kwargs={}, groups=None, refit=False, probability_threshold=None, experiment_custom_tags=None, verbose=False, system=False, add_to_model_list=True, metrics=None, display=<pycaret.internal.display.display.CommonDisplay object at 0x000001E879341450>, model_only=True, return_train_score=False, error_score=0.0, kwargs={})
2025-12-04 15:46:54,487:INFO:Checking exceptions
2025-12-04 15:46:54,487:INFO:Importing libraries
2025-12-04 15:46:54,487:INFO:Copying training dataset
2025-12-04 15:46:54,487:INFO:Defining folds
2025-12-04 15:46:54,487:INFO:Declaring metric variables
2025-12-04 15:46:54,487:INFO:Importing untrained model
2025-12-04 15:46:54,487:INFO:Naive Bayes Imported successfully
2025-12-04 15:46:54,487:INFO:Starting cross validation
2025-12-04 15:46:54,487:INFO:Cross validating with StratifiedKFold(n_splits=10, random_state=None, shuffle=False), n_jobs=-1
2025-12-04 15:46:54,750:WARNING:C:\Users\ywcho\AppData\Local\Programs\Python\Python311\Lib\site-packages\numpy\core\_methods.py:187: RuntimeWarning: overflow encountered in reduce
  ret = umr_sum(x, axis, dtype, out, keepdims=keepdims, where=where)

2025-12-04 15:46:54,774:WARNING:C:\Users\ywcho\AppData\Local\Programs\Python\Python311\Lib\site-packages\numpy\core\_methods.py:187: RuntimeWarning: overflow encountered in reduce
  ret = umr_sum(x, axis, dtype, out, keepdims=keepdims, where=where)

2025-12-04 15:46:54,778:WARNING:C:\Users\ywcho\AppData\Local\Programs\Python\Python311\Lib\site-packages\numpy\core\_methods.py:187: RuntimeWarning: overflow encountered in reduce
  ret = umr_sum(x, axis, dtype, out, keepdims=keepdims, where=where)

2025-12-04 15:46:54,789:WARNING:C:\Users\ywcho\AppData\Local\Programs\Python\Python311\Lib\site-packages\numpy\core\_methods.py:187: RuntimeWarning: overflow encountered in reduce
  ret = umr_sum(x, axis, dtype, out, keepdims=keepdims, where=where)

2025-12-04 15:46:54,805:WARNING:C:\Users\ywcho\AppData\Local\Programs\Python\Python311\Lib\site-packages\numpy\core\_methods.py:187: RuntimeWarning: overflow encountered in reduce
  ret = umr_sum(x, axis, dtype, out, keepdims=keepdims, where=where)

2025-12-04 15:46:54,813:WARNING:C:\Users\ywcho\AppData\Local\Programs\Python\Python311\Lib\site-packages\numpy\core\_methods.py:187: RuntimeWarning: overflow encountered in reduce
  ret = umr_sum(x, axis, dtype, out, keepdims=keepdims, where=where)

2025-12-04 15:46:54,813:WARNING:C:\Users\ywcho\AppData\Local\Programs\Python\Python311\Lib\site-packages\numpy\core\_methods.py:187: RuntimeWarning: overflow encountered in reduce
  ret = umr_sum(x, axis, dtype, out, keepdims=keepdims, where=where)

2025-12-04 15:46:54,832:WARNING:C:\Users\ywcho\AppData\Local\Programs\Python\Python311\Lib\site-packages\numpy\core\_methods.py:187: RuntimeWarning: overflow encountered in reduce
  ret = umr_sum(x, axis, dtype, out, keepdims=keepdims, where=where)

2025-12-04 15:46:54,832:WARNING:C:\Users\ywcho\AppData\Local\Programs\Python\Python311\Lib\site-packages\numpy\core\_methods.py:187: RuntimeWarning: overflow encountered in reduce
  ret = umr_sum(x, axis, dtype, out, keepdims=keepdims, where=where)

2025-12-04 15:46:54,840:WARNING:C:\Users\ywcho\AppData\Local\Programs\Python\Python311\Lib\site-packages\numpy\core\_methods.py:187: RuntimeWarning: overflow encountered in reduce
  ret = umr_sum(x, axis, dtype, out, keepdims=keepdims, where=where)

2025-12-04 15:46:54,892:WARNING:C:\Users\ywcho\AppData\Local\Programs\Python\Python311\Lib\site-packages\sklearn\metrics\_classification.py:1561: UserWarning: Note that pos_label (set to 'turkish') is ignored when average != 'binary' (got 'weighted'). You may use labels=[pos_label] to specify a single positive class.
  warnings.warn(

2025-12-04 15:46:54,902:WARNING:C:\Users\ywcho\AppData\Local\Programs\Python\Python311\Lib\site-packages\sklearn\metrics\_classification.py:1561: UserWarning: Note that pos_label (set to 'turkish') is ignored when average != 'binary' (got 'weighted'). You may use labels=[pos_label] to specify a single positive class.
  warnings.warn(

2025-12-04 15:46:54,902:WARNING:C:\Users\ywcho\AppData\Local\Programs\Python\Python311\Lib\site-packages\sklearn\metrics\_classification.py:1561: UserWarning: Note that pos_label (set to 'turkish') is ignored when average != 'binary' (got 'weighted'). You may use labels=[pos_label] to specify a single positive class.
  warnings.warn(

2025-12-04 15:46:54,912:WARNING:C:\Users\ywcho\AppData\Local\Programs\Python\Python311\Lib\site-packages\sklearn\metrics\_classification.py:1561: UserWarning: Note that pos_label (set to 'turkish') is ignored when average != 'binary' (got 'weighted'). You may use labels=[pos_label] to specify a single positive class.
  warnings.warn(

2025-12-04 15:46:54,912:WARNING:C:\Users\ywcho\AppData\Local\Programs\Python\Python311\Lib\site-packages\sklearn\metrics\_classification.py:1561: UserWarning: Note that pos_label (set to 'turkish') is ignored when average != 'binary' (got 'weighted'). You may use labels=[pos_label] to specify a single positive class.
  warnings.warn(

2025-12-04 15:46:54,916:WARNING:C:\Users\ywcho\AppData\Local\Programs\Python\Python311\Lib\site-packages\sklearn\metrics\_classification.py:1561: UserWarning: Note that pos_label (set to 'turkish') is ignored when average != 'binary' (got 'weighted'). You may use labels=[pos_label] to specify a single positive class.
  warnings.warn(

2025-12-04 15:46:54,918:WARNING:C:\Users\ywcho\AppData\Local\Programs\Python\Python311\Lib\site-packages\sklearn\metrics\_classification.py:1561: UserWarning: Note that pos_label (set to 'turkish') is ignored when average != 'binary' (got 'weighted'). You may use labels=[pos_label] to specify a single positive class.
  warnings.warn(

2025-12-04 15:46:54,927:WARNING:C:\Users\ywcho\AppData\Local\Programs\Python\Python311\Lib\site-packages\sklearn\metrics\_classification.py:1561: UserWarning: Note that pos_label (set to 'turkish') is ignored when average != 'binary' (got 'weighted'). You may use labels=[pos_label] to specify a single positive class.
  warnings.warn(

2025-12-04 15:46:54,929:WARNING:C:\Users\ywcho\AppData\Local\Programs\Python\Python311\Lib\site-packages\sklearn\metrics\_classification.py:1561: UserWarning: Note that pos_label (set to 'turkish') is ignored when average != 'binary' (got 'weighted'). You may use labels=[pos_label] to specify a single positive class.
  warnings.warn(

2025-12-04 15:46:54,931:WARNING:C:\Users\ywcho\AppData\Local\Programs\Python\Python311\Lib\site-packages\sklearn\metrics\_classification.py:1561: UserWarning: Note that pos_label (set to 'turkish') is ignored when average != 'binary' (got 'weighted'). You may use labels=[pos_label] to specify a single positive class.
  warnings.warn(

2025-12-04 15:46:54,933:WARNING:C:\Users\ywcho\AppData\Local\Programs\Python\Python311\Lib\site-packages\sklearn\metrics\_classification.py:1561: UserWarning: Note that pos_label (set to 'turkish') is ignored when average != 'binary' (got 'weighted'). You may use labels=[pos_label] to specify a single positive class.
  warnings.warn(

2025-12-04 15:46:54,939:WARNING:C:\Users\ywcho\AppData\Local\Programs\Python\Python311\Lib\site-packages\sklearn\metrics\_classification.py:1561: UserWarning: Note that pos_label (set to 'turkish') is ignored when average != 'binary' (got 'weighted'). You may use labels=[pos_label] to specify a single positive class.
  warnings.warn(

2025-12-04 15:46:54,941:WARNING:C:\Users\ywcho\AppData\Local\Programs\Python\Python311\Lib\site-packages\sklearn\metrics\_classification.py:1561: UserWarning: Note that pos_label (set to 'turkish') is ignored when average != 'binary' (got 'weighted'). You may use labels=[pos_label] to specify a single positive class.
  warnings.warn(

2025-12-04 15:46:54,941:WARNING:C:\Users\ywcho\AppData\Local\Programs\Python\Python311\Lib\site-packages\sklearn\metrics\_classification.py:1509: UndefinedMetricWarning: Precision is ill-defined and being set to 0.0 in labels with no predicted samples. Use `zero_division` parameter to control this behavior.
  _warn_prf(average, modifier, f"{metric.capitalize()} is", len(result))

2025-12-04 15:46:54,943:WARNING:C:\Users\ywcho\AppData\Local\Programs\Python\Python311\Lib\site-packages\sklearn\metrics\_classification.py:1561: UserWarning: Note that pos_label (set to 'turkish') is ignored when average != 'binary' (got 'weighted'). You may use labels=[pos_label] to specify a single positive class.
  warnings.warn(

2025-12-04 15:46:54,945:WARNING:C:\Users\ywcho\AppData\Local\Programs\Python\Python311\Lib\site-packages\sklearn\metrics\_classification.py:1561: UserWarning: Note that pos_label (set to 'turkish') is ignored when average != 'binary' (got 'weighted'). You may use labels=[pos_label] to specify a single positive class.
  warnings.warn(

2025-12-04 15:46:54,947:WARNING:C:\Users\ywcho\AppData\Local\Programs\Python\Python311\Lib\site-packages\sklearn\metrics\_classification.py:1561: UserWarning: Note that pos_label (set to 'turkish') is ignored when average != 'binary' (got 'weighted'). You may use labels=[pos_label] to specify a single positive class.
  warnings.warn(

2025-12-04 15:46:54,947:WARNING:C:\Users\ywcho\AppData\Local\Programs\Python\Python311\Lib\site-packages\sklearn\metrics\_classification.py:1561: UserWarning: Note that pos_label (set to 'turkish') is ignored when average != 'binary' (got 'weighted'). You may use labels=[pos_label] to specify a single positive class.
  warnings.warn(

2025-12-04 15:46:54,953:WARNING:C:\Users\ywcho\AppData\Local\Programs\Python\Python311\Lib\site-packages\sklearn\metrics\_classification.py:1561: UserWarning: Note that pos_label (set to 'turkish') is ignored when average != 'binary' (got 'weighted'). You may use labels=[pos_label] to specify a single positive class.
  warnings.warn(

2025-12-04 15:46:54,964:WARNING:C:\Users\ywcho\AppData\Local\Programs\Python\Python311\Lib\site-packages\sklearn\metrics\_classification.py:1561: UserWarning: Note that pos_label (set to 'turkish') is ignored when average != 'binary' (got 'weighted'). You may use labels=[pos_label] to specify a single positive class.
  warnings.warn(

2025-12-04 15:46:54,964:WARNING:C:\Users\ywcho\AppData\Local\Programs\Python\Python311\Lib\site-packages\sklearn\metrics\_classification.py:1561: UserWarning: Note that pos_label (set to 'turkish') is ignored when average != 'binary' (got 'weighted'). You may use labels=[pos_label] to specify a single positive class.
  warnings.warn(

2025-12-04 15:46:54,964:WARNING:C:\Users\ywcho\AppData\Local\Programs\Python\Python311\Lib\site-packages\sklearn\metrics\_classification.py:1561: UserWarning: Note that pos_label (set to 'turkish') is ignored when average != 'binary' (got 'weighted'). You may use labels=[pos_label] to specify a single positive class.
  warnings.warn(

2025-12-04 15:46:54,964:WARNING:C:\Users\ywcho\AppData\Local\Programs\Python\Python311\Lib\site-packages\sklearn\metrics\_classification.py:1561: UserWarning: Note that pos_label (set to 'turkish') is ignored when average != 'binary' (got 'weighted'). You may use labels=[pos_label] to specify a single positive class.
  warnings.warn(

2025-12-04 15:46:54,964:WARNING:C:\Users\ywcho\AppData\Local\Programs\Python\Python311\Lib\site-packages\sklearn\metrics\_classification.py:1509: UndefinedMetricWarning: Precision is ill-defined and being set to 0.0 in labels with no predicted samples. Use `zero_division` parameter to control this behavior.
  _warn_prf(average, modifier, f"{metric.capitalize()} is", len(result))

2025-12-04 15:46:54,964:WARNING:C:\Users\ywcho\AppData\Local\Programs\Python\Python311\Lib\site-packages\sklearn\metrics\_classification.py:1561: UserWarning: Note that pos_label (set to 'turkish') is ignored when average != 'binary' (got 'weighted'). You may use labels=[pos_label] to specify a single positive class.
  warnings.warn(

2025-12-04 15:46:54,974:WARNING:C:\Users\ywcho\AppData\Local\Programs\Python\Python311\Lib\site-packages\sklearn\metrics\_classification.py:1561: UserWarning: Note that pos_label (set to 'turkish') is ignored when average != 'binary' (got 'weighted'). You may use labels=[pos_label] to specify a single positive class.
  warnings.warn(

2025-12-04 15:46:54,979:WARNING:C:\Users\ywcho\AppData\Local\Programs\Python\Python311\Lib\site-packages\sklearn\metrics\_classification.py:1561: UserWarning: Note that pos_label (set to 'turkish') is ignored when average != 'binary' (got 'weighted'). You may use labels=[pos_label] to specify a single positive class.
  warnings.warn(

2025-12-04 15:46:54,979:WARNING:C:\Users\ywcho\AppData\Local\Programs\Python\Python311\Lib\site-packages\sklearn\metrics\_classification.py:1561: UserWarning: Note that pos_label (set to 'turkish') is ignored when average != 'binary' (got 'weighted'). You may use labels=[pos_label] to specify a single positive class.
  warnings.warn(

2025-12-04 15:46:54,979:WARNING:C:\Users\ywcho\AppData\Local\Programs\Python\Python311\Lib\site-packages\sklearn\metrics\_classification.py:1561: UserWarning: Note that pos_label (set to 'turkish') is ignored when average != 'binary' (got 'weighted'). You may use labels=[pos_label] to specify a single positive class.
  warnings.warn(

2025-12-04 15:46:54,984:WARNING:C:\Users\ywcho\AppData\Local\Programs\Python\Python311\Lib\site-packages\sklearn\metrics\_classification.py:1509: UndefinedMetricWarning: Precision is ill-defined and being set to 0.0 in labels with no predicted samples. Use `zero_division` parameter to control this behavior.
  _warn_prf(average, modifier, f"{metric.capitalize()} is", len(result))

2025-12-04 15:46:54,984:WARNING:C:\Users\ywcho\AppData\Local\Programs\Python\Python311\Lib\site-packages\sklearn\metrics\_classification.py:1561: UserWarning: Note that pos_label (set to 'turkish') is ignored when average != 'binary' (got 'weighted'). You may use labels=[pos_label] to specify a single positive class.
  warnings.warn(

2025-12-04 15:46:54,984:WARNING:C:\Users\ywcho\AppData\Local\Programs\Python\Python311\Lib\site-packages\sklearn\metrics\_classification.py:1561: UserWarning: Note that pos_label (set to 'turkish') is ignored when average != 'binary' (got 'weighted'). You may use labels=[pos_label] to specify a single positive class.
  warnings.warn(

2025-12-04 15:46:54,984:WARNING:C:\Users\ywcho\AppData\Local\Programs\Python\Python311\Lib\site-packages\sklearn\metrics\_classification.py:1561: UserWarning: Note that pos_label (set to 'turkish') is ignored when average != 'binary' (got 'weighted'). You may use labels=[pos_label] to specify a single positive class.
  warnings.warn(

2025-12-04 15:46:55,014:INFO:Calculating mean and std
2025-12-04 15:46:55,014:INFO:Creating metrics dataframe
2025-12-04 15:46:55,017:INFO:Uploading results into container
2025-12-04 15:46:55,017:INFO:Uploading model into container now
2025-12-04 15:46:55,017:INFO:_master_model_container: 3
2025-12-04 15:46:55,017:INFO:_display_container: 2
2025-12-04 15:46:55,017:INFO:GaussianNB(priors=None, var_smoothing=1e-09)
2025-12-04 15:46:55,017:INFO:create_model() successfully completed......................................
2025-12-04 15:46:55,105:INFO:SubProcess create_model() end ==================================
2025-12-04 15:46:55,105:INFO:Creating metrics dataframe
2025-12-04 15:46:55,105:INFO:Initializing Decision Tree Classifier
2025-12-04 15:46:55,105:INFO:Total runtime is 0.18799344301223755 minutes
2025-12-04 15:46:55,105:INFO:SubProcess create_model() called ==================================
2025-12-04 15:46:55,105:INFO:Initializing create_model()
2025-12-04 15:46:55,105:INFO:create_model(self=<pycaret.classification.oop.ClassificationExperiment object at 0x000001E83DF7F610>, estimator=dt, fold=StratifiedKFold(n_splits=10, random_state=None, shuffle=False), round=4, cross_validation=True, predict=True, fit_kwargs={}, groups=None, refit=False, probability_threshold=None, experiment_custom_tags=None, verbose=False, system=False, add_to_model_list=True, metrics=None, display=<pycaret.internal.display.display.CommonDisplay object at 0x000001E879341450>, model_only=True, return_train_score=False, error_score=0.0, kwargs={})
2025-12-04 15:46:55,105:INFO:Checking exceptions
2025-12-04 15:46:55,105:INFO:Importing libraries
2025-12-04 15:46:55,105:INFO:Copying training dataset
2025-12-04 15:46:55,105:INFO:Defining folds
2025-12-04 15:46:55,105:INFO:Declaring metric variables
2025-12-04 15:46:55,105:INFO:Importing untrained model
2025-12-04 15:46:55,105:INFO:Decision Tree Classifier Imported successfully
2025-12-04 15:46:55,105:INFO:Starting cross validation
2025-12-04 15:46:55,105:INFO:Cross validating with StratifiedKFold(n_splits=10, random_state=None, shuffle=False), n_jobs=-1
2025-12-04 15:46:55,384:WARNING:C:\Users\ywcho\AppData\Local\Programs\Python\Python311\Lib\site-packages\numpy\core\_methods.py:187: RuntimeWarning: overflow encountered in reduce
  ret = umr_sum(x, axis, dtype, out, keepdims=keepdims, where=where)

2025-12-04 15:46:55,388:WARNING:C:\Users\ywcho\AppData\Local\Programs\Python\Python311\Lib\site-packages\numpy\core\_methods.py:187: RuntimeWarning: overflow encountered in reduce
  ret = umr_sum(x, axis, dtype, out, keepdims=keepdims, where=where)

2025-12-04 15:46:55,396:WARNING:C:\Users\ywcho\AppData\Local\Programs\Python\Python311\Lib\site-packages\numpy\core\_methods.py:187: RuntimeWarning: overflow encountered in reduce
  ret = umr_sum(x, axis, dtype, out, keepdims=keepdims, where=where)

2025-12-04 15:46:55,398:WARNING:C:\Users\ywcho\AppData\Local\Programs\Python\Python311\Lib\site-packages\numpy\core\_methods.py:187: RuntimeWarning: overflow encountered in reduce
  ret = umr_sum(x, axis, dtype, out, keepdims=keepdims, where=where)

2025-12-04 15:46:55,412:WARNING:C:\Users\ywcho\AppData\Local\Programs\Python\Python311\Lib\site-packages\numpy\core\_methods.py:187: RuntimeWarning: overflow encountered in reduce
  ret = umr_sum(x, axis, dtype, out, keepdims=keepdims, where=where)

2025-12-04 15:46:55,414:WARNING:C:\Users\ywcho\AppData\Local\Programs\Python\Python311\Lib\site-packages\numpy\core\_methods.py:187: RuntimeWarning: overflow encountered in reduce
  ret = umr_sum(x, axis, dtype, out, keepdims=keepdims, where=where)

2025-12-04 15:46:55,418:WARNING:C:\Users\ywcho\AppData\Local\Programs\Python\Python311\Lib\site-packages\numpy\core\_methods.py:187: RuntimeWarning: overflow encountered in reduce
  ret = umr_sum(x, axis, dtype, out, keepdims=keepdims, where=where)

2025-12-04 15:46:55,431:WARNING:C:\Users\ywcho\AppData\Local\Programs\Python\Python311\Lib\site-packages\numpy\core\_methods.py:187: RuntimeWarning: overflow encountered in reduce
  ret = umr_sum(x, axis, dtype, out, keepdims=keepdims, where=where)

2025-12-04 15:46:55,436:WARNING:C:\Users\ywcho\AppData\Local\Programs\Python\Python311\Lib\site-packages\numpy\core\_methods.py:187: RuntimeWarning: overflow encountered in reduce
  ret = umr_sum(x, axis, dtype, out, keepdims=keepdims, where=where)

2025-12-04 15:46:55,443:WARNING:C:\Users\ywcho\AppData\Local\Programs\Python\Python311\Lib\site-packages\numpy\core\_methods.py:187: RuntimeWarning: overflow encountered in reduce
  ret = umr_sum(x, axis, dtype, out, keepdims=keepdims, where=where)

2025-12-04 15:46:55,804:WARNING:C:\Users\ywcho\AppData\Local\Programs\Python\Python311\Lib\site-packages\sklearn\metrics\_classification.py:1561: UserWarning: Note that pos_label (set to 'turkish') is ignored when average != 'binary' (got 'weighted'). You may use labels=[pos_label] to specify a single positive class.
  warnings.warn(

2025-12-04 15:46:55,819:WARNING:C:\Users\ywcho\AppData\Local\Programs\Python\Python311\Lib\site-packages\sklearn\metrics\_classification.py:1561: UserWarning: Note that pos_label (set to 'turkish') is ignored when average != 'binary' (got 'weighted'). You may use labels=[pos_label] to specify a single positive class.
  warnings.warn(

2025-12-04 15:46:55,836:WARNING:C:\Users\ywcho\AppData\Local\Programs\Python\Python311\Lib\site-packages\sklearn\metrics\_classification.py:1561: UserWarning: Note that pos_label (set to 'turkish') is ignored when average != 'binary' (got 'weighted'). You may use labels=[pos_label] to specify a single positive class.
  warnings.warn(

2025-12-04 15:46:55,839:WARNING:C:\Users\ywcho\AppData\Local\Programs\Python\Python311\Lib\site-packages\sklearn\metrics\_classification.py:1561: UserWarning: Note that pos_label (set to 'turkish') is ignored when average != 'binary' (got 'weighted'). You may use labels=[pos_label] to specify a single positive class.
  warnings.warn(

2025-12-04 15:46:55,840:WARNING:C:\Users\ywcho\AppData\Local\Programs\Python\Python311\Lib\site-packages\sklearn\metrics\_classification.py:1561: UserWarning: Note that pos_label (set to 'turkish') is ignored when average != 'binary' (got 'weighted'). You may use labels=[pos_label] to specify a single positive class.
  warnings.warn(

2025-12-04 15:46:55,850:WARNING:C:\Users\ywcho\AppData\Local\Programs\Python\Python311\Lib\site-packages\sklearn\metrics\_classification.py:1561: UserWarning: Note that pos_label (set to 'turkish') is ignored when average != 'binary' (got 'weighted'). You may use labels=[pos_label] to specify a single positive class.
  warnings.warn(

2025-12-04 15:46:55,859:WARNING:C:\Users\ywcho\AppData\Local\Programs\Python\Python311\Lib\site-packages\sklearn\metrics\_classification.py:1561: UserWarning: Note that pos_label (set to 'turkish') is ignored when average != 'binary' (got 'weighted'). You may use labels=[pos_label] to specify a single positive class.
  warnings.warn(

2025-12-04 15:46:55,862:WARNING:C:\Users\ywcho\AppData\Local\Programs\Python\Python311\Lib\site-packages\sklearn\metrics\_classification.py:1561: UserWarning: Note that pos_label (set to 'turkish') is ignored when average != 'binary' (got 'weighted'). You may use labels=[pos_label] to specify a single positive class.
  warnings.warn(

2025-12-04 15:46:55,864:WARNING:C:\Users\ywcho\AppData\Local\Programs\Python\Python311\Lib\site-packages\sklearn\metrics\_classification.py:1561: UserWarning: Note that pos_label (set to 'turkish') is ignored when average != 'binary' (got 'weighted'). You may use labels=[pos_label] to specify a single positive class.
  warnings.warn(

2025-12-04 15:46:55,864:WARNING:C:\Users\ywcho\AppData\Local\Programs\Python\Python311\Lib\site-packages\sklearn\metrics\_classification.py:1561: UserWarning: Note that pos_label (set to 'turkish') is ignored when average != 'binary' (got 'weighted'). You may use labels=[pos_label] to specify a single positive class.
  warnings.warn(

2025-12-04 15:46:55,878:WARNING:C:\Users\ywcho\AppData\Local\Programs\Python\Python311\Lib\site-packages\sklearn\metrics\_classification.py:1561: UserWarning: Note that pos_label (set to 'turkish') is ignored when average != 'binary' (got 'weighted'). You may use labels=[pos_label] to specify a single positive class.
  warnings.warn(

2025-12-04 15:46:55,882:WARNING:C:\Users\ywcho\AppData\Local\Programs\Python\Python311\Lib\site-packages\sklearn\metrics\_classification.py:1561: UserWarning: Note that pos_label (set to 'turkish') is ignored when average != 'binary' (got 'weighted'). You may use labels=[pos_label] to specify a single positive class.
  warnings.warn(

2025-12-04 15:46:55,882:WARNING:C:\Users\ywcho\AppData\Local\Programs\Python\Python311\Lib\site-packages\sklearn\metrics\_classification.py:1561: UserWarning: Note that pos_label (set to 'turkish') is ignored when average != 'binary' (got 'weighted'). You may use labels=[pos_label] to specify a single positive class.
  warnings.warn(

2025-12-04 15:46:55,886:WARNING:C:\Users\ywcho\AppData\Local\Programs\Python\Python311\Lib\site-packages\sklearn\metrics\_classification.py:1561: UserWarning: Note that pos_label (set to 'turkish') is ignored when average != 'binary' (got 'weighted'). You may use labels=[pos_label] to specify a single positive class.
  warnings.warn(

2025-12-04 15:46:55,890:WARNING:C:\Users\ywcho\AppData\Local\Programs\Python\Python311\Lib\site-packages\sklearn\metrics\_classification.py:1561: UserWarning: Note that pos_label (set to 'turkish') is ignored when average != 'binary' (got 'weighted'). You may use labels=[pos_label] to specify a single positive class.
  warnings.warn(

2025-12-04 15:46:55,895:WARNING:C:\Users\ywcho\AppData\Local\Programs\Python\Python311\Lib\site-packages\sklearn\metrics\_classification.py:1561: UserWarning: Note that pos_label (set to 'turkish') is ignored when average != 'binary' (got 'weighted'). You may use labels=[pos_label] to specify a single positive class.
  warnings.warn(

2025-12-04 15:46:55,897:WARNING:C:\Users\ywcho\AppData\Local\Programs\Python\Python311\Lib\site-packages\sklearn\metrics\_classification.py:1561: UserWarning: Note that pos_label (set to 'turkish') is ignored when average != 'binary' (got 'weighted'). You may use labels=[pos_label] to specify a single positive class.
  warnings.warn(

2025-12-04 15:46:55,899:WARNING:C:\Users\ywcho\AppData\Local\Programs\Python\Python311\Lib\site-packages\sklearn\metrics\_classification.py:1561: UserWarning: Note that pos_label (set to 'turkish') is ignored when average != 'binary' (got 'weighted'). You may use labels=[pos_label] to specify a single positive class.
  warnings.warn(

2025-12-04 15:46:55,901:WARNING:C:\Users\ywcho\AppData\Local\Programs\Python\Python311\Lib\site-packages\sklearn\metrics\_classification.py:1561: UserWarning: Note that pos_label (set to 'turkish') is ignored when average != 'binary' (got 'weighted'). You may use labels=[pos_label] to specify a single positive class.
  warnings.warn(

2025-12-04 15:46:55,903:WARNING:C:\Users\ywcho\AppData\Local\Programs\Python\Python311\Lib\site-packages\sklearn\metrics\_classification.py:1561: UserWarning: Note that pos_label (set to 'turkish') is ignored when average != 'binary' (got 'weighted'). You may use labels=[pos_label] to specify a single positive class.
  warnings.warn(

2025-12-04 15:46:55,904:WARNING:C:\Users\ywcho\AppData\Local\Programs\Python\Python311\Lib\site-packages\sklearn\metrics\_classification.py:1561: UserWarning: Note that pos_label (set to 'turkish') is ignored when average != 'binary' (got 'weighted'). You may use labels=[pos_label] to specify a single positive class.
  warnings.warn(

2025-12-04 15:46:55,904:WARNING:C:\Users\ywcho\AppData\Local\Programs\Python\Python311\Lib\site-packages\sklearn\metrics\_classification.py:1561: UserWarning: Note that pos_label (set to 'turkish') is ignored when average != 'binary' (got 'weighted'). You may use labels=[pos_label] to specify a single positive class.
  warnings.warn(

2025-12-04 15:46:55,904:WARNING:C:\Users\ywcho\AppData\Local\Programs\Python\Python311\Lib\site-packages\sklearn\metrics\_classification.py:1561: UserWarning: Note that pos_label (set to 'turkish') is ignored when average != 'binary' (got 'weighted'). You may use labels=[pos_label] to specify a single positive class.
  warnings.warn(

2025-12-04 15:46:55,920:WARNING:C:\Users\ywcho\AppData\Local\Programs\Python\Python311\Lib\site-packages\sklearn\metrics\_classification.py:1561: UserWarning: Note that pos_label (set to 'turkish') is ignored when average != 'binary' (got 'weighted'). You may use labels=[pos_label] to specify a single positive class.
  warnings.warn(

2025-12-04 15:46:55,920:WARNING:C:\Users\ywcho\AppData\Local\Programs\Python\Python311\Lib\site-packages\sklearn\metrics\_classification.py:1561: UserWarning: Note that pos_label (set to 'turkish') is ignored when average != 'binary' (got 'weighted'). You may use labels=[pos_label] to specify a single positive class.
  warnings.warn(

2025-12-04 15:46:55,923:WARNING:C:\Users\ywcho\AppData\Local\Programs\Python\Python311\Lib\site-packages\sklearn\metrics\_classification.py:1561: UserWarning: Note that pos_label (set to 'turkish') is ignored when average != 'binary' (got 'weighted'). You may use labels=[pos_label] to specify a single positive class.
  warnings.warn(

2025-12-04 15:46:55,923:WARNING:C:\Users\ywcho\AppData\Local\Programs\Python\Python311\Lib\site-packages\sklearn\metrics\_classification.py:1561: UserWarning: Note that pos_label (set to 'turkish') is ignored when average != 'binary' (got 'weighted'). You may use labels=[pos_label] to specify a single positive class.
  warnings.warn(

2025-12-04 15:46:55,936:WARNING:C:\Users\ywcho\AppData\Local\Programs\Python\Python311\Lib\site-packages\sklearn\metrics\_classification.py:1561: UserWarning: Note that pos_label (set to 'turkish') is ignored when average != 'binary' (got 'weighted'). You may use labels=[pos_label] to specify a single positive class.
  warnings.warn(

2025-12-04 15:46:55,944:WARNING:C:\Users\ywcho\AppData\Local\Programs\Python\Python311\Lib\site-packages\sklearn\metrics\_classification.py:1561: UserWarning: Note that pos_label (set to 'turkish') is ignored when average != 'binary' (got 'weighted'). You may use labels=[pos_label] to specify a single positive class.
  warnings.warn(

2025-12-04 15:46:55,952:WARNING:C:\Users\ywcho\AppData\Local\Programs\Python\Python311\Lib\site-packages\sklearn\metrics\_classification.py:1561: UserWarning: Note that pos_label (set to 'turkish') is ignored when average != 'binary' (got 'weighted'). You may use labels=[pos_label] to specify a single positive class.
  warnings.warn(

2025-12-04 15:46:55,965:INFO:Calculating mean and std
2025-12-04 15:46:55,965:INFO:Creating metrics dataframe
2025-12-04 15:46:55,965:INFO:Uploading results into container
2025-12-04 15:46:55,965:INFO:Uploading model into container now
2025-12-04 15:46:55,967:INFO:_master_model_container: 4
2025-12-04 15:46:55,967:INFO:_display_container: 2
2025-12-04 15:46:55,967:INFO:DecisionTreeClassifier(ccp_alpha=0.0, class_weight=None, criterion='gini',
                       max_depth=None, max_features=None, max_leaf_nodes=None,
                       min_impurity_decrease=0.0, min_samples_leaf=1,
                       min_samples_split=2, min_weight_fraction_leaf=0.0,
                       monotonic_cst=None, random_state=42, splitter='best')
2025-12-04 15:46:55,967:INFO:create_model() successfully completed......................................
2025-12-04 15:46:56,055:INFO:SubProcess create_model() end ==================================
2025-12-04 15:46:56,055:INFO:Creating metrics dataframe
2025-12-04 15:46:56,057:INFO:Initializing SVM - Linear Kernel
2025-12-04 15:46:56,057:INFO:Total runtime is 0.2038576364517212 minutes
2025-12-04 15:46:56,057:INFO:SubProcess create_model() called ==================================
2025-12-04 15:46:56,057:INFO:Initializing create_model()
2025-12-04 15:46:56,057:INFO:create_model(self=<pycaret.classification.oop.ClassificationExperiment object at 0x000001E83DF7F610>, estimator=svm, fold=StratifiedKFold(n_splits=10, random_state=None, shuffle=False), round=4, cross_validation=True, predict=True, fit_kwargs={}, groups=None, refit=False, probability_threshold=None, experiment_custom_tags=None, verbose=False, system=False, add_to_model_list=True, metrics=None, display=<pycaret.internal.display.display.CommonDisplay object at 0x000001E879341450>, model_only=True, return_train_score=False, error_score=0.0, kwargs={})
2025-12-04 15:46:56,057:INFO:Checking exceptions
2025-12-04 15:46:56,057:INFO:Importing libraries
2025-12-04 15:46:56,057:INFO:Copying training dataset
2025-12-04 15:46:56,057:INFO:Defining folds
2025-12-04 15:46:56,057:INFO:Declaring metric variables
2025-12-04 15:46:56,057:INFO:Importing untrained model
2025-12-04 15:46:56,057:INFO:SVM - Linear Kernel Imported successfully
2025-12-04 15:46:56,057:INFO:Starting cross validation
2025-12-04 15:46:56,057:INFO:Cross validating with StratifiedKFold(n_splits=10, random_state=None, shuffle=False), n_jobs=-1
2025-12-04 15:46:56,275:WARNING:C:\Users\ywcho\AppData\Local\Programs\Python\Python311\Lib\site-packages\numpy\core\_methods.py:187: RuntimeWarning: overflow encountered in reduce
  ret = umr_sum(x, axis, dtype, out, keepdims=keepdims, where=where)

2025-12-04 15:46:56,299:WARNING:C:\Users\ywcho\AppData\Local\Programs\Python\Python311\Lib\site-packages\numpy\core\_methods.py:187: RuntimeWarning: overflow encountered in reduce
  ret = umr_sum(x, axis, dtype, out, keepdims=keepdims, where=where)

2025-12-04 15:46:56,380:WARNING:C:\Users\ywcho\AppData\Local\Programs\Python\Python311\Lib\site-packages\numpy\core\_methods.py:187: RuntimeWarning: overflow encountered in reduce
  ret = umr_sum(x, axis, dtype, out, keepdims=keepdims, where=where)

2025-12-04 15:46:56,400:WARNING:C:\Users\ywcho\AppData\Local\Programs\Python\Python311\Lib\site-packages\numpy\core\_methods.py:187: RuntimeWarning: overflow encountered in reduce
  ret = umr_sum(x, axis, dtype, out, keepdims=keepdims, where=where)

2025-12-04 15:46:56,415:WARNING:C:\Users\ywcho\AppData\Local\Programs\Python\Python311\Lib\site-packages\numpy\core\_methods.py:187: RuntimeWarning: overflow encountered in reduce
  ret = umr_sum(x, axis, dtype, out, keepdims=keepdims, where=where)

2025-12-04 15:46:56,430:WARNING:C:\Users\ywcho\AppData\Local\Programs\Python\Python311\Lib\site-packages\numpy\core\_methods.py:187: RuntimeWarning: overflow encountered in reduce
  ret = umr_sum(x, axis, dtype, out, keepdims=keepdims, where=where)

2025-12-04 15:46:56,440:WARNING:C:\Users\ywcho\AppData\Local\Programs\Python\Python311\Lib\site-packages\numpy\core\_methods.py:187: RuntimeWarning: overflow encountered in reduce
  ret = umr_sum(x, axis, dtype, out, keepdims=keepdims, where=where)

2025-12-04 15:46:56,442:WARNING:C:\Users\ywcho\AppData\Local\Programs\Python\Python311\Lib\site-packages\numpy\core\_methods.py:187: RuntimeWarning: overflow encountered in reduce
  ret = umr_sum(x, axis, dtype, out, keepdims=keepdims, where=where)

2025-12-04 15:46:56,484:WARNING:C:\Users\ywcho\AppData\Local\Programs\Python\Python311\Lib\site-packages\numpy\core\_methods.py:187: RuntimeWarning: overflow encountered in reduce
  ret = umr_sum(x, axis, dtype, out, keepdims=keepdims, where=where)

2025-12-04 15:46:56,498:WARNING:C:\Users\ywcho\AppData\Local\Programs\Python\Python311\Lib\site-packages\numpy\core\_methods.py:187: RuntimeWarning: overflow encountered in reduce
  ret = umr_sum(x, axis, dtype, out, keepdims=keepdims, where=where)

2025-12-04 15:46:56,554:WARNING:C:\Users\ywcho\AppData\Local\Programs\Python\Python311\Lib\site-packages\pycaret\internal\metrics.py:204: FitFailedWarning: Metric 'make_scorer(roc_auc_score, response_method=('decision_function', 'predict_proba'), average=weighted, multi_class=ovr)' failed and error score 0.0 has been returned instead. If this is a custom metric, this usually means that the error is in the metric code. Full exception below:
Traceback (most recent call last):
  File "C:\Users\ywcho\AppData\Local\Programs\Python\Python311\Lib\site-packages\pycaret\internal\metrics.py", line 196, in _score
    return super()._score(
           ^^^^^^^^^^^^^^^
  File "C:\Users\ywcho\AppData\Local\Programs\Python\Python311\Lib\site-packages\sklearn\metrics\_scorer.py", line 350, in _score
    return self._sign * self._score_func(y_true, y_pred, **scoring_kwargs)
                        ^^^^^^^^^^^^^^^^^^^^^^^^^^^^^^^^^^^^^^^^^^^^^^^^^^
  File "C:\Users\ywcho\AppData\Local\Programs\Python\Python311\Lib\site-packages\pycaret\internal\metrics.py", line 144, in __call__
    return self.score_func(y_true, y_pred, **kwargs)
           ^^^^^^^^^^^^^^^^^^^^^^^^^^^^^^^^^^^^^^^^^
  File "C:\Users\ywcho\AppData\Local\Programs\Python\Python311\Lib\site-packages\sklearn\utils\_param_validation.py", line 213, in wrapper
    return func(*args, **kwargs)
           ^^^^^^^^^^^^^^^^^^^^^
  File "C:\Users\ywcho\AppData\Local\Programs\Python\Python311\Lib\site-packages\sklearn\metrics\_ranking.py", line 634, in roc_auc_score
    return _multiclass_roc_auc_score(
           ^^^^^^^^^^^^^^^^^^^^^^^^^^
  File "C:\Users\ywcho\AppData\Local\Programs\Python\Python311\Lib\site-packages\sklearn\metrics\_ranking.py", line 707, in _multiclass_roc_auc_score
    raise ValueError(
ValueError: Target scores need to be probabilities for multiclass roc_auc, i.e. they should sum up to 1.0 over classes

  warnings.warn(

2025-12-04 15:46:56,561:WARNING:C:\Users\ywcho\AppData\Local\Programs\Python\Python311\Lib\site-packages\sklearn\metrics\_classification.py:1561: UserWarning: Note that pos_label (set to 'turkish') is ignored when average != 'binary' (got 'weighted'). You may use labels=[pos_label] to specify a single positive class.
  warnings.warn(

2025-12-04 15:46:56,627:WARNING:C:\Users\ywcho\AppData\Local\Programs\Python\Python311\Lib\site-packages\pycaret\internal\metrics.py:204: FitFailedWarning: Metric 'make_scorer(roc_auc_score, response_method=('decision_function', 'predict_proba'), average=weighted, multi_class=ovr)' failed and error score 0.0 has been returned instead. If this is a custom metric, this usually means that the error is in the metric code. Full exception below:
Traceback (most recent call last):
  File "C:\Users\ywcho\AppData\Local\Programs\Python\Python311\Lib\site-packages\pycaret\internal\metrics.py", line 196, in _score
    return super()._score(
           ^^^^^^^^^^^^^^^
  File "C:\Users\ywcho\AppData\Local\Programs\Python\Python311\Lib\site-packages\sklearn\metrics\_scorer.py", line 350, in _score
    return self._sign * self._score_func(y_true, y_pred, **scoring_kwargs)
                        ^^^^^^^^^^^^^^^^^^^^^^^^^^^^^^^^^^^^^^^^^^^^^^^^^^
  File "C:\Users\ywcho\AppData\Local\Programs\Python\Python311\Lib\site-packages\pycaret\internal\metrics.py", line 144, in __call__
    return self.score_func(y_true, y_pred, **kwargs)
           ^^^^^^^^^^^^^^^^^^^^^^^^^^^^^^^^^^^^^^^^^
  File "C:\Users\ywcho\AppData\Local\Programs\Python\Python311\Lib\site-packages\sklearn\utils\_param_validation.py", line 213, in wrapper
    return func(*args, **kwargs)
           ^^^^^^^^^^^^^^^^^^^^^
  File "C:\Users\ywcho\AppData\Local\Programs\Python\Python311\Lib\site-packages\sklearn\metrics\_ranking.py", line 634, in roc_auc_score
    return _multiclass_roc_auc_score(
           ^^^^^^^^^^^^^^^^^^^^^^^^^^
  File "C:\Users\ywcho\AppData\Local\Programs\Python\Python311\Lib\site-packages\sklearn\metrics\_ranking.py", line 707, in _multiclass_roc_auc_score
    raise ValueError(
ValueError: Target scores need to be probabilities for multiclass roc_auc, i.e. they should sum up to 1.0 over classes

  warnings.warn(

2025-12-04 15:46:56,635:WARNING:C:\Users\ywcho\AppData\Local\Programs\Python\Python311\Lib\site-packages\sklearn\metrics\_classification.py:1561: UserWarning: Note that pos_label (set to 'turkish') is ignored when average != 'binary' (got 'weighted'). You may use labels=[pos_label] to specify a single positive class.
  warnings.warn(

2025-12-04 15:46:56,786:WARNING:C:\Users\ywcho\AppData\Local\Programs\Python\Python311\Lib\site-packages\sklearn\metrics\_classification.py:1561: UserWarning: Note that pos_label (set to 'turkish') is ignored when average != 'binary' (got 'weighted'). You may use labels=[pos_label] to specify a single positive class.
  warnings.warn(

2025-12-04 15:46:56,797:WARNING:C:\Users\ywcho\AppData\Local\Programs\Python\Python311\Lib\site-packages\sklearn\metrics\_classification.py:1509: UndefinedMetricWarning: Precision is ill-defined and being set to 0.0 in labels with no predicted samples. Use `zero_division` parameter to control this behavior.
  _warn_prf(average, modifier, f"{metric.capitalize()} is", len(result))

2025-12-04 15:46:56,805:WARNING:C:\Users\ywcho\AppData\Local\Programs\Python\Python311\Lib\site-packages\sklearn\metrics\_classification.py:1561: UserWarning: Note that pos_label (set to 'turkish') is ignored when average != 'binary' (got 'weighted'). You may use labels=[pos_label] to specify a single positive class.
  warnings.warn(

2025-12-04 15:46:56,864:WARNING:C:\Users\ywcho\AppData\Local\Programs\Python\Python311\Lib\site-packages\sklearn\metrics\_classification.py:1561: UserWarning: Note that pos_label (set to 'turkish') is ignored when average != 'binary' (got 'weighted'). You may use labels=[pos_label] to specify a single positive class.
  warnings.warn(

2025-12-04 15:46:56,916:WARNING:C:\Users\ywcho\AppData\Local\Programs\Python\Python311\Lib\site-packages\sklearn\metrics\_classification.py:1509: UndefinedMetricWarning: Precision is ill-defined and being set to 0.0 in labels with no predicted samples. Use `zero_division` parameter to control this behavior.
  _warn_prf(average, modifier, f"{metric.capitalize()} is", len(result))

2025-12-04 15:46:57,050:WARNING:C:\Users\ywcho\AppData\Local\Programs\Python\Python311\Lib\site-packages\sklearn\metrics\_classification.py:1561: UserWarning: Note that pos_label (set to 'turkish') is ignored when average != 'binary' (got 'weighted'). You may use labels=[pos_label] to specify a single positive class.
  warnings.warn(

2025-12-04 15:46:57,090:WARNING:C:\Users\ywcho\AppData\Local\Programs\Python\Python311\Lib\site-packages\pycaret\internal\metrics.py:204: FitFailedWarning: Metric 'make_scorer(roc_auc_score, response_method=('decision_function', 'predict_proba'), average=weighted, multi_class=ovr)' failed and error score 0.0 has been returned instead. If this is a custom metric, this usually means that the error is in the metric code. Full exception below:
Traceback (most recent call last):
  File "C:\Users\ywcho\AppData\Local\Programs\Python\Python311\Lib\site-packages\pycaret\internal\metrics.py", line 196, in _score
    return super()._score(
           ^^^^^^^^^^^^^^^
  File "C:\Users\ywcho\AppData\Local\Programs\Python\Python311\Lib\site-packages\sklearn\metrics\_scorer.py", line 350, in _score
    return self._sign * self._score_func(y_true, y_pred, **scoring_kwargs)
                        ^^^^^^^^^^^^^^^^^^^^^^^^^^^^^^^^^^^^^^^^^^^^^^^^^^
  File "C:\Users\ywcho\AppData\Local\Programs\Python\Python311\Lib\site-packages\pycaret\internal\metrics.py", line 144, in __call__
    return self.score_func(y_true, y_pred, **kwargs)
           ^^^^^^^^^^^^^^^^^^^^^^^^^^^^^^^^^^^^^^^^^
  File "C:\Users\ywcho\AppData\Local\Programs\Python\Python311\Lib\site-packages\sklearn\utils\_param_validation.py", line 213, in wrapper
    return func(*args, **kwargs)
           ^^^^^^^^^^^^^^^^^^^^^
  File "C:\Users\ywcho\AppData\Local\Programs\Python\Python311\Lib\site-packages\sklearn\metrics\_ranking.py", line 634, in roc_auc_score
    return _multiclass_roc_auc_score(
           ^^^^^^^^^^^^^^^^^^^^^^^^^^
  File "C:\Users\ywcho\AppData\Local\Programs\Python\Python311\Lib\site-packages\sklearn\metrics\_ranking.py", line 707, in _multiclass_roc_auc_score
    raise ValueError(
ValueError: Target scores need to be probabilities for multiclass roc_auc, i.e. they should sum up to 1.0 over classes

  warnings.warn(

2025-12-04 15:46:57,093:WARNING:C:\Users\ywcho\AppData\Local\Programs\Python\Python311\Lib\site-packages\pycaret\internal\metrics.py:204: FitFailedWarning: Metric 'make_scorer(roc_auc_score, response_method=('decision_function', 'predict_proba'), average=weighted, multi_class=ovr)' failed and error score 0.0 has been returned instead. If this is a custom metric, this usually means that the error is in the metric code. Full exception below:
Traceback (most recent call last):
  File "C:\Users\ywcho\AppData\Local\Programs\Python\Python311\Lib\site-packages\pycaret\internal\metrics.py", line 196, in _score
    return super()._score(
           ^^^^^^^^^^^^^^^
  File "C:\Users\ywcho\AppData\Local\Programs\Python\Python311\Lib\site-packages\sklearn\metrics\_scorer.py", line 350, in _score
    return self._sign * self._score_func(y_true, y_pred, **scoring_kwargs)
                        ^^^^^^^^^^^^^^^^^^^^^^^^^^^^^^^^^^^^^^^^^^^^^^^^^^
  File "C:\Users\ywcho\AppData\Local\Programs\Python\Python311\Lib\site-packages\pycaret\internal\metrics.py", line 144, in __call__
    return self.score_func(y_true, y_pred, **kwargs)
           ^^^^^^^^^^^^^^^^^^^^^^^^^^^^^^^^^^^^^^^^^
  File "C:\Users\ywcho\AppData\Local\Programs\Python\Python311\Lib\site-packages\sklearn\utils\_param_validation.py", line 213, in wrapper
    return func(*args, **kwargs)
           ^^^^^^^^^^^^^^^^^^^^^
  File "C:\Users\ywcho\AppData\Local\Programs\Python\Python311\Lib\site-packages\sklearn\metrics\_ranking.py", line 634, in roc_auc_score
    return _multiclass_roc_auc_score(
           ^^^^^^^^^^^^^^^^^^^^^^^^^^
  File "C:\Users\ywcho\AppData\Local\Programs\Python\Python311\Lib\site-packages\sklearn\metrics\_ranking.py", line 707, in _multiclass_roc_auc_score
    raise ValueError(
ValueError: Target scores need to be probabilities for multiclass roc_auc, i.e. they should sum up to 1.0 over classes

  warnings.warn(

2025-12-04 15:46:57,098:WARNING:C:\Users\ywcho\AppData\Local\Programs\Python\Python311\Lib\site-packages\sklearn\metrics\_classification.py:1561: UserWarning: Note that pos_label (set to 'turkish') is ignored when average != 'binary' (got 'weighted'). You may use labels=[pos_label] to specify a single positive class.
  warnings.warn(

2025-12-04 15:46:57,106:WARNING:C:\Users\ywcho\AppData\Local\Programs\Python\Python311\Lib\site-packages\pycaret\internal\metrics.py:204: FitFailedWarning: Metric 'make_scorer(roc_auc_score, response_method=('decision_function', 'predict_proba'), average=weighted, multi_class=ovr)' failed and error score 0.0 has been returned instead. If this is a custom metric, this usually means that the error is in the metric code. Full exception below:
Traceback (most recent call last):
  File "C:\Users\ywcho\AppData\Local\Programs\Python\Python311\Lib\site-packages\pycaret\internal\metrics.py", line 196, in _score
    return super()._score(
           ^^^^^^^^^^^^^^^
  File "C:\Users\ywcho\AppData\Local\Programs\Python\Python311\Lib\site-packages\sklearn\metrics\_scorer.py", line 350, in _score
    return self._sign * self._score_func(y_true, y_pred, **scoring_kwargs)
                        ^^^^^^^^^^^^^^^^^^^^^^^^^^^^^^^^^^^^^^^^^^^^^^^^^^
  File "C:\Users\ywcho\AppData\Local\Programs\Python\Python311\Lib\site-packages\pycaret\internal\metrics.py", line 144, in __call__
    return self.score_func(y_true, y_pred, **kwargs)
           ^^^^^^^^^^^^^^^^^^^^^^^^^^^^^^^^^^^^^^^^^
  File "C:\Users\ywcho\AppData\Local\Programs\Python\Python311\Lib\site-packages\sklearn\utils\_param_validation.py", line 213, in wrapper
    return func(*args, **kwargs)
           ^^^^^^^^^^^^^^^^^^^^^
  File "C:\Users\ywcho\AppData\Local\Programs\Python\Python311\Lib\site-packages\sklearn\metrics\_ranking.py", line 634, in roc_auc_score
    return _multiclass_roc_auc_score(
           ^^^^^^^^^^^^^^^^^^^^^^^^^^
  File "C:\Users\ywcho\AppData\Local\Programs\Python\Python311\Lib\site-packages\sklearn\metrics\_ranking.py", line 707, in _multiclass_roc_auc_score
    raise ValueError(
ValueError: Target scores need to be probabilities for multiclass roc_auc, i.e. they should sum up to 1.0 over classes

  warnings.warn(

2025-12-04 15:46:57,113:WARNING:C:\Users\ywcho\AppData\Local\Programs\Python\Python311\Lib\site-packages\sklearn\metrics\_classification.py:1561: UserWarning: Note that pos_label (set to 'turkish') is ignored when average != 'binary' (got 'weighted'). You may use labels=[pos_label] to specify a single positive class.
  warnings.warn(

2025-12-04 15:46:57,119:WARNING:C:\Users\ywcho\AppData\Local\Programs\Python\Python311\Lib\site-packages\pycaret\internal\metrics.py:204: FitFailedWarning: Metric 'make_scorer(roc_auc_score, response_method=('decision_function', 'predict_proba'), average=weighted, multi_class=ovr)' failed and error score 0.0 has been returned instead. If this is a custom metric, this usually means that the error is in the metric code. Full exception below:
Traceback (most recent call last):
  File "C:\Users\ywcho\AppData\Local\Programs\Python\Python311\Lib\site-packages\pycaret\internal\metrics.py", line 196, in _score
    return super()._score(
           ^^^^^^^^^^^^^^^
  File "C:\Users\ywcho\AppData\Local\Programs\Python\Python311\Lib\site-packages\sklearn\metrics\_scorer.py", line 350, in _score
    return self._sign * self._score_func(y_true, y_pred, **scoring_kwargs)
                        ^^^^^^^^^^^^^^^^^^^^^^^^^^^^^^^^^^^^^^^^^^^^^^^^^^
  File "C:\Users\ywcho\AppData\Local\Programs\Python\Python311\Lib\site-packages\pycaret\internal\metrics.py", line 144, in __call__
    return self.score_func(y_true, y_pred, **kwargs)
           ^^^^^^^^^^^^^^^^^^^^^^^^^^^^^^^^^^^^^^^^^
  File "C:\Users\ywcho\AppData\Local\Programs\Python\Python311\Lib\site-packages\sklearn\utils\_param_validation.py", line 213, in wrapper
    return func(*args, **kwargs)
           ^^^^^^^^^^^^^^^^^^^^^
  File "C:\Users\ywcho\AppData\Local\Programs\Python\Python311\Lib\site-packages\sklearn\metrics\_ranking.py", line 634, in roc_auc_score
    return _multiclass_roc_auc_score(
           ^^^^^^^^^^^^^^^^^^^^^^^^^^
  File "C:\Users\ywcho\AppData\Local\Programs\Python\Python311\Lib\site-packages\sklearn\metrics\_ranking.py", line 707, in _multiclass_roc_auc_score
    raise ValueError(
ValueError: Target scores need to be probabilities for multiclass roc_auc, i.e. they should sum up to 1.0 over classes

  warnings.warn(

2025-12-04 15:46:57,130:WARNING:C:\Users\ywcho\AppData\Local\Programs\Python\Python311\Lib\site-packages\sklearn\metrics\_classification.py:1509: UndefinedMetricWarning: Precision is ill-defined and being set to 0.0 in labels with no predicted samples. Use `zero_division` parameter to control this behavior.
  _warn_prf(average, modifier, f"{metric.capitalize()} is", len(result))

2025-12-04 15:46:57,131:WARNING:C:\Users\ywcho\AppData\Local\Programs\Python\Python311\Lib\site-packages\pycaret\internal\metrics.py:204: FitFailedWarning: Metric 'make_scorer(roc_auc_score, response_method=('decision_function', 'predict_proba'), average=weighted, multi_class=ovr)' failed and error score 0.0 has been returned instead. If this is a custom metric, this usually means that the error is in the metric code. Full exception below:
Traceback (most recent call last):
  File "C:\Users\ywcho\AppData\Local\Programs\Python\Python311\Lib\site-packages\pycaret\internal\metrics.py", line 196, in _score
    return super()._score(
           ^^^^^^^^^^^^^^^
  File "C:\Users\ywcho\AppData\Local\Programs\Python\Python311\Lib\site-packages\sklearn\metrics\_scorer.py", line 350, in _score
    return self._sign * self._score_func(y_true, y_pred, **scoring_kwargs)
                        ^^^^^^^^^^^^^^^^^^^^^^^^^^^^^^^^^^^^^^^^^^^^^^^^^^
  File "C:\Users\ywcho\AppData\Local\Programs\Python\Python311\Lib\site-packages\pycaret\internal\metrics.py", line 144, in __call__
    return self.score_func(y_true, y_pred, **kwargs)
           ^^^^^^^^^^^^^^^^^^^^^^^^^^^^^^^^^^^^^^^^^
  File "C:\Users\ywcho\AppData\Local\Programs\Python\Python311\Lib\site-packages\sklearn\utils\_param_validation.py", line 213, in wrapper
    return func(*args, **kwargs)
           ^^^^^^^^^^^^^^^^^^^^^
  File "C:\Users\ywcho\AppData\Local\Programs\Python\Python311\Lib\site-packages\sklearn\metrics\_ranking.py", line 634, in roc_auc_score
    return _multiclass_roc_auc_score(
           ^^^^^^^^^^^^^^^^^^^^^^^^^^
  File "C:\Users\ywcho\AppData\Local\Programs\Python\Python311\Lib\site-packages\sklearn\metrics\_ranking.py", line 707, in _multiclass_roc_auc_score
    raise ValueError(
ValueError: Target scores need to be probabilities for multiclass roc_auc, i.e. they should sum up to 1.0 over classes

  warnings.warn(

2025-12-04 15:46:57,133:WARNING:C:\Users\ywcho\AppData\Local\Programs\Python\Python311\Lib\site-packages\sklearn\metrics\_classification.py:1561: UserWarning: Note that pos_label (set to 'turkish') is ignored when average != 'binary' (got 'weighted'). You may use labels=[pos_label] to specify a single positive class.
  warnings.warn(

2025-12-04 15:46:57,135:WARNING:C:\Users\ywcho\AppData\Local\Programs\Python\Python311\Lib\site-packages\sklearn\metrics\_classification.py:1561: UserWarning: Note that pos_label (set to 'turkish') is ignored when average != 'binary' (got 'weighted'). You may use labels=[pos_label] to specify a single positive class.
  warnings.warn(

2025-12-04 15:46:57,139:WARNING:C:\Users\ywcho\AppData\Local\Programs\Python\Python311\Lib\site-packages\sklearn\metrics\_classification.py:1561: UserWarning: Note that pos_label (set to 'turkish') is ignored when average != 'binary' (got 'weighted'). You may use labels=[pos_label] to specify a single positive class.
  warnings.warn(

2025-12-04 15:46:57,141:WARNING:C:\Users\ywcho\AppData\Local\Programs\Python\Python311\Lib\site-packages\pycaret\internal\metrics.py:204: FitFailedWarning: Metric 'make_scorer(roc_auc_score, response_method=('decision_function', 'predict_proba'), average=weighted, multi_class=ovr)' failed and error score 0.0 has been returned instead. If this is a custom metric, this usually means that the error is in the metric code. Full exception below:
Traceback (most recent call last):
  File "C:\Users\ywcho\AppData\Local\Programs\Python\Python311\Lib\site-packages\pycaret\internal\metrics.py", line 196, in _score
    return super()._score(
           ^^^^^^^^^^^^^^^
  File "C:\Users\ywcho\AppData\Local\Programs\Python\Python311\Lib\site-packages\sklearn\metrics\_scorer.py", line 350, in _score
    return self._sign * self._score_func(y_true, y_pred, **scoring_kwargs)
                        ^^^^^^^^^^^^^^^^^^^^^^^^^^^^^^^^^^^^^^^^^^^^^^^^^^
  File "C:\Users\ywcho\AppData\Local\Programs\Python\Python311\Lib\site-packages\pycaret\internal\metrics.py", line 144, in __call__
    return self.score_func(y_true, y_pred, **kwargs)
           ^^^^^^^^^^^^^^^^^^^^^^^^^^^^^^^^^^^^^^^^^
  File "C:\Users\ywcho\AppData\Local\Programs\Python\Python311\Lib\site-packages\sklearn\utils\_param_validation.py", line 213, in wrapper
    return func(*args, **kwargs)
           ^^^^^^^^^^^^^^^^^^^^^
  File "C:\Users\ywcho\AppData\Local\Programs\Python\Python311\Lib\site-packages\sklearn\metrics\_ranking.py", line 634, in roc_auc_score
    return _multiclass_roc_auc_score(
           ^^^^^^^^^^^^^^^^^^^^^^^^^^
  File "C:\Users\ywcho\AppData\Local\Programs\Python\Python311\Lib\site-packages\sklearn\metrics\_ranking.py", line 707, in _multiclass_roc_auc_score
    raise ValueError(
ValueError: Target scores need to be probabilities for multiclass roc_auc, i.e. they should sum up to 1.0 over classes

  warnings.warn(

2025-12-04 15:46:57,148:WARNING:C:\Users\ywcho\AppData\Local\Programs\Python\Python311\Lib\site-packages\sklearn\metrics\_classification.py:1561: UserWarning: Note that pos_label (set to 'turkish') is ignored when average != 'binary' (got 'weighted'). You may use labels=[pos_label] to specify a single positive class.
  warnings.warn(

2025-12-04 15:46:57,153:WARNING:C:\Users\ywcho\AppData\Local\Programs\Python\Python311\Lib\site-packages\sklearn\metrics\_classification.py:1561: UserWarning: Note that pos_label (set to 'turkish') is ignored when average != 'binary' (got 'weighted'). You may use labels=[pos_label] to specify a single positive class.
  warnings.warn(

2025-12-04 15:46:57,161:WARNING:C:\Users\ywcho\AppData\Local\Programs\Python\Python311\Lib\site-packages\pycaret\internal\metrics.py:204: FitFailedWarning: Metric 'make_scorer(roc_auc_score, response_method=('decision_function', 'predict_proba'), average=weighted, multi_class=ovr)' failed and error score 0.0 has been returned instead. If this is a custom metric, this usually means that the error is in the metric code. Full exception below:
Traceback (most recent call last):
  File "C:\Users\ywcho\AppData\Local\Programs\Python\Python311\Lib\site-packages\pycaret\internal\metrics.py", line 196, in _score
    return super()._score(
           ^^^^^^^^^^^^^^^
  File "C:\Users\ywcho\AppData\Local\Programs\Python\Python311\Lib\site-packages\sklearn\metrics\_scorer.py", line 350, in _score
    return self._sign * self._score_func(y_true, y_pred, **scoring_kwargs)
                        ^^^^^^^^^^^^^^^^^^^^^^^^^^^^^^^^^^^^^^^^^^^^^^^^^^
  File "C:\Users\ywcho\AppData\Local\Programs\Python\Python311\Lib\site-packages\pycaret\internal\metrics.py", line 144, in __call__
    return self.score_func(y_true, y_pred, **kwargs)
           ^^^^^^^^^^^^^^^^^^^^^^^^^^^^^^^^^^^^^^^^^
  File "C:\Users\ywcho\AppData\Local\Programs\Python\Python311\Lib\site-packages\sklearn\utils\_param_validation.py", line 213, in wrapper
    return func(*args, **kwargs)
           ^^^^^^^^^^^^^^^^^^^^^
  File "C:\Users\ywcho\AppData\Local\Programs\Python\Python311\Lib\site-packages\sklearn\metrics\_ranking.py", line 634, in roc_auc_score
    return _multiclass_roc_auc_score(
           ^^^^^^^^^^^^^^^^^^^^^^^^^^
  File "C:\Users\ywcho\AppData\Local\Programs\Python\Python311\Lib\site-packages\sklearn\metrics\_ranking.py", line 707, in _multiclass_roc_auc_score
    raise ValueError(
ValueError: Target scores need to be probabilities for multiclass roc_auc, i.e. they should sum up to 1.0 over classes

  warnings.warn(

2025-12-04 15:46:57,165:WARNING:C:\Users\ywcho\AppData\Local\Programs\Python\Python311\Lib\site-packages\sklearn\metrics\_classification.py:1561: UserWarning: Note that pos_label (set to 'turkish') is ignored when average != 'binary' (got 'weighted'). You may use labels=[pos_label] to specify a single positive class.
  warnings.warn(

2025-12-04 15:46:57,167:WARNING:C:\Users\ywcho\AppData\Local\Programs\Python\Python311\Lib\site-packages\sklearn\metrics\_classification.py:1561: UserWarning: Note that pos_label (set to 'turkish') is ignored when average != 'binary' (got 'weighted'). You may use labels=[pos_label] to specify a single positive class.
  warnings.warn(

2025-12-04 15:46:57,169:WARNING:C:\Users\ywcho\AppData\Local\Programs\Python\Python311\Lib\site-packages\sklearn\metrics\_classification.py:1509: UndefinedMetricWarning: Precision is ill-defined and being set to 0.0 in labels with no predicted samples. Use `zero_division` parameter to control this behavior.
  _warn_prf(average, modifier, f"{metric.capitalize()} is", len(result))

2025-12-04 15:46:57,169:WARNING:C:\Users\ywcho\AppData\Local\Programs\Python\Python311\Lib\site-packages\sklearn\metrics\_classification.py:1509: UndefinedMetricWarning: Precision is ill-defined and being set to 0.0 in labels with no predicted samples. Use `zero_division` parameter to control this behavior.
  _warn_prf(average, modifier, f"{metric.capitalize()} is", len(result))

2025-12-04 15:46:57,169:WARNING:C:\Users\ywcho\AppData\Local\Programs\Python\Python311\Lib\site-packages\sklearn\metrics\_classification.py:1561: UserWarning: Note that pos_label (set to 'turkish') is ignored when average != 'binary' (got 'weighted'). You may use labels=[pos_label] to specify a single positive class.
  warnings.warn(

2025-12-04 15:46:57,175:WARNING:C:\Users\ywcho\AppData\Local\Programs\Python\Python311\Lib\site-packages\sklearn\metrics\_classification.py:1561: UserWarning: Note that pos_label (set to 'turkish') is ignored when average != 'binary' (got 'weighted'). You may use labels=[pos_label] to specify a single positive class.
  warnings.warn(

2025-12-04 15:46:57,175:WARNING:C:\Users\ywcho\AppData\Local\Programs\Python\Python311\Lib\site-packages\sklearn\metrics\_classification.py:1561: UserWarning: Note that pos_label (set to 'turkish') is ignored when average != 'binary' (got 'weighted'). You may use labels=[pos_label] to specify a single positive class.
  warnings.warn(

2025-12-04 15:46:57,185:WARNING:C:\Users\ywcho\AppData\Local\Programs\Python\Python311\Lib\site-packages\sklearn\metrics\_classification.py:1561: UserWarning: Note that pos_label (set to 'turkish') is ignored when average != 'binary' (got 'weighted'). You may use labels=[pos_label] to specify a single positive class.
  warnings.warn(

2025-12-04 15:46:57,190:WARNING:C:\Users\ywcho\AppData\Local\Programs\Python\Python311\Lib\site-packages\sklearn\metrics\_classification.py:1561: UserWarning: Note that pos_label (set to 'turkish') is ignored when average != 'binary' (got 'weighted'). You may use labels=[pos_label] to specify a single positive class.
  warnings.warn(

2025-12-04 15:46:57,192:WARNING:C:\Users\ywcho\AppData\Local\Programs\Python\Python311\Lib\site-packages\sklearn\metrics\_classification.py:1561: UserWarning: Note that pos_label (set to 'turkish') is ignored when average != 'binary' (got 'weighted'). You may use labels=[pos_label] to specify a single positive class.
  warnings.warn(

2025-12-04 15:46:57,196:WARNING:C:\Users\ywcho\AppData\Local\Programs\Python\Python311\Lib\site-packages\sklearn\metrics\_classification.py:1509: UndefinedMetricWarning: Precision is ill-defined and being set to 0.0 in labels with no predicted samples. Use `zero_division` parameter to control this behavior.
  _warn_prf(average, modifier, f"{metric.capitalize()} is", len(result))

2025-12-04 15:46:57,200:WARNING:C:\Users\ywcho\AppData\Local\Programs\Python\Python311\Lib\site-packages\sklearn\metrics\_classification.py:1561: UserWarning: Note that pos_label (set to 'turkish') is ignored when average != 'binary' (got 'weighted'). You may use labels=[pos_label] to specify a single positive class.
  warnings.warn(

2025-12-04 15:46:57,204:WARNING:C:\Users\ywcho\AppData\Local\Programs\Python\Python311\Lib\site-packages\sklearn\metrics\_classification.py:1509: UndefinedMetricWarning: Precision is ill-defined and being set to 0.0 in labels with no predicted samples. Use `zero_division` parameter to control this behavior.
  _warn_prf(average, modifier, f"{metric.capitalize()} is", len(result))

2025-12-04 15:46:57,204:WARNING:C:\Users\ywcho\AppData\Local\Programs\Python\Python311\Lib\site-packages\sklearn\metrics\_classification.py:1509: UndefinedMetricWarning: Precision is ill-defined and being set to 0.0 in labels with no predicted samples. Use `zero_division` parameter to control this behavior.
  _warn_prf(average, modifier, f"{metric.capitalize()} is", len(result))

2025-12-04 15:46:57,210:WARNING:C:\Users\ywcho\AppData\Local\Programs\Python\Python311\Lib\site-packages\sklearn\metrics\_classification.py:1561: UserWarning: Note that pos_label (set to 'turkish') is ignored when average != 'binary' (got 'weighted'). You may use labels=[pos_label] to specify a single positive class.
  warnings.warn(

2025-12-04 15:46:57,214:WARNING:C:\Users\ywcho\AppData\Local\Programs\Python\Python311\Lib\site-packages\sklearn\metrics\_classification.py:1561: UserWarning: Note that pos_label (set to 'turkish') is ignored when average != 'binary' (got 'weighted'). You may use labels=[pos_label] to specify a single positive class.
  warnings.warn(

2025-12-04 15:46:57,218:WARNING:C:\Users\ywcho\AppData\Local\Programs\Python\Python311\Lib\site-packages\sklearn\metrics\_classification.py:1561: UserWarning: Note that pos_label (set to 'turkish') is ignored when average != 'binary' (got 'weighted'). You may use labels=[pos_label] to specify a single positive class.
  warnings.warn(

2025-12-04 15:46:57,220:WARNING:C:\Users\ywcho\AppData\Local\Programs\Python\Python311\Lib\site-packages\sklearn\metrics\_classification.py:1561: UserWarning: Note that pos_label (set to 'turkish') is ignored when average != 'binary' (got 'weighted'). You may use labels=[pos_label] to specify a single positive class.
  warnings.warn(

2025-12-04 15:46:57,243:WARNING:C:\Users\ywcho\AppData\Local\Programs\Python\Python311\Lib\site-packages\pycaret\internal\metrics.py:204: FitFailedWarning: Metric 'make_scorer(roc_auc_score, response_method=('decision_function', 'predict_proba'), average=weighted, multi_class=ovr)' failed and error score 0.0 has been returned instead. If this is a custom metric, this usually means that the error is in the metric code. Full exception below:
Traceback (most recent call last):
  File "C:\Users\ywcho\AppData\Local\Programs\Python\Python311\Lib\site-packages\pycaret\internal\metrics.py", line 196, in _score
    return super()._score(
           ^^^^^^^^^^^^^^^
  File "C:\Users\ywcho\AppData\Local\Programs\Python\Python311\Lib\site-packages\sklearn\metrics\_scorer.py", line 350, in _score
    return self._sign * self._score_func(y_true, y_pred, **scoring_kwargs)
                        ^^^^^^^^^^^^^^^^^^^^^^^^^^^^^^^^^^^^^^^^^^^^^^^^^^
  File "C:\Users\ywcho\AppData\Local\Programs\Python\Python311\Lib\site-packages\pycaret\internal\metrics.py", line 144, in __call__
    return self.score_func(y_true, y_pred, **kwargs)
           ^^^^^^^^^^^^^^^^^^^^^^^^^^^^^^^^^^^^^^^^^
  File "C:\Users\ywcho\AppData\Local\Programs\Python\Python311\Lib\site-packages\sklearn\utils\_param_validation.py", line 213, in wrapper
    return func(*args, **kwargs)
           ^^^^^^^^^^^^^^^^^^^^^
  File "C:\Users\ywcho\AppData\Local\Programs\Python\Python311\Lib\site-packages\sklearn\metrics\_ranking.py", line 634, in roc_auc_score
    return _multiclass_roc_auc_score(
           ^^^^^^^^^^^^^^^^^^^^^^^^^^
  File "C:\Users\ywcho\AppData\Local\Programs\Python\Python311\Lib\site-packages\sklearn\metrics\_ranking.py", line 707, in _multiclass_roc_auc_score
    raise ValueError(
ValueError: Target scores need to be probabilities for multiclass roc_auc, i.e. they should sum up to 1.0 over classes

  warnings.warn(

2025-12-04 15:46:57,244:WARNING:C:\Users\ywcho\AppData\Local\Programs\Python\Python311\Lib\site-packages\sklearn\metrics\_classification.py:1561: UserWarning: Note that pos_label (set to 'turkish') is ignored when average != 'binary' (got 'weighted'). You may use labels=[pos_label] to specify a single positive class.
  warnings.warn(

2025-12-04 15:46:57,253:WARNING:C:\Users\ywcho\AppData\Local\Programs\Python\Python311\Lib\site-packages\sklearn\metrics\_classification.py:1561: UserWarning: Note that pos_label (set to 'turkish') is ignored when average != 'binary' (got 'weighted'). You may use labels=[pos_label] to specify a single positive class.
  warnings.warn(

2025-12-04 15:46:57,253:WARNING:C:\Users\ywcho\AppData\Local\Programs\Python\Python311\Lib\site-packages\sklearn\metrics\_classification.py:1509: UndefinedMetricWarning: Precision is ill-defined and being set to 0.0 in labels with no predicted samples. Use `zero_division` parameter to control this behavior.
  _warn_prf(average, modifier, f"{metric.capitalize()} is", len(result))

2025-12-04 15:46:57,260:WARNING:C:\Users\ywcho\AppData\Local\Programs\Python\Python311\Lib\site-packages\sklearn\metrics\_classification.py:1561: UserWarning: Note that pos_label (set to 'turkish') is ignored when average != 'binary' (got 'weighted'). You may use labels=[pos_label] to specify a single positive class.
  warnings.warn(

2025-12-04 15:46:57,274:INFO:Calculating mean and std
2025-12-04 15:46:57,274:INFO:Creating metrics dataframe
2025-12-04 15:46:57,276:INFO:Uploading results into container
2025-12-04 15:46:57,276:INFO:Uploading model into container now
2025-12-04 15:46:57,276:INFO:_master_model_container: 5
2025-12-04 15:46:57,276:INFO:_display_container: 2
2025-12-04 15:46:57,277:INFO:SGDClassifier(alpha=0.0001, average=False, class_weight=None,
              early_stopping=False, epsilon=0.1, eta0=0.001, fit_intercept=True,
              l1_ratio=0.15, learning_rate='optimal', loss='hinge',
              max_iter=1000, n_iter_no_change=5, n_jobs=-1, penalty='l2',
              power_t=0.5, random_state=42, shuffle=True, tol=0.001,
              validation_fraction=0.1, verbose=0, warm_start=False)
2025-12-04 15:46:57,277:INFO:create_model() successfully completed......................................
2025-12-04 15:46:57,358:INFO:SubProcess create_model() end ==================================
2025-12-04 15:46:57,358:INFO:Creating metrics dataframe
2025-12-04 15:46:57,358:INFO:Initializing Ridge Classifier
2025-12-04 15:46:57,358:INFO:Total runtime is 0.22554410298665364 minutes
2025-12-04 15:46:57,358:INFO:SubProcess create_model() called ==================================
2025-12-04 15:46:57,358:INFO:Initializing create_model()
2025-12-04 15:46:57,358:INFO:create_model(self=<pycaret.classification.oop.ClassificationExperiment object at 0x000001E83DF7F610>, estimator=ridge, fold=StratifiedKFold(n_splits=10, random_state=None, shuffle=False), round=4, cross_validation=True, predict=True, fit_kwargs={}, groups=None, refit=False, probability_threshold=None, experiment_custom_tags=None, verbose=False, system=False, add_to_model_list=True, metrics=None, display=<pycaret.internal.display.display.CommonDisplay object at 0x000001E879341450>, model_only=True, return_train_score=False, error_score=0.0, kwargs={})
2025-12-04 15:46:57,358:INFO:Checking exceptions
2025-12-04 15:46:57,358:INFO:Importing libraries
2025-12-04 15:46:57,358:INFO:Copying training dataset
2025-12-04 15:46:57,374:INFO:Defining folds
2025-12-04 15:46:57,374:INFO:Declaring metric variables
2025-12-04 15:46:57,374:INFO:Importing untrained model
2025-12-04 15:46:57,374:INFO:Ridge Classifier Imported successfully
2025-12-04 15:46:57,374:INFO:Starting cross validation
2025-12-04 15:46:57,374:INFO:Cross validating with StratifiedKFold(n_splits=10, random_state=None, shuffle=False), n_jobs=-1
2025-12-04 15:46:57,605:WARNING:C:\Users\ywcho\AppData\Local\Programs\Python\Python311\Lib\site-packages\numpy\core\_methods.py:187: RuntimeWarning: overflow encountered in reduce
  ret = umr_sum(x, axis, dtype, out, keepdims=keepdims, where=where)

2025-12-04 15:46:57,621:WARNING:C:\Users\ywcho\AppData\Local\Programs\Python\Python311\Lib\site-packages\numpy\core\_methods.py:187: RuntimeWarning: overflow encountered in reduce
  ret = umr_sum(x, axis, dtype, out, keepdims=keepdims, where=where)

2025-12-04 15:46:57,660:WARNING:C:\Users\ywcho\AppData\Local\Programs\Python\Python311\Lib\site-packages\numpy\core\_methods.py:187: RuntimeWarning: overflow encountered in reduce
  ret = umr_sum(x, axis, dtype, out, keepdims=keepdims, where=where)

2025-12-04 15:46:57,660:WARNING:C:\Users\ywcho\AppData\Local\Programs\Python\Python311\Lib\site-packages\numpy\core\_methods.py:187: RuntimeWarning: overflow encountered in reduce
  ret = umr_sum(x, axis, dtype, out, keepdims=keepdims, where=where)

2025-12-04 15:46:57,678:WARNING:C:\Users\ywcho\AppData\Local\Programs\Python\Python311\Lib\site-packages\numpy\core\_methods.py:187: RuntimeWarning: overflow encountered in reduce
  ret = umr_sum(x, axis, dtype, out, keepdims=keepdims, where=where)

2025-12-04 15:46:57,678:WARNING:C:\Users\ywcho\AppData\Local\Programs\Python\Python311\Lib\site-packages\pycaret\internal\metrics.py:204: FitFailedWarning: Metric 'make_scorer(roc_auc_score, response_method=('decision_function', 'predict_proba'), average=weighted, multi_class=ovr)' failed and error score 0.0 has been returned instead. If this is a custom metric, this usually means that the error is in the metric code. Full exception below:
Traceback (most recent call last):
  File "C:\Users\ywcho\AppData\Local\Programs\Python\Python311\Lib\site-packages\pycaret\internal\metrics.py", line 196, in _score
    return super()._score(
           ^^^^^^^^^^^^^^^
  File "C:\Users\ywcho\AppData\Local\Programs\Python\Python311\Lib\site-packages\sklearn\metrics\_scorer.py", line 350, in _score
    return self._sign * self._score_func(y_true, y_pred, **scoring_kwargs)
                        ^^^^^^^^^^^^^^^^^^^^^^^^^^^^^^^^^^^^^^^^^^^^^^^^^^
  File "C:\Users\ywcho\AppData\Local\Programs\Python\Python311\Lib\site-packages\pycaret\internal\metrics.py", line 144, in __call__
    return self.score_func(y_true, y_pred, **kwargs)
           ^^^^^^^^^^^^^^^^^^^^^^^^^^^^^^^^^^^^^^^^^
  File "C:\Users\ywcho\AppData\Local\Programs\Python\Python311\Lib\site-packages\sklearn\utils\_param_validation.py", line 213, in wrapper
    return func(*args, **kwargs)
           ^^^^^^^^^^^^^^^^^^^^^
  File "C:\Users\ywcho\AppData\Local\Programs\Python\Python311\Lib\site-packages\sklearn\metrics\_ranking.py", line 634, in roc_auc_score
    return _multiclass_roc_auc_score(
           ^^^^^^^^^^^^^^^^^^^^^^^^^^
  File "C:\Users\ywcho\AppData\Local\Programs\Python\Python311\Lib\site-packages\sklearn\metrics\_ranking.py", line 707, in _multiclass_roc_auc_score
    raise ValueError(
ValueError: Target scores need to be probabilities for multiclass roc_auc, i.e. they should sum up to 1.0 over classes

  warnings.warn(

2025-12-04 15:46:57,682:WARNING:C:\Users\ywcho\AppData\Local\Programs\Python\Python311\Lib\site-packages\numpy\core\_methods.py:187: RuntimeWarning: overflow encountered in reduce
  ret = umr_sum(x, axis, dtype, out, keepdims=keepdims, where=where)

2025-12-04 15:46:57,682:WARNING:C:\Users\ywcho\AppData\Local\Programs\Python\Python311\Lib\site-packages\sklearn\metrics\_classification.py:1561: UserWarning: Note that pos_label (set to 'turkish') is ignored when average != 'binary' (got 'weighted'). You may use labels=[pos_label] to specify a single positive class.
  warnings.warn(

2025-12-04 15:46:57,684:WARNING:C:\Users\ywcho\AppData\Local\Programs\Python\Python311\Lib\site-packages\numpy\core\_methods.py:187: RuntimeWarning: overflow encountered in reduce
  ret = umr_sum(x, axis, dtype, out, keepdims=keepdims, where=where)

2025-12-04 15:46:57,695:WARNING:C:\Users\ywcho\AppData\Local\Programs\Python\Python311\Lib\site-packages\sklearn\metrics\_classification.py:1561: UserWarning: Note that pos_label (set to 'turkish') is ignored when average != 'binary' (got 'weighted'). You may use labels=[pos_label] to specify a single positive class.
  warnings.warn(

2025-12-04 15:46:57,702:WARNING:C:\Users\ywcho\AppData\Local\Programs\Python\Python311\Lib\site-packages\sklearn\metrics\_classification.py:1509: UndefinedMetricWarning: Precision is ill-defined and being set to 0.0 in labels with no predicted samples. Use `zero_division` parameter to control this behavior.
  _warn_prf(average, modifier, f"{metric.capitalize()} is", len(result))

2025-12-04 15:46:57,702:WARNING:C:\Users\ywcho\AppData\Local\Programs\Python\Python311\Lib\site-packages\numpy\core\_methods.py:187: RuntimeWarning: overflow encountered in reduce
  ret = umr_sum(x, axis, dtype, out, keepdims=keepdims, where=where)

2025-12-04 15:46:57,708:WARNING:C:\Users\ywcho\AppData\Local\Programs\Python\Python311\Lib\site-packages\sklearn\metrics\_classification.py:1561: UserWarning: Note that pos_label (set to 'turkish') is ignored when average != 'binary' (got 'weighted'). You may use labels=[pos_label] to specify a single positive class.
  warnings.warn(

2025-12-04 15:46:57,708:WARNING:C:\Users\ywcho\AppData\Local\Programs\Python\Python311\Lib\site-packages\numpy\core\_methods.py:187: RuntimeWarning: overflow encountered in reduce
  ret = umr_sum(x, axis, dtype, out, keepdims=keepdims, where=where)

2025-12-04 15:46:57,708:WARNING:C:\Users\ywcho\AppData\Local\Programs\Python\Python311\Lib\site-packages\pycaret\internal\metrics.py:204: FitFailedWarning: Metric 'make_scorer(roc_auc_score, response_method=('decision_function', 'predict_proba'), average=weighted, multi_class=ovr)' failed and error score 0.0 has been returned instead. If this is a custom metric, this usually means that the error is in the metric code. Full exception below:
Traceback (most recent call last):
  File "C:\Users\ywcho\AppData\Local\Programs\Python\Python311\Lib\site-packages\pycaret\internal\metrics.py", line 196, in _score
    return super()._score(
           ^^^^^^^^^^^^^^^
  File "C:\Users\ywcho\AppData\Local\Programs\Python\Python311\Lib\site-packages\sklearn\metrics\_scorer.py", line 350, in _score
    return self._sign * self._score_func(y_true, y_pred, **scoring_kwargs)
                        ^^^^^^^^^^^^^^^^^^^^^^^^^^^^^^^^^^^^^^^^^^^^^^^^^^
  File "C:\Users\ywcho\AppData\Local\Programs\Python\Python311\Lib\site-packages\pycaret\internal\metrics.py", line 144, in __call__
    return self.score_func(y_true, y_pred, **kwargs)
           ^^^^^^^^^^^^^^^^^^^^^^^^^^^^^^^^^^^^^^^^^
  File "C:\Users\ywcho\AppData\Local\Programs\Python\Python311\Lib\site-packages\sklearn\utils\_param_validation.py", line 213, in wrapper
    return func(*args, **kwargs)
           ^^^^^^^^^^^^^^^^^^^^^
  File "C:\Users\ywcho\AppData\Local\Programs\Python\Python311\Lib\site-packages\sklearn\metrics\_ranking.py", line 634, in roc_auc_score
    return _multiclass_roc_auc_score(
           ^^^^^^^^^^^^^^^^^^^^^^^^^^
  File "C:\Users\ywcho\AppData\Local\Programs\Python\Python311\Lib\site-packages\sklearn\metrics\_ranking.py", line 707, in _multiclass_roc_auc_score
    raise ValueError(
ValueError: Target scores need to be probabilities for multiclass roc_auc, i.e. they should sum up to 1.0 over classes

  warnings.warn(

2025-12-04 15:46:57,715:WARNING:C:\Users\ywcho\AppData\Local\Programs\Python\Python311\Lib\site-packages\sklearn\metrics\_classification.py:1561: UserWarning: Note that pos_label (set to 'turkish') is ignored when average != 'binary' (got 'weighted'). You may use labels=[pos_label] to specify a single positive class.
  warnings.warn(

2025-12-04 15:46:57,723:WARNING:C:\Users\ywcho\AppData\Local\Programs\Python\Python311\Lib\site-packages\numpy\core\_methods.py:187: RuntimeWarning: overflow encountered in reduce
  ret = umr_sum(x, axis, dtype, out, keepdims=keepdims, where=where)

2025-12-04 15:46:57,735:WARNING:C:\Users\ywcho\AppData\Local\Programs\Python\Python311\Lib\site-packages\sklearn\metrics\_classification.py:1561: UserWarning: Note that pos_label (set to 'turkish') is ignored when average != 'binary' (got 'weighted'). You may use labels=[pos_label] to specify a single positive class.
  warnings.warn(

2025-12-04 15:46:57,744:WARNING:C:\Users\ywcho\AppData\Local\Programs\Python\Python311\Lib\site-packages\pycaret\internal\metrics.py:204: FitFailedWarning: Metric 'make_scorer(roc_auc_score, response_method=('decision_function', 'predict_proba'), average=weighted, multi_class=ovr)' failed and error score 0.0 has been returned instead. If this is a custom metric, this usually means that the error is in the metric code. Full exception below:
Traceback (most recent call last):
  File "C:\Users\ywcho\AppData\Local\Programs\Python\Python311\Lib\site-packages\pycaret\internal\metrics.py", line 196, in _score
    return super()._score(
           ^^^^^^^^^^^^^^^
  File "C:\Users\ywcho\AppData\Local\Programs\Python\Python311\Lib\site-packages\sklearn\metrics\_scorer.py", line 350, in _score
    return self._sign * self._score_func(y_true, y_pred, **scoring_kwargs)
                        ^^^^^^^^^^^^^^^^^^^^^^^^^^^^^^^^^^^^^^^^^^^^^^^^^^
  File "C:\Users\ywcho\AppData\Local\Programs\Python\Python311\Lib\site-packages\pycaret\internal\metrics.py", line 144, in __call__
    return self.score_func(y_true, y_pred, **kwargs)
           ^^^^^^^^^^^^^^^^^^^^^^^^^^^^^^^^^^^^^^^^^
  File "C:\Users\ywcho\AppData\Local\Programs\Python\Python311\Lib\site-packages\sklearn\utils\_param_validation.py", line 213, in wrapper
    return func(*args, **kwargs)
           ^^^^^^^^^^^^^^^^^^^^^
  File "C:\Users\ywcho\AppData\Local\Programs\Python\Python311\Lib\site-packages\sklearn\metrics\_ranking.py", line 634, in roc_auc_score
    return _multiclass_roc_auc_score(
           ^^^^^^^^^^^^^^^^^^^^^^^^^^
  File "C:\Users\ywcho\AppData\Local\Programs\Python\Python311\Lib\site-packages\sklearn\metrics\_ranking.py", line 707, in _multiclass_roc_auc_score
    raise ValueError(
ValueError: Target scores need to be probabilities for multiclass roc_auc, i.e. they should sum up to 1.0 over classes

  warnings.warn(

2025-12-04 15:46:57,748:WARNING:C:\Users\ywcho\AppData\Local\Programs\Python\Python311\Lib\site-packages\sklearn\metrics\_classification.py:1509: UndefinedMetricWarning: Precision is ill-defined and being set to 0.0 in labels with no predicted samples. Use `zero_division` parameter to control this behavior.
  _warn_prf(average, modifier, f"{metric.capitalize()} is", len(result))

2025-12-04 15:46:57,750:WARNING:C:\Users\ywcho\AppData\Local\Programs\Python\Python311\Lib\site-packages\sklearn\metrics\_classification.py:1561: UserWarning: Note that pos_label (set to 'turkish') is ignored when average != 'binary' (got 'weighted'). You may use labels=[pos_label] to specify a single positive class.
  warnings.warn(

2025-12-04 15:46:57,754:WARNING:C:\Users\ywcho\AppData\Local\Programs\Python\Python311\Lib\site-packages\pycaret\internal\metrics.py:204: FitFailedWarning: Metric 'make_scorer(roc_auc_score, response_method=('decision_function', 'predict_proba'), average=weighted, multi_class=ovr)' failed and error score 0.0 has been returned instead. If this is a custom metric, this usually means that the error is in the metric code. Full exception below:
Traceback (most recent call last):
  File "C:\Users\ywcho\AppData\Local\Programs\Python\Python311\Lib\site-packages\pycaret\internal\metrics.py", line 196, in _score
    return super()._score(
           ^^^^^^^^^^^^^^^
  File "C:\Users\ywcho\AppData\Local\Programs\Python\Python311\Lib\site-packages\sklearn\metrics\_scorer.py", line 350, in _score
    return self._sign * self._score_func(y_true, y_pred, **scoring_kwargs)
                        ^^^^^^^^^^^^^^^^^^^^^^^^^^^^^^^^^^^^^^^^^^^^^^^^^^
  File "C:\Users\ywcho\AppData\Local\Programs\Python\Python311\Lib\site-packages\pycaret\internal\metrics.py", line 144, in __call__
    return self.score_func(y_true, y_pred, **kwargs)
           ^^^^^^^^^^^^^^^^^^^^^^^^^^^^^^^^^^^^^^^^^
  File "C:\Users\ywcho\AppData\Local\Programs\Python\Python311\Lib\site-packages\sklearn\utils\_param_validation.py", line 213, in wrapper
    return func(*args, **kwargs)
           ^^^^^^^^^^^^^^^^^^^^^
  File "C:\Users\ywcho\AppData\Local\Programs\Python\Python311\Lib\site-packages\sklearn\metrics\_ranking.py", line 634, in roc_auc_score
    return _multiclass_roc_auc_score(
           ^^^^^^^^^^^^^^^^^^^^^^^^^^
  File "C:\Users\ywcho\AppData\Local\Programs\Python\Python311\Lib\site-packages\sklearn\metrics\_ranking.py", line 707, in _multiclass_roc_auc_score
    raise ValueError(
ValueError: Target scores need to be probabilities for multiclass roc_auc, i.e. they should sum up to 1.0 over classes

  warnings.warn(

2025-12-04 15:46:57,754:WARNING:C:\Users\ywcho\AppData\Local\Programs\Python\Python311\Lib\site-packages\sklearn\metrics\_classification.py:1561: UserWarning: Note that pos_label (set to 'turkish') is ignored when average != 'binary' (got 'weighted'). You may use labels=[pos_label] to specify a single positive class.
  warnings.warn(

2025-12-04 15:46:57,756:WARNING:C:\Users\ywcho\AppData\Local\Programs\Python\Python311\Lib\site-packages\pycaret\internal\metrics.py:204: FitFailedWarning: Metric 'make_scorer(roc_auc_score, response_method=('decision_function', 'predict_proba'), average=weighted, multi_class=ovr)' failed and error score 0.0 has been returned instead. If this is a custom metric, this usually means that the error is in the metric code. Full exception below:
Traceback (most recent call last):
  File "C:\Users\ywcho\AppData\Local\Programs\Python\Python311\Lib\site-packages\pycaret\internal\metrics.py", line 196, in _score
    return super()._score(
           ^^^^^^^^^^^^^^^
  File "C:\Users\ywcho\AppData\Local\Programs\Python\Python311\Lib\site-packages\sklearn\metrics\_scorer.py", line 350, in _score
    return self._sign * self._score_func(y_true, y_pred, **scoring_kwargs)
                        ^^^^^^^^^^^^^^^^^^^^^^^^^^^^^^^^^^^^^^^^^^^^^^^^^^
  File "C:\Users\ywcho\AppData\Local\Programs\Python\Python311\Lib\site-packages\pycaret\internal\metrics.py", line 144, in __call__
    return self.score_func(y_true, y_pred, **kwargs)
           ^^^^^^^^^^^^^^^^^^^^^^^^^^^^^^^^^^^^^^^^^
  File "C:\Users\ywcho\AppData\Local\Programs\Python\Python311\Lib\site-packages\sklearn\utils\_param_validation.py", line 213, in wrapper
    return func(*args, **kwargs)
           ^^^^^^^^^^^^^^^^^^^^^
  File "C:\Users\ywcho\AppData\Local\Programs\Python\Python311\Lib\site-packages\sklearn\metrics\_ranking.py", line 634, in roc_auc_score
    return _multiclass_roc_auc_score(
           ^^^^^^^^^^^^^^^^^^^^^^^^^^
  File "C:\Users\ywcho\AppData\Local\Programs\Python\Python311\Lib\site-packages\sklearn\metrics\_ranking.py", line 707, in _multiclass_roc_auc_score
    raise ValueError(
ValueError: Target scores need to be probabilities for multiclass roc_auc, i.e. they should sum up to 1.0 over classes

  warnings.warn(

2025-12-04 15:46:57,759:WARNING:C:\Users\ywcho\AppData\Local\Programs\Python\Python311\Lib\site-packages\pycaret\internal\metrics.py:204: FitFailedWarning: Metric 'make_scorer(roc_auc_score, response_method=('decision_function', 'predict_proba'), average=weighted, multi_class=ovr)' failed and error score 0.0 has been returned instead. If this is a custom metric, this usually means that the error is in the metric code. Full exception below:
Traceback (most recent call last):
  File "C:\Users\ywcho\AppData\Local\Programs\Python\Python311\Lib\site-packages\pycaret\internal\metrics.py", line 196, in _score
    return super()._score(
           ^^^^^^^^^^^^^^^
  File "C:\Users\ywcho\AppData\Local\Programs\Python\Python311\Lib\site-packages\sklearn\metrics\_scorer.py", line 350, in _score
    return self._sign * self._score_func(y_true, y_pred, **scoring_kwargs)
                        ^^^^^^^^^^^^^^^^^^^^^^^^^^^^^^^^^^^^^^^^^^^^^^^^^^
  File "C:\Users\ywcho\AppData\Local\Programs\Python\Python311\Lib\site-packages\pycaret\internal\metrics.py", line 144, in __call__
    return self.score_func(y_true, y_pred, **kwargs)
           ^^^^^^^^^^^^^^^^^^^^^^^^^^^^^^^^^^^^^^^^^
  File "C:\Users\ywcho\AppData\Local\Programs\Python\Python311\Lib\site-packages\sklearn\utils\_param_validation.py", line 213, in wrapper
    return func(*args, **kwargs)
           ^^^^^^^^^^^^^^^^^^^^^
  File "C:\Users\ywcho\AppData\Local\Programs\Python\Python311\Lib\site-packages\sklearn\metrics\_ranking.py", line 634, in roc_auc_score
    return _multiclass_roc_auc_score(
           ^^^^^^^^^^^^^^^^^^^^^^^^^^
  File "C:\Users\ywcho\AppData\Local\Programs\Python\Python311\Lib\site-packages\sklearn\metrics\_ranking.py", line 707, in _multiclass_roc_auc_score
    raise ValueError(
ValueError: Target scores need to be probabilities for multiclass roc_auc, i.e. they should sum up to 1.0 over classes

  warnings.warn(

2025-12-04 15:46:57,761:WARNING:C:\Users\ywcho\AppData\Local\Programs\Python\Python311\Lib\site-packages\sklearn\metrics\_classification.py:1561: UserWarning: Note that pos_label (set to 'turkish') is ignored when average != 'binary' (got 'weighted'). You may use labels=[pos_label] to specify a single positive class.
  warnings.warn(

2025-12-04 15:46:57,763:WARNING:C:\Users\ywcho\AppData\Local\Programs\Python\Python311\Lib\site-packages\sklearn\metrics\_classification.py:1561: UserWarning: Note that pos_label (set to 'turkish') is ignored when average != 'binary' (got 'weighted'). You may use labels=[pos_label] to specify a single positive class.
  warnings.warn(

2025-12-04 15:46:57,764:WARNING:C:\Users\ywcho\AppData\Local\Programs\Python\Python311\Lib\site-packages\sklearn\metrics\_classification.py:1561: UserWarning: Note that pos_label (set to 'turkish') is ignored when average != 'binary' (got 'weighted'). You may use labels=[pos_label] to specify a single positive class.
  warnings.warn(

2025-12-04 15:46:57,764:WARNING:C:\Users\ywcho\AppData\Local\Programs\Python\Python311\Lib\site-packages\sklearn\metrics\_classification.py:1561: UserWarning: Note that pos_label (set to 'turkish') is ignored when average != 'binary' (got 'weighted'). You may use labels=[pos_label] to specify a single positive class.
  warnings.warn(

2025-12-04 15:46:57,766:WARNING:C:\Users\ywcho\AppData\Local\Programs\Python\Python311\Lib\site-packages\pycaret\internal\metrics.py:204: FitFailedWarning: Metric 'make_scorer(roc_auc_score, response_method=('decision_function', 'predict_proba'), average=weighted, multi_class=ovr)' failed and error score 0.0 has been returned instead. If this is a custom metric, this usually means that the error is in the metric code. Full exception below:
Traceback (most recent call last):
  File "C:\Users\ywcho\AppData\Local\Programs\Python\Python311\Lib\site-packages\pycaret\internal\metrics.py", line 196, in _score
    return super()._score(
           ^^^^^^^^^^^^^^^
  File "C:\Users\ywcho\AppData\Local\Programs\Python\Python311\Lib\site-packages\sklearn\metrics\_scorer.py", line 350, in _score
    return self._sign * self._score_func(y_true, y_pred, **scoring_kwargs)
                        ^^^^^^^^^^^^^^^^^^^^^^^^^^^^^^^^^^^^^^^^^^^^^^^^^^
  File "C:\Users\ywcho\AppData\Local\Programs\Python\Python311\Lib\site-packages\pycaret\internal\metrics.py", line 144, in __call__
    return self.score_func(y_true, y_pred, **kwargs)
           ^^^^^^^^^^^^^^^^^^^^^^^^^^^^^^^^^^^^^^^^^
  File "C:\Users\ywcho\AppData\Local\Programs\Python\Python311\Lib\site-packages\sklearn\utils\_param_validation.py", line 213, in wrapper
    return func(*args, **kwargs)
           ^^^^^^^^^^^^^^^^^^^^^
  File "C:\Users\ywcho\AppData\Local\Programs\Python\Python311\Lib\site-packages\sklearn\metrics\_ranking.py", line 634, in roc_auc_score
    return _multiclass_roc_auc_score(
           ^^^^^^^^^^^^^^^^^^^^^^^^^^
  File "C:\Users\ywcho\AppData\Local\Programs\Python\Python311\Lib\site-packages\sklearn\metrics\_ranking.py", line 707, in _multiclass_roc_auc_score
    raise ValueError(
ValueError: Target scores need to be probabilities for multiclass roc_auc, i.e. they should sum up to 1.0 over classes

  warnings.warn(

2025-12-04 15:46:57,768:WARNING:C:\Users\ywcho\AppData\Local\Programs\Python\Python311\Lib\site-packages\sklearn\metrics\_classification.py:1509: UndefinedMetricWarning: Precision is ill-defined and being set to 0.0 in labels with no predicted samples. Use `zero_division` parameter to control this behavior.
  _warn_prf(average, modifier, f"{metric.capitalize()} is", len(result))

2025-12-04 15:46:57,772:WARNING:C:\Users\ywcho\AppData\Local\Programs\Python\Python311\Lib\site-packages\sklearn\metrics\_classification.py:1561: UserWarning: Note that pos_label (set to 'turkish') is ignored when average != 'binary' (got 'weighted'). You may use labels=[pos_label] to specify a single positive class.
  warnings.warn(

2025-12-04 15:46:57,774:WARNING:C:\Users\ywcho\AppData\Local\Programs\Python\Python311\Lib\site-packages\sklearn\metrics\_classification.py:1561: UserWarning: Note that pos_label (set to 'turkish') is ignored when average != 'binary' (got 'weighted'). You may use labels=[pos_label] to specify a single positive class.
  warnings.warn(

2025-12-04 15:46:57,774:WARNING:C:\Users\ywcho\AppData\Local\Programs\Python\Python311\Lib\site-packages\pycaret\internal\metrics.py:204: FitFailedWarning: Metric 'make_scorer(roc_auc_score, response_method=('decision_function', 'predict_proba'), average=weighted, multi_class=ovr)' failed and error score 0.0 has been returned instead. If this is a custom metric, this usually means that the error is in the metric code. Full exception below:
Traceback (most recent call last):
  File "C:\Users\ywcho\AppData\Local\Programs\Python\Python311\Lib\site-packages\pycaret\internal\metrics.py", line 196, in _score
    return super()._score(
           ^^^^^^^^^^^^^^^
  File "C:\Users\ywcho\AppData\Local\Programs\Python\Python311\Lib\site-packages\sklearn\metrics\_scorer.py", line 350, in _score
    return self._sign * self._score_func(y_true, y_pred, **scoring_kwargs)
                        ^^^^^^^^^^^^^^^^^^^^^^^^^^^^^^^^^^^^^^^^^^^^^^^^^^
  File "C:\Users\ywcho\AppData\Local\Programs\Python\Python311\Lib\site-packages\pycaret\internal\metrics.py", line 144, in __call__
    return self.score_func(y_true, y_pred, **kwargs)
           ^^^^^^^^^^^^^^^^^^^^^^^^^^^^^^^^^^^^^^^^^
  File "C:\Users\ywcho\AppData\Local\Programs\Python\Python311\Lib\site-packages\sklearn\utils\_param_validation.py", line 213, in wrapper
    return func(*args, **kwargs)
           ^^^^^^^^^^^^^^^^^^^^^
  File "C:\Users\ywcho\AppData\Local\Programs\Python\Python311\Lib\site-packages\sklearn\metrics\_ranking.py", line 634, in roc_auc_score
    return _multiclass_roc_auc_score(
           ^^^^^^^^^^^^^^^^^^^^^^^^^^
  File "C:\Users\ywcho\AppData\Local\Programs\Python\Python311\Lib\site-packages\sklearn\metrics\_ranking.py", line 707, in _multiclass_roc_auc_score
    raise ValueError(
ValueError: Target scores need to be probabilities for multiclass roc_auc, i.e. they should sum up to 1.0 over classes

  warnings.warn(

2025-12-04 15:46:57,776:WARNING:C:\Users\ywcho\AppData\Local\Programs\Python\Python311\Lib\site-packages\sklearn\metrics\_classification.py:1561: UserWarning: Note that pos_label (set to 'turkish') is ignored when average != 'binary' (got 'weighted'). You may use labels=[pos_label] to specify a single positive class.
  warnings.warn(

2025-12-04 15:46:57,778:WARNING:C:\Users\ywcho\AppData\Local\Programs\Python\Python311\Lib\site-packages\sklearn\metrics\_classification.py:1561: UserWarning: Note that pos_label (set to 'turkish') is ignored when average != 'binary' (got 'weighted'). You may use labels=[pos_label] to specify a single positive class.
  warnings.warn(

2025-12-04 15:46:57,780:WARNING:C:\Users\ywcho\AppData\Local\Programs\Python\Python311\Lib\site-packages\sklearn\metrics\_classification.py:1561: UserWarning: Note that pos_label (set to 'turkish') is ignored when average != 'binary' (got 'weighted'). You may use labels=[pos_label] to specify a single positive class.
  warnings.warn(

2025-12-04 15:46:57,783:WARNING:C:\Users\ywcho\AppData\Local\Programs\Python\Python311\Lib\site-packages\sklearn\metrics\_classification.py:1509: UndefinedMetricWarning: Precision is ill-defined and being set to 0.0 in labels with no predicted samples. Use `zero_division` parameter to control this behavior.
  _warn_prf(average, modifier, f"{metric.capitalize()} is", len(result))

2025-12-04 15:46:57,784:WARNING:C:\Users\ywcho\AppData\Local\Programs\Python\Python311\Lib\site-packages\sklearn\metrics\_classification.py:1561: UserWarning: Note that pos_label (set to 'turkish') is ignored when average != 'binary' (got 'weighted'). You may use labels=[pos_label] to specify a single positive class.
  warnings.warn(

2025-12-04 15:46:57,788:WARNING:C:\Users\ywcho\AppData\Local\Programs\Python\Python311\Lib\site-packages\sklearn\metrics\_classification.py:1561: UserWarning: Note that pos_label (set to 'turkish') is ignored when average != 'binary' (got 'weighted'). You may use labels=[pos_label] to specify a single positive class.
  warnings.warn(

2025-12-04 15:46:57,790:WARNING:C:\Users\ywcho\AppData\Local\Programs\Python\Python311\Lib\site-packages\pycaret\internal\metrics.py:204: FitFailedWarning: Metric 'make_scorer(roc_auc_score, response_method=('decision_function', 'predict_proba'), average=weighted, multi_class=ovr)' failed and error score 0.0 has been returned instead. If this is a custom metric, this usually means that the error is in the metric code. Full exception below:
Traceback (most recent call last):
  File "C:\Users\ywcho\AppData\Local\Programs\Python\Python311\Lib\site-packages\pycaret\internal\metrics.py", line 196, in _score
    return super()._score(
           ^^^^^^^^^^^^^^^
  File "C:\Users\ywcho\AppData\Local\Programs\Python\Python311\Lib\site-packages\sklearn\metrics\_scorer.py", line 350, in _score
    return self._sign * self._score_func(y_true, y_pred, **scoring_kwargs)
                        ^^^^^^^^^^^^^^^^^^^^^^^^^^^^^^^^^^^^^^^^^^^^^^^^^^
  File "C:\Users\ywcho\AppData\Local\Programs\Python\Python311\Lib\site-packages\pycaret\internal\metrics.py", line 144, in __call__
    return self.score_func(y_true, y_pred, **kwargs)
           ^^^^^^^^^^^^^^^^^^^^^^^^^^^^^^^^^^^^^^^^^
  File "C:\Users\ywcho\AppData\Local\Programs\Python\Python311\Lib\site-packages\sklearn\utils\_param_validation.py", line 213, in wrapper
    return func(*args, **kwargs)
           ^^^^^^^^^^^^^^^^^^^^^
  File "C:\Users\ywcho\AppData\Local\Programs\Python\Python311\Lib\site-packages\sklearn\metrics\_ranking.py", line 634, in roc_auc_score
    return _multiclass_roc_auc_score(
           ^^^^^^^^^^^^^^^^^^^^^^^^^^
  File "C:\Users\ywcho\AppData\Local\Programs\Python\Python311\Lib\site-packages\sklearn\metrics\_ranking.py", line 707, in _multiclass_roc_auc_score
    raise ValueError(
ValueError: Target scores need to be probabilities for multiclass roc_auc, i.e. they should sum up to 1.0 over classes

  warnings.warn(

2025-12-04 15:46:57,790:WARNING:C:\Users\ywcho\AppData\Local\Programs\Python\Python311\Lib\site-packages\sklearn\metrics\_classification.py:1561: UserWarning: Note that pos_label (set to 'turkish') is ignored when average != 'binary' (got 'weighted'). You may use labels=[pos_label] to specify a single positive class.
  warnings.warn(

2025-12-04 15:46:57,792:WARNING:C:\Users\ywcho\AppData\Local\Programs\Python\Python311\Lib\site-packages\sklearn\metrics\_classification.py:1509: UndefinedMetricWarning: Precision is ill-defined and being set to 0.0 in labels with no predicted samples. Use `zero_division` parameter to control this behavior.
  _warn_prf(average, modifier, f"{metric.capitalize()} is", len(result))

2025-12-04 15:46:57,792:WARNING:C:\Users\ywcho\AppData\Local\Programs\Python\Python311\Lib\site-packages\sklearn\metrics\_classification.py:1561: UserWarning: Note that pos_label (set to 'turkish') is ignored when average != 'binary' (got 'weighted'). You may use labels=[pos_label] to specify a single positive class.
  warnings.warn(

2025-12-04 15:46:57,795:WARNING:C:\Users\ywcho\AppData\Local\Programs\Python\Python311\Lib\site-packages\sklearn\metrics\_classification.py:1509: UndefinedMetricWarning: Precision is ill-defined and being set to 0.0 in labels with no predicted samples. Use `zero_division` parameter to control this behavior.
  _warn_prf(average, modifier, f"{metric.capitalize()} is", len(result))

2025-12-04 15:46:57,797:WARNING:C:\Users\ywcho\AppData\Local\Programs\Python\Python311\Lib\site-packages\sklearn\metrics\_classification.py:1561: UserWarning: Note that pos_label (set to 'turkish') is ignored when average != 'binary' (got 'weighted'). You may use labels=[pos_label] to specify a single positive class.
  warnings.warn(

2025-12-04 15:46:57,797:WARNING:C:\Users\ywcho\AppData\Local\Programs\Python\Python311\Lib\site-packages\sklearn\metrics\_classification.py:1509: UndefinedMetricWarning: Precision is ill-defined and being set to 0.0 in labels with no predicted samples. Use `zero_division` parameter to control this behavior.
  _warn_prf(average, modifier, f"{metric.capitalize()} is", len(result))

2025-12-04 15:46:57,799:WARNING:C:\Users\ywcho\AppData\Local\Programs\Python\Python311\Lib\site-packages\sklearn\metrics\_classification.py:1561: UserWarning: Note that pos_label (set to 'turkish') is ignored when average != 'binary' (got 'weighted'). You may use labels=[pos_label] to specify a single positive class.
  warnings.warn(

2025-12-04 15:46:57,801:WARNING:C:\Users\ywcho\AppData\Local\Programs\Python\Python311\Lib\site-packages\pycaret\internal\metrics.py:204: FitFailedWarning: Metric 'make_scorer(roc_auc_score, response_method=('decision_function', 'predict_proba'), average=weighted, multi_class=ovr)' failed and error score 0.0 has been returned instead. If this is a custom metric, this usually means that the error is in the metric code. Full exception below:
Traceback (most recent call last):
  File "C:\Users\ywcho\AppData\Local\Programs\Python\Python311\Lib\site-packages\pycaret\internal\metrics.py", line 196, in _score
    return super()._score(
           ^^^^^^^^^^^^^^^
  File "C:\Users\ywcho\AppData\Local\Programs\Python\Python311\Lib\site-packages\sklearn\metrics\_scorer.py", line 350, in _score
    return self._sign * self._score_func(y_true, y_pred, **scoring_kwargs)
                        ^^^^^^^^^^^^^^^^^^^^^^^^^^^^^^^^^^^^^^^^^^^^^^^^^^
  File "C:\Users\ywcho\AppData\Local\Programs\Python\Python311\Lib\site-packages\pycaret\internal\metrics.py", line 144, in __call__
    return self.score_func(y_true, y_pred, **kwargs)
           ^^^^^^^^^^^^^^^^^^^^^^^^^^^^^^^^^^^^^^^^^
  File "C:\Users\ywcho\AppData\Local\Programs\Python\Python311\Lib\site-packages\sklearn\utils\_param_validation.py", line 213, in wrapper
    return func(*args, **kwargs)
           ^^^^^^^^^^^^^^^^^^^^^
  File "C:\Users\ywcho\AppData\Local\Programs\Python\Python311\Lib\site-packages\sklearn\metrics\_ranking.py", line 634, in roc_auc_score
    return _multiclass_roc_auc_score(
           ^^^^^^^^^^^^^^^^^^^^^^^^^^
  File "C:\Users\ywcho\AppData\Local\Programs\Python\Python311\Lib\site-packages\sklearn\metrics\_ranking.py", line 707, in _multiclass_roc_auc_score
    raise ValueError(
ValueError: Target scores need to be probabilities for multiclass roc_auc, i.e. they should sum up to 1.0 over classes

  warnings.warn(

2025-12-04 15:46:57,801:WARNING:C:\Users\ywcho\AppData\Local\Programs\Python\Python311\Lib\site-packages\sklearn\metrics\_classification.py:1561: UserWarning: Note that pos_label (set to 'turkish') is ignored when average != 'binary' (got 'weighted'). You may use labels=[pos_label] to specify a single positive class.
  warnings.warn(

2025-12-04 15:46:57,801:WARNING:C:\Users\ywcho\AppData\Local\Programs\Python\Python311\Lib\site-packages\sklearn\metrics\_classification.py:1561: UserWarning: Note that pos_label (set to 'turkish') is ignored when average != 'binary' (got 'weighted'). You may use labels=[pos_label] to specify a single positive class.
  warnings.warn(

2025-12-04 15:46:57,803:WARNING:C:\Users\ywcho\AppData\Local\Programs\Python\Python311\Lib\site-packages\sklearn\metrics\_classification.py:1509: UndefinedMetricWarning: Precision is ill-defined and being set to 0.0 in labels with no predicted samples. Use `zero_division` parameter to control this behavior.
  _warn_prf(average, modifier, f"{metric.capitalize()} is", len(result))

2025-12-04 15:46:57,805:WARNING:C:\Users\ywcho\AppData\Local\Programs\Python\Python311\Lib\site-packages\sklearn\metrics\_classification.py:1561: UserWarning: Note that pos_label (set to 'turkish') is ignored when average != 'binary' (got 'weighted'). You may use labels=[pos_label] to specify a single positive class.
  warnings.warn(

2025-12-04 15:46:57,809:WARNING:C:\Users\ywcho\AppData\Local\Programs\Python\Python311\Lib\site-packages\sklearn\metrics\_classification.py:1561: UserWarning: Note that pos_label (set to 'turkish') is ignored when average != 'binary' (got 'weighted'). You may use labels=[pos_label] to specify a single positive class.
  warnings.warn(

2025-12-04 15:46:57,809:WARNING:C:\Users\ywcho\AppData\Local\Programs\Python\Python311\Lib\site-packages\sklearn\metrics\_classification.py:1561: UserWarning: Note that pos_label (set to 'turkish') is ignored when average != 'binary' (got 'weighted'). You may use labels=[pos_label] to specify a single positive class.
  warnings.warn(

2025-12-04 15:46:57,815:WARNING:C:\Users\ywcho\AppData\Local\Programs\Python\Python311\Lib\site-packages\sklearn\metrics\_classification.py:1509: UndefinedMetricWarning: Precision is ill-defined and being set to 0.0 in labels with no predicted samples. Use `zero_division` parameter to control this behavior.
  _warn_prf(average, modifier, f"{metric.capitalize()} is", len(result))

2025-12-04 15:46:57,815:WARNING:C:\Users\ywcho\AppData\Local\Programs\Python\Python311\Lib\site-packages\sklearn\metrics\_classification.py:1561: UserWarning: Note that pos_label (set to 'turkish') is ignored when average != 'binary' (got 'weighted'). You may use labels=[pos_label] to specify a single positive class.
  warnings.warn(

2025-12-04 15:46:57,819:WARNING:C:\Users\ywcho\AppData\Local\Programs\Python\Python311\Lib\site-packages\sklearn\metrics\_classification.py:1561: UserWarning: Note that pos_label (set to 'turkish') is ignored when average != 'binary' (got 'weighted'). You may use labels=[pos_label] to specify a single positive class.
  warnings.warn(

2025-12-04 15:46:57,821:WARNING:C:\Users\ywcho\AppData\Local\Programs\Python\Python311\Lib\site-packages\sklearn\metrics\_classification.py:1509: UndefinedMetricWarning: Precision is ill-defined and being set to 0.0 in labels with no predicted samples. Use `zero_division` parameter to control this behavior.
  _warn_prf(average, modifier, f"{metric.capitalize()} is", len(result))

2025-12-04 15:46:57,825:WARNING:C:\Users\ywcho\AppData\Local\Programs\Python\Python311\Lib\site-packages\sklearn\metrics\_classification.py:1561: UserWarning: Note that pos_label (set to 'turkish') is ignored when average != 'binary' (got 'weighted'). You may use labels=[pos_label] to specify a single positive class.
  warnings.warn(

2025-12-04 15:46:57,845:INFO:Calculating mean and std
2025-12-04 15:46:57,845:INFO:Creating metrics dataframe
2025-12-04 15:46:57,845:INFO:Uploading results into container
2025-12-04 15:46:57,845:INFO:Uploading model into container now
2025-12-04 15:46:57,845:INFO:_master_model_container: 6
2025-12-04 15:46:57,845:INFO:_display_container: 2
2025-12-04 15:46:57,845:INFO:RidgeClassifier(alpha=1.0, class_weight=None, copy_X=True, fit_intercept=True,
                max_iter=None, positive=False, random_state=42, solver='auto',
                tol=0.0001)
2025-12-04 15:46:57,845:INFO:create_model() successfully completed......................................
2025-12-04 15:46:57,926:INFO:SubProcess create_model() end ==================================
2025-12-04 15:46:57,926:INFO:Creating metrics dataframe
2025-12-04 15:46:57,926:INFO:Initializing Random Forest Classifier
2025-12-04 15:46:57,926:INFO:Total runtime is 0.2350143035252889 minutes
2025-12-04 15:46:57,926:INFO:SubProcess create_model() called ==================================
2025-12-04 15:46:57,926:INFO:Initializing create_model()
2025-12-04 15:46:57,926:INFO:create_model(self=<pycaret.classification.oop.ClassificationExperiment object at 0x000001E83DF7F610>, estimator=rf, fold=StratifiedKFold(n_splits=10, random_state=None, shuffle=False), round=4, cross_validation=True, predict=True, fit_kwargs={}, groups=None, refit=False, probability_threshold=None, experiment_custom_tags=None, verbose=False, system=False, add_to_model_list=True, metrics=None, display=<pycaret.internal.display.display.CommonDisplay object at 0x000001E879341450>, model_only=True, return_train_score=False, error_score=0.0, kwargs={})
2025-12-04 15:46:57,926:INFO:Checking exceptions
2025-12-04 15:46:57,926:INFO:Importing libraries
2025-12-04 15:46:57,926:INFO:Copying training dataset
2025-12-04 15:46:57,948:INFO:Defining folds
2025-12-04 15:46:57,948:INFO:Declaring metric variables
2025-12-04 15:46:57,948:INFO:Importing untrained model
2025-12-04 15:46:57,949:INFO:Random Forest Classifier Imported successfully
2025-12-04 15:46:57,949:INFO:Starting cross validation
2025-12-04 15:46:57,950:INFO:Cross validating with StratifiedKFold(n_splits=10, random_state=None, shuffle=False), n_jobs=-1
2025-12-04 15:46:58,192:WARNING:C:\Users\ywcho\AppData\Local\Programs\Python\Python311\Lib\site-packages\numpy\core\_methods.py:187: RuntimeWarning: overflow encountered in reduce
  ret = umr_sum(x, axis, dtype, out, keepdims=keepdims, where=where)

2025-12-04 15:46:58,206:WARNING:C:\Users\ywcho\AppData\Local\Programs\Python\Python311\Lib\site-packages\numpy\core\_methods.py:187: RuntimeWarning: overflow encountered in reduce
  ret = umr_sum(x, axis, dtype, out, keepdims=keepdims, where=where)

2025-12-04 15:46:58,223:WARNING:C:\Users\ywcho\AppData\Local\Programs\Python\Python311\Lib\site-packages\numpy\core\_methods.py:187: RuntimeWarning: overflow encountered in reduce
  ret = umr_sum(x, axis, dtype, out, keepdims=keepdims, where=where)

2025-12-04 15:46:58,251:WARNING:C:\Users\ywcho\AppData\Local\Programs\Python\Python311\Lib\site-packages\numpy\core\_methods.py:187: RuntimeWarning: overflow encountered in reduce
  ret = umr_sum(x, axis, dtype, out, keepdims=keepdims, where=where)

2025-12-04 15:46:58,253:WARNING:C:\Users\ywcho\AppData\Local\Programs\Python\Python311\Lib\site-packages\numpy\core\_methods.py:187: RuntimeWarning: overflow encountered in reduce
  ret = umr_sum(x, axis, dtype, out, keepdims=keepdims, where=where)

2025-12-04 15:46:58,302:WARNING:C:\Users\ywcho\AppData\Local\Programs\Python\Python311\Lib\site-packages\numpy\core\_methods.py:187: RuntimeWarning: overflow encountered in reduce
  ret = umr_sum(x, axis, dtype, out, keepdims=keepdims, where=where)

2025-12-04 15:46:58,302:WARNING:C:\Users\ywcho\AppData\Local\Programs\Python\Python311\Lib\site-packages\numpy\core\_methods.py:187: RuntimeWarning: overflow encountered in reduce
  ret = umr_sum(x, axis, dtype, out, keepdims=keepdims, where=where)

2025-12-04 15:46:58,311:WARNING:C:\Users\ywcho\AppData\Local\Programs\Python\Python311\Lib\site-packages\numpy\core\_methods.py:187: RuntimeWarning: overflow encountered in reduce
  ret = umr_sum(x, axis, dtype, out, keepdims=keepdims, where=where)

2025-12-04 15:46:58,333:WARNING:C:\Users\ywcho\AppData\Local\Programs\Python\Python311\Lib\site-packages\numpy\core\_methods.py:187: RuntimeWarning: overflow encountered in reduce
  ret = umr_sum(x, axis, dtype, out, keepdims=keepdims, where=where)

2025-12-04 15:46:58,344:WARNING:C:\Users\ywcho\AppData\Local\Programs\Python\Python311\Lib\site-packages\numpy\core\_methods.py:187: RuntimeWarning: overflow encountered in reduce
  ret = umr_sum(x, axis, dtype, out, keepdims=keepdims, where=where)

2025-12-04 15:47:09,805:WARNING:C:\Users\ywcho\AppData\Local\Programs\Python\Python311\Lib\site-packages\sklearn\metrics\_classification.py:1561: UserWarning: Note that pos_label (set to 'turkish') is ignored when average != 'binary' (got 'weighted'). You may use labels=[pos_label] to specify a single positive class.
  warnings.warn(

2025-12-04 15:47:09,871:WARNING:C:\Users\ywcho\AppData\Local\Programs\Python\Python311\Lib\site-packages\sklearn\metrics\_classification.py:1561: UserWarning: Note that pos_label (set to 'turkish') is ignored when average != 'binary' (got 'weighted'). You may use labels=[pos_label] to specify a single positive class.
  warnings.warn(

2025-12-04 15:47:09,875:WARNING:C:\Users\ywcho\AppData\Local\Programs\Python\Python311\Lib\site-packages\sklearn\metrics\_classification.py:1561: UserWarning: Note that pos_label (set to 'turkish') is ignored when average != 'binary' (got 'weighted'). You may use labels=[pos_label] to specify a single positive class.
  warnings.warn(

2025-12-04 15:47:09,879:WARNING:C:\Users\ywcho\AppData\Local\Programs\Python\Python311\Lib\site-packages\sklearn\metrics\_classification.py:1561: UserWarning: Note that pos_label (set to 'turkish') is ignored when average != 'binary' (got 'weighted'). You may use labels=[pos_label] to specify a single positive class.
  warnings.warn(

2025-12-04 15:47:09,892:WARNING:C:\Users\ywcho\AppData\Local\Programs\Python\Python311\Lib\site-packages\sklearn\metrics\_classification.py:1561: UserWarning: Note that pos_label (set to 'turkish') is ignored when average != 'binary' (got 'weighted'). You may use labels=[pos_label] to specify a single positive class.
  warnings.warn(

2025-12-04 15:47:09,895:WARNING:C:\Users\ywcho\AppData\Local\Programs\Python\Python311\Lib\site-packages\sklearn\metrics\_classification.py:1561: UserWarning: Note that pos_label (set to 'turkish') is ignored when average != 'binary' (got 'weighted'). You may use labels=[pos_label] to specify a single positive class.
  warnings.warn(

2025-12-04 15:47:09,896:WARNING:C:\Users\ywcho\AppData\Local\Programs\Python\Python311\Lib\site-packages\sklearn\metrics\_classification.py:1561: UserWarning: Note that pos_label (set to 'turkish') is ignored when average != 'binary' (got 'weighted'). You may use labels=[pos_label] to specify a single positive class.
  warnings.warn(

2025-12-04 15:47:09,898:WARNING:C:\Users\ywcho\AppData\Local\Programs\Python\Python311\Lib\site-packages\sklearn\metrics\_classification.py:1561: UserWarning: Note that pos_label (set to 'turkish') is ignored when average != 'binary' (got 'weighted'). You may use labels=[pos_label] to specify a single positive class.
  warnings.warn(

2025-12-04 15:47:09,900:WARNING:C:\Users\ywcho\AppData\Local\Programs\Python\Python311\Lib\site-packages\sklearn\metrics\_classification.py:1561: UserWarning: Note that pos_label (set to 'turkish') is ignored when average != 'binary' (got 'weighted'). You may use labels=[pos_label] to specify a single positive class.
  warnings.warn(

2025-12-04 15:47:09,901:WARNING:C:\Users\ywcho\AppData\Local\Programs\Python\Python311\Lib\site-packages\sklearn\metrics\_classification.py:1561: UserWarning: Note that pos_label (set to 'turkish') is ignored when average != 'binary' (got 'weighted'). You may use labels=[pos_label] to specify a single positive class.
  warnings.warn(

2025-12-04 15:47:09,904:WARNING:C:\Users\ywcho\AppData\Local\Programs\Python\Python311\Lib\site-packages\sklearn\metrics\_classification.py:1561: UserWarning: Note that pos_label (set to 'turkish') is ignored when average != 'binary' (got 'weighted'). You may use labels=[pos_label] to specify a single positive class.
  warnings.warn(

2025-12-04 15:47:09,915:WARNING:C:\Users\ywcho\AppData\Local\Programs\Python\Python311\Lib\site-packages\sklearn\metrics\_classification.py:1561: UserWarning: Note that pos_label (set to 'turkish') is ignored when average != 'binary' (got 'weighted'). You may use labels=[pos_label] to specify a single positive class.
  warnings.warn(

2025-12-04 15:47:09,923:WARNING:C:\Users\ywcho\AppData\Local\Programs\Python\Python311\Lib\site-packages\sklearn\metrics\_classification.py:1561: UserWarning: Note that pos_label (set to 'turkish') is ignored when average != 'binary' (got 'weighted'). You may use labels=[pos_label] to specify a single positive class.
  warnings.warn(

2025-12-04 15:47:09,923:WARNING:C:\Users\ywcho\AppData\Local\Programs\Python\Python311\Lib\site-packages\sklearn\metrics\_classification.py:1561: UserWarning: Note that pos_label (set to 'turkish') is ignored when average != 'binary' (got 'weighted'). You may use labels=[pos_label] to specify a single positive class.
  warnings.warn(

2025-12-04 15:47:09,923:WARNING:C:\Users\ywcho\AppData\Local\Programs\Python\Python311\Lib\site-packages\sklearn\metrics\_classification.py:1561: UserWarning: Note that pos_label (set to 'turkish') is ignored when average != 'binary' (got 'weighted'). You may use labels=[pos_label] to specify a single positive class.
  warnings.warn(

2025-12-04 15:47:09,925:WARNING:C:\Users\ywcho\AppData\Local\Programs\Python\Python311\Lib\site-packages\sklearn\metrics\_classification.py:1561: UserWarning: Note that pos_label (set to 'turkish') is ignored when average != 'binary' (got 'weighted'). You may use labels=[pos_label] to specify a single positive class.
  warnings.warn(

2025-12-04 15:47:09,927:WARNING:C:\Users\ywcho\AppData\Local\Programs\Python\Python311\Lib\site-packages\sklearn\metrics\_classification.py:1561: UserWarning: Note that pos_label (set to 'turkish') is ignored when average != 'binary' (got 'weighted'). You may use labels=[pos_label] to specify a single positive class.
  warnings.warn(

2025-12-04 15:47:09,927:WARNING:C:\Users\ywcho\AppData\Local\Programs\Python\Python311\Lib\site-packages\sklearn\metrics\_classification.py:1561: UserWarning: Note that pos_label (set to 'turkish') is ignored when average != 'binary' (got 'weighted'). You may use labels=[pos_label] to specify a single positive class.
  warnings.warn(

2025-12-04 15:47:09,935:WARNING:C:\Users\ywcho\AppData\Local\Programs\Python\Python311\Lib\site-packages\sklearn\metrics\_classification.py:1561: UserWarning: Note that pos_label (set to 'turkish') is ignored when average != 'binary' (got 'weighted'). You may use labels=[pos_label] to specify a single positive class.
  warnings.warn(

2025-12-04 15:47:09,935:WARNING:C:\Users\ywcho\AppData\Local\Programs\Python\Python311\Lib\site-packages\sklearn\metrics\_classification.py:1561: UserWarning: Note that pos_label (set to 'turkish') is ignored when average != 'binary' (got 'weighted'). You may use labels=[pos_label] to specify a single positive class.
  warnings.warn(

2025-12-04 15:47:09,942:WARNING:C:\Users\ywcho\AppData\Local\Programs\Python\Python311\Lib\site-packages\sklearn\metrics\_classification.py:1561: UserWarning: Note that pos_label (set to 'turkish') is ignored when average != 'binary' (got 'weighted'). You may use labels=[pos_label] to specify a single positive class.
  warnings.warn(

2025-12-04 15:47:09,945:WARNING:C:\Users\ywcho\AppData\Local\Programs\Python\Python311\Lib\site-packages\sklearn\metrics\_classification.py:1561: UserWarning: Note that pos_label (set to 'turkish') is ignored when average != 'binary' (got 'weighted'). You may use labels=[pos_label] to specify a single positive class.
  warnings.warn(

2025-12-04 15:47:09,945:WARNING:C:\Users\ywcho\AppData\Local\Programs\Python\Python311\Lib\site-packages\sklearn\metrics\_classification.py:1561: UserWarning: Note that pos_label (set to 'turkish') is ignored when average != 'binary' (got 'weighted'). You may use labels=[pos_label] to specify a single positive class.
  warnings.warn(

2025-12-04 15:47:09,948:WARNING:C:\Users\ywcho\AppData\Local\Programs\Python\Python311\Lib\site-packages\sklearn\metrics\_classification.py:1561: UserWarning: Note that pos_label (set to 'turkish') is ignored when average != 'binary' (got 'weighted'). You may use labels=[pos_label] to specify a single positive class.
  warnings.warn(

2025-12-04 15:47:09,951:WARNING:C:\Users\ywcho\AppData\Local\Programs\Python\Python311\Lib\site-packages\sklearn\metrics\_classification.py:1561: UserWarning: Note that pos_label (set to 'turkish') is ignored when average != 'binary' (got 'weighted'). You may use labels=[pos_label] to specify a single positive class.
  warnings.warn(

2025-12-04 15:47:09,956:WARNING:C:\Users\ywcho\AppData\Local\Programs\Python\Python311\Lib\site-packages\sklearn\metrics\_classification.py:1561: UserWarning: Note that pos_label (set to 'turkish') is ignored when average != 'binary' (got 'weighted'). You may use labels=[pos_label] to specify a single positive class.
  warnings.warn(

2025-12-04 15:47:09,963:WARNING:C:\Users\ywcho\AppData\Local\Programs\Python\Python311\Lib\site-packages\sklearn\metrics\_classification.py:1561: UserWarning: Note that pos_label (set to 'turkish') is ignored when average != 'binary' (got 'weighted'). You may use labels=[pos_label] to specify a single positive class.
  warnings.warn(

2025-12-04 15:47:09,969:WARNING:C:\Users\ywcho\AppData\Local\Programs\Python\Python311\Lib\site-packages\sklearn\metrics\_classification.py:1561: UserWarning: Note that pos_label (set to 'turkish') is ignored when average != 'binary' (got 'weighted'). You may use labels=[pos_label] to specify a single positive class.
  warnings.warn(

2025-12-04 15:47:09,976:WARNING:C:\Users\ywcho\AppData\Local\Programs\Python\Python311\Lib\site-packages\sklearn\metrics\_classification.py:1561: UserWarning: Note that pos_label (set to 'turkish') is ignored when average != 'binary' (got 'weighted'). You may use labels=[pos_label] to specify a single positive class.
  warnings.warn(

2025-12-04 15:47:09,982:WARNING:C:\Users\ywcho\AppData\Local\Programs\Python\Python311\Lib\site-packages\sklearn\metrics\_classification.py:1561: UserWarning: Note that pos_label (set to 'turkish') is ignored when average != 'binary' (got 'weighted'). You may use labels=[pos_label] to specify a single positive class.
  warnings.warn(

2025-12-04 15:47:10,022:INFO:Calculating mean and std
2025-12-04 15:47:10,029:INFO:Creating metrics dataframe
2025-12-04 15:47:10,047:INFO:Uploading results into container
2025-12-04 15:47:10,050:INFO:Uploading model into container now
2025-12-04 15:47:10,051:INFO:_master_model_container: 7
2025-12-04 15:47:10,052:INFO:_display_container: 2
2025-12-04 15:47:10,054:INFO:RandomForestClassifier(bootstrap=True, ccp_alpha=0.0, class_weight=None,
                       criterion='gini', max_depth=None, max_features='sqrt',
                       max_leaf_nodes=None, max_samples=None,
                       min_impurity_decrease=0.0, min_samples_leaf=1,
                       min_samples_split=2, min_weight_fraction_leaf=0.0,
                       monotonic_cst=None, n_estimators=100, n_jobs=-1,
                       oob_score=False, random_state=42, verbose=0,
                       warm_start=False)
2025-12-04 15:47:10,054:INFO:create_model() successfully completed......................................
2025-12-04 15:47:10,234:INFO:SubProcess create_model() end ==================================
2025-12-04 15:47:10,234:INFO:Creating metrics dataframe
2025-12-04 15:47:10,238:INFO:Initializing Quadratic Discriminant Analysis
2025-12-04 15:47:10,238:INFO:Total runtime is 0.44020910263061525 minutes
2025-12-04 15:47:10,238:INFO:SubProcess create_model() called ==================================
2025-12-04 15:47:10,238:INFO:Initializing create_model()
2025-12-04 15:47:10,238:INFO:create_model(self=<pycaret.classification.oop.ClassificationExperiment object at 0x000001E83DF7F610>, estimator=qda, fold=StratifiedKFold(n_splits=10, random_state=None, shuffle=False), round=4, cross_validation=True, predict=True, fit_kwargs={}, groups=None, refit=False, probability_threshold=None, experiment_custom_tags=None, verbose=False, system=False, add_to_model_list=True, metrics=None, display=<pycaret.internal.display.display.CommonDisplay object at 0x000001E879341450>, model_only=True, return_train_score=False, error_score=0.0, kwargs={})
2025-12-04 15:47:10,238:INFO:Checking exceptions
2025-12-04 15:47:10,238:INFO:Importing libraries
2025-12-04 15:47:10,238:INFO:Copying training dataset
2025-12-04 15:47:10,250:INFO:Defining folds
2025-12-04 15:47:10,250:INFO:Declaring metric variables
2025-12-04 15:47:10,250:INFO:Importing untrained model
2025-12-04 15:47:10,250:INFO:Quadratic Discriminant Analysis Imported successfully
2025-12-04 15:47:10,250:INFO:Starting cross validation
2025-12-04 15:47:10,250:INFO:Cross validating with StratifiedKFold(n_splits=10, random_state=None, shuffle=False), n_jobs=-1
2025-12-04 15:47:10,577:WARNING:C:\Users\ywcho\AppData\Local\Programs\Python\Python311\Lib\site-packages\numpy\core\_methods.py:187: RuntimeWarning: overflow encountered in reduce
  ret = umr_sum(x, axis, dtype, out, keepdims=keepdims, where=where)

2025-12-04 15:47:10,589:WARNING:C:\Users\ywcho\AppData\Local\Programs\Python\Python311\Lib\site-packages\numpy\core\_methods.py:187: RuntimeWarning: overflow encountered in reduce
  ret = umr_sum(x, axis, dtype, out, keepdims=keepdims, where=where)

2025-12-04 15:47:10,589:WARNING:C:\Users\ywcho\AppData\Local\Programs\Python\Python311\Lib\site-packages\numpy\core\_methods.py:187: RuntimeWarning: overflow encountered in reduce
  ret = umr_sum(x, axis, dtype, out, keepdims=keepdims, where=where)

2025-12-04 15:47:10,591:WARNING:C:\Users\ywcho\AppData\Local\Programs\Python\Python311\Lib\site-packages\numpy\core\_methods.py:187: RuntimeWarning: overflow encountered in reduce
  ret = umr_sum(x, axis, dtype, out, keepdims=keepdims, where=where)

2025-12-04 15:47:10,596:WARNING:C:\Users\ywcho\AppData\Local\Programs\Python\Python311\Lib\site-packages\numpy\core\_methods.py:187: RuntimeWarning: overflow encountered in reduce
  ret = umr_sum(x, axis, dtype, out, keepdims=keepdims, where=where)

2025-12-04 15:47:10,598:WARNING:C:\Users\ywcho\AppData\Local\Programs\Python\Python311\Lib\site-packages\numpy\core\_methods.py:187: RuntimeWarning: overflow encountered in reduce
  ret = umr_sum(x, axis, dtype, out, keepdims=keepdims, where=where)

2025-12-04 15:47:10,622:WARNING:C:\Users\ywcho\AppData\Local\Programs\Python\Python311\Lib\site-packages\numpy\core\_methods.py:187: RuntimeWarning: overflow encountered in reduce
  ret = umr_sum(x, axis, dtype, out, keepdims=keepdims, where=where)

2025-12-04 15:47:10,628:WARNING:C:\Users\ywcho\AppData\Local\Programs\Python\Python311\Lib\site-packages\numpy\core\_methods.py:187: RuntimeWarning: overflow encountered in reduce
  ret = umr_sum(x, axis, dtype, out, keepdims=keepdims, where=where)

2025-12-04 15:47:10,631:WARNING:C:\Users\ywcho\AppData\Local\Programs\Python\Python311\Lib\site-packages\numpy\core\_methods.py:187: RuntimeWarning: overflow encountered in reduce
  ret = umr_sum(x, axis, dtype, out, keepdims=keepdims, where=where)

2025-12-04 15:47:10,635:WARNING:C:\Users\ywcho\AppData\Local\Programs\Python\Python311\Lib\site-packages\numpy\core\_methods.py:187: RuntimeWarning: overflow encountered in reduce
  ret = umr_sum(x, axis, dtype, out, keepdims=keepdims, where=where)

2025-12-04 15:47:10,681:WARNING:C:\Users\ywcho\AppData\Local\Programs\Python\Python311\Lib\site-packages\pycaret\internal\metrics.py:204: FitFailedWarning: Metric 'make_scorer(roc_auc_score, response_method=('decision_function', 'predict_proba'), average=weighted, multi_class=ovr)' failed and error score 0.0 has been returned instead. If this is a custom metric, this usually means that the error is in the metric code. Full exception below:
Traceback (most recent call last):
  File "C:\Users\ywcho\AppData\Local\Programs\Python\Python311\Lib\site-packages\pycaret\internal\metrics.py", line 196, in _score
    return super()._score(
           ^^^^^^^^^^^^^^^
  File "C:\Users\ywcho\AppData\Local\Programs\Python\Python311\Lib\site-packages\sklearn\metrics\_scorer.py", line 350, in _score
    return self._sign * self._score_func(y_true, y_pred, **scoring_kwargs)
                        ^^^^^^^^^^^^^^^^^^^^^^^^^^^^^^^^^^^^^^^^^^^^^^^^^^
  File "C:\Users\ywcho\AppData\Local\Programs\Python\Python311\Lib\site-packages\pycaret\internal\metrics.py", line 144, in __call__
    return self.score_func(y_true, y_pred, **kwargs)
           ^^^^^^^^^^^^^^^^^^^^^^^^^^^^^^^^^^^^^^^^^
  File "C:\Users\ywcho\AppData\Local\Programs\Python\Python311\Lib\site-packages\sklearn\utils\_param_validation.py", line 213, in wrapper
    return func(*args, **kwargs)
           ^^^^^^^^^^^^^^^^^^^^^
  File "C:\Users\ywcho\AppData\Local\Programs\Python\Python311\Lib\site-packages\sklearn\metrics\_ranking.py", line 634, in roc_auc_score
    return _multiclass_roc_auc_score(
           ^^^^^^^^^^^^^^^^^^^^^^^^^^
  File "C:\Users\ywcho\AppData\Local\Programs\Python\Python311\Lib\site-packages\sklearn\metrics\_ranking.py", line 707, in _multiclass_roc_auc_score
    raise ValueError(
ValueError: Target scores need to be probabilities for multiclass roc_auc, i.e. they should sum up to 1.0 over classes

  warnings.warn(

2025-12-04 15:47:10,683:WARNING:C:\Users\ywcho\AppData\Local\Programs\Python\Python311\Lib\site-packages\pycaret\internal\metrics.py:204: FitFailedWarning: Metric 'make_scorer(roc_auc_score, response_method=('decision_function', 'predict_proba'), average=weighted, multi_class=ovr)' failed and error score 0.0 has been returned instead. If this is a custom metric, this usually means that the error is in the metric code. Full exception below:
Traceback (most recent call last):
  File "C:\Users\ywcho\AppData\Local\Programs\Python\Python311\Lib\site-packages\pycaret\internal\metrics.py", line 196, in _score
    return super()._score(
           ^^^^^^^^^^^^^^^
  File "C:\Users\ywcho\AppData\Local\Programs\Python\Python311\Lib\site-packages\sklearn\metrics\_scorer.py", line 350, in _score
    return self._sign * self._score_func(y_true, y_pred, **scoring_kwargs)
                        ^^^^^^^^^^^^^^^^^^^^^^^^^^^^^^^^^^^^^^^^^^^^^^^^^^
  File "C:\Users\ywcho\AppData\Local\Programs\Python\Python311\Lib\site-packages\pycaret\internal\metrics.py", line 144, in __call__
    return self.score_func(y_true, y_pred, **kwargs)
           ^^^^^^^^^^^^^^^^^^^^^^^^^^^^^^^^^^^^^^^^^
  File "C:\Users\ywcho\AppData\Local\Programs\Python\Python311\Lib\site-packages\sklearn\utils\_param_validation.py", line 213, in wrapper
    return func(*args, **kwargs)
           ^^^^^^^^^^^^^^^^^^^^^
  File "C:\Users\ywcho\AppData\Local\Programs\Python\Python311\Lib\site-packages\sklearn\metrics\_ranking.py", line 634, in roc_auc_score
    return _multiclass_roc_auc_score(
           ^^^^^^^^^^^^^^^^^^^^^^^^^^
  File "C:\Users\ywcho\AppData\Local\Programs\Python\Python311\Lib\site-packages\sklearn\metrics\_ranking.py", line 707, in _multiclass_roc_auc_score
    raise ValueError(
ValueError: Target scores need to be probabilities for multiclass roc_auc, i.e. they should sum up to 1.0 over classes

  warnings.warn(

2025-12-04 15:47:10,684:WARNING:C:\Users\ywcho\AppData\Local\Programs\Python\Python311\Lib\site-packages\pycaret\internal\metrics.py:204: FitFailedWarning: Metric 'make_scorer(roc_auc_score, response_method=('decision_function', 'predict_proba'), average=weighted, multi_class=ovr)' failed and error score 0.0 has been returned instead. If this is a custom metric, this usually means that the error is in the metric code. Full exception below:
Traceback (most recent call last):
  File "C:\Users\ywcho\AppData\Local\Programs\Python\Python311\Lib\site-packages\pycaret\internal\metrics.py", line 196, in _score
    return super()._score(
           ^^^^^^^^^^^^^^^
  File "C:\Users\ywcho\AppData\Local\Programs\Python\Python311\Lib\site-packages\sklearn\metrics\_scorer.py", line 350, in _score
    return self._sign * self._score_func(y_true, y_pred, **scoring_kwargs)
                        ^^^^^^^^^^^^^^^^^^^^^^^^^^^^^^^^^^^^^^^^^^^^^^^^^^
  File "C:\Users\ywcho\AppData\Local\Programs\Python\Python311\Lib\site-packages\pycaret\internal\metrics.py", line 144, in __call__
    return self.score_func(y_true, y_pred, **kwargs)
           ^^^^^^^^^^^^^^^^^^^^^^^^^^^^^^^^^^^^^^^^^
  File "C:\Users\ywcho\AppData\Local\Programs\Python\Python311\Lib\site-packages\sklearn\utils\_param_validation.py", line 213, in wrapper
    return func(*args, **kwargs)
           ^^^^^^^^^^^^^^^^^^^^^
  File "C:\Users\ywcho\AppData\Local\Programs\Python\Python311\Lib\site-packages\sklearn\metrics\_ranking.py", line 634, in roc_auc_score
    return _multiclass_roc_auc_score(
           ^^^^^^^^^^^^^^^^^^^^^^^^^^
  File "C:\Users\ywcho\AppData\Local\Programs\Python\Python311\Lib\site-packages\sklearn\metrics\_ranking.py", line 707, in _multiclass_roc_auc_score
    raise ValueError(
ValueError: Target scores need to be probabilities for multiclass roc_auc, i.e. they should sum up to 1.0 over classes

  warnings.warn(

2025-12-04 15:47:10,687:WARNING:C:\Users\ywcho\AppData\Local\Programs\Python\Python311\Lib\site-packages\pycaret\internal\metrics.py:204: FitFailedWarning: Metric 'make_scorer(roc_auc_score, response_method=('decision_function', 'predict_proba'), average=weighted, multi_class=ovr)' failed and error score 0.0 has been returned instead. If this is a custom metric, this usually means that the error is in the metric code. Full exception below:
Traceback (most recent call last):
  File "C:\Users\ywcho\AppData\Local\Programs\Python\Python311\Lib\site-packages\pycaret\internal\metrics.py", line 196, in _score
    return super()._score(
           ^^^^^^^^^^^^^^^
  File "C:\Users\ywcho\AppData\Local\Programs\Python\Python311\Lib\site-packages\sklearn\metrics\_scorer.py", line 350, in _score
    return self._sign * self._score_func(y_true, y_pred, **scoring_kwargs)
                        ^^^^^^^^^^^^^^^^^^^^^^^^^^^^^^^^^^^^^^^^^^^^^^^^^^
  File "C:\Users\ywcho\AppData\Local\Programs\Python\Python311\Lib\site-packages\pycaret\internal\metrics.py", line 144, in __call__
    return self.score_func(y_true, y_pred, **kwargs)
           ^^^^^^^^^^^^^^^^^^^^^^^^^^^^^^^^^^^^^^^^^
  File "C:\Users\ywcho\AppData\Local\Programs\Python\Python311\Lib\site-packages\sklearn\utils\_param_validation.py", line 213, in wrapper
    return func(*args, **kwargs)
           ^^^^^^^^^^^^^^^^^^^^^
  File "C:\Users\ywcho\AppData\Local\Programs\Python\Python311\Lib\site-packages\sklearn\metrics\_ranking.py", line 634, in roc_auc_score
    return _multiclass_roc_auc_score(
           ^^^^^^^^^^^^^^^^^^^^^^^^^^
  File "C:\Users\ywcho\AppData\Local\Programs\Python\Python311\Lib\site-packages\sklearn\metrics\_ranking.py", line 707, in _multiclass_roc_auc_score
    raise ValueError(
ValueError: Target scores need to be probabilities for multiclass roc_auc, i.e. they should sum up to 1.0 over classes

  warnings.warn(

2025-12-04 15:47:10,689:WARNING:C:\Users\ywcho\AppData\Local\Programs\Python\Python311\Lib\site-packages\sklearn\metrics\_classification.py:1561: UserWarning: Note that pos_label (set to 'turkish') is ignored when average != 'binary' (got 'weighted'). You may use labels=[pos_label] to specify a single positive class.
  warnings.warn(

2025-12-04 15:47:10,690:WARNING:C:\Users\ywcho\AppData\Local\Programs\Python\Python311\Lib\site-packages\sklearn\metrics\_classification.py:1561: UserWarning: Note that pos_label (set to 'turkish') is ignored when average != 'binary' (got 'weighted'). You may use labels=[pos_label] to specify a single positive class.
  warnings.warn(

2025-12-04 15:47:10,690:WARNING:C:\Users\ywcho\AppData\Local\Programs\Python\Python311\Lib\site-packages\sklearn\metrics\_classification.py:1561: UserWarning: Note that pos_label (set to 'turkish') is ignored when average != 'binary' (got 'weighted'). You may use labels=[pos_label] to specify a single positive class.
  warnings.warn(

2025-12-04 15:47:10,692:WARNING:C:\Users\ywcho\AppData\Local\Programs\Python\Python311\Lib\site-packages\sklearn\metrics\_classification.py:1561: UserWarning: Note that pos_label (set to 'turkish') is ignored when average != 'binary' (got 'weighted'). You may use labels=[pos_label] to specify a single positive class.
  warnings.warn(

2025-12-04 15:47:10,692:WARNING:C:\Users\ywcho\AppData\Local\Programs\Python\Python311\Lib\site-packages\pycaret\internal\metrics.py:204: FitFailedWarning: Metric 'make_scorer(roc_auc_score, response_method=('decision_function', 'predict_proba'), average=weighted, multi_class=ovr)' failed and error score 0.0 has been returned instead. If this is a custom metric, this usually means that the error is in the metric code. Full exception below:
Traceback (most recent call last):
  File "C:\Users\ywcho\AppData\Local\Programs\Python\Python311\Lib\site-packages\pycaret\internal\metrics.py", line 196, in _score
    return super()._score(
           ^^^^^^^^^^^^^^^
  File "C:\Users\ywcho\AppData\Local\Programs\Python\Python311\Lib\site-packages\sklearn\metrics\_scorer.py", line 350, in _score
    return self._sign * self._score_func(y_true, y_pred, **scoring_kwargs)
                        ^^^^^^^^^^^^^^^^^^^^^^^^^^^^^^^^^^^^^^^^^^^^^^^^^^
  File "C:\Users\ywcho\AppData\Local\Programs\Python\Python311\Lib\site-packages\pycaret\internal\metrics.py", line 144, in __call__
    return self.score_func(y_true, y_pred, **kwargs)
           ^^^^^^^^^^^^^^^^^^^^^^^^^^^^^^^^^^^^^^^^^
  File "C:\Users\ywcho\AppData\Local\Programs\Python\Python311\Lib\site-packages\sklearn\utils\_param_validation.py", line 213, in wrapper
    return func(*args, **kwargs)
           ^^^^^^^^^^^^^^^^^^^^^
  File "C:\Users\ywcho\AppData\Local\Programs\Python\Python311\Lib\site-packages\sklearn\metrics\_ranking.py", line 634, in roc_auc_score
    return _multiclass_roc_auc_score(
           ^^^^^^^^^^^^^^^^^^^^^^^^^^
  File "C:\Users\ywcho\AppData\Local\Programs\Python\Python311\Lib\site-packages\sklearn\metrics\_ranking.py", line 707, in _multiclass_roc_auc_score
    raise ValueError(
ValueError: Target scores need to be probabilities for multiclass roc_auc, i.e. they should sum up to 1.0 over classes

  warnings.warn(

2025-12-04 15:47:10,695:WARNING:C:\Users\ywcho\AppData\Local\Programs\Python\Python311\Lib\site-packages\sklearn\metrics\_classification.py:1561: UserWarning: Note that pos_label (set to 'turkish') is ignored when average != 'binary' (got 'weighted'). You may use labels=[pos_label] to specify a single positive class.
  warnings.warn(

2025-12-04 15:47:10,701:WARNING:C:\Users\ywcho\AppData\Local\Programs\Python\Python311\Lib\site-packages\sklearn\metrics\_classification.py:1561: UserWarning: Note that pos_label (set to 'turkish') is ignored when average != 'binary' (got 'weighted'). You may use labels=[pos_label] to specify a single positive class.
  warnings.warn(

2025-12-04 15:47:10,703:WARNING:C:\Users\ywcho\AppData\Local\Programs\Python\Python311\Lib\site-packages\sklearn\metrics\_classification.py:1561: UserWarning: Note that pos_label (set to 'turkish') is ignored when average != 'binary' (got 'weighted'). You may use labels=[pos_label] to specify a single positive class.
  warnings.warn(

2025-12-04 15:47:10,704:WARNING:C:\Users\ywcho\AppData\Local\Programs\Python\Python311\Lib\site-packages\sklearn\metrics\_classification.py:1561: UserWarning: Note that pos_label (set to 'turkish') is ignored when average != 'binary' (got 'weighted'). You may use labels=[pos_label] to specify a single positive class.
  warnings.warn(

2025-12-04 15:47:10,708:WARNING:C:\Users\ywcho\AppData\Local\Programs\Python\Python311\Lib\site-packages\sklearn\metrics\_classification.py:1561: UserWarning: Note that pos_label (set to 'turkish') is ignored when average != 'binary' (got 'weighted'). You may use labels=[pos_label] to specify a single positive class.
  warnings.warn(

2025-12-04 15:47:10,710:WARNING:C:\Users\ywcho\AppData\Local\Programs\Python\Python311\Lib\site-packages\sklearn\metrics\_classification.py:1561: UserWarning: Note that pos_label (set to 'turkish') is ignored when average != 'binary' (got 'weighted'). You may use labels=[pos_label] to specify a single positive class.
  warnings.warn(

2025-12-04 15:47:10,711:WARNING:C:\Users\ywcho\AppData\Local\Programs\Python\Python311\Lib\site-packages\sklearn\metrics\_classification.py:1561: UserWarning: Note that pos_label (set to 'turkish') is ignored when average != 'binary' (got 'weighted'). You may use labels=[pos_label] to specify a single positive class.
  warnings.warn(

2025-12-04 15:47:10,718:WARNING:C:\Users\ywcho\AppData\Local\Programs\Python\Python311\Lib\site-packages\pycaret\internal\metrics.py:204: FitFailedWarning: Metric 'make_scorer(roc_auc_score, response_method=('decision_function', 'predict_proba'), average=weighted, multi_class=ovr)' failed and error score 0.0 has been returned instead. If this is a custom metric, this usually means that the error is in the metric code. Full exception below:
Traceback (most recent call last):
  File "C:\Users\ywcho\AppData\Local\Programs\Python\Python311\Lib\site-packages\pycaret\internal\metrics.py", line 196, in _score
    return super()._score(
           ^^^^^^^^^^^^^^^
  File "C:\Users\ywcho\AppData\Local\Programs\Python\Python311\Lib\site-packages\sklearn\metrics\_scorer.py", line 350, in _score
    return self._sign * self._score_func(y_true, y_pred, **scoring_kwargs)
                        ^^^^^^^^^^^^^^^^^^^^^^^^^^^^^^^^^^^^^^^^^^^^^^^^^^
  File "C:\Users\ywcho\AppData\Local\Programs\Python\Python311\Lib\site-packages\pycaret\internal\metrics.py", line 144, in __call__
    return self.score_func(y_true, y_pred, **kwargs)
           ^^^^^^^^^^^^^^^^^^^^^^^^^^^^^^^^^^^^^^^^^
  File "C:\Users\ywcho\AppData\Local\Programs\Python\Python311\Lib\site-packages\sklearn\utils\_param_validation.py", line 213, in wrapper
    return func(*args, **kwargs)
           ^^^^^^^^^^^^^^^^^^^^^
  File "C:\Users\ywcho\AppData\Local\Programs\Python\Python311\Lib\site-packages\sklearn\metrics\_ranking.py", line 634, in roc_auc_score
    return _multiclass_roc_auc_score(
           ^^^^^^^^^^^^^^^^^^^^^^^^^^
  File "C:\Users\ywcho\AppData\Local\Programs\Python\Python311\Lib\site-packages\sklearn\metrics\_ranking.py", line 707, in _multiclass_roc_auc_score
    raise ValueError(
ValueError: Target scores need to be probabilities for multiclass roc_auc, i.e. they should sum up to 1.0 over classes

  warnings.warn(

2025-12-04 15:47:10,719:WARNING:C:\Users\ywcho\AppData\Local\Programs\Python\Python311\Lib\site-packages\sklearn\metrics\_classification.py:1561: UserWarning: Note that pos_label (set to 'turkish') is ignored when average != 'binary' (got 'weighted'). You may use labels=[pos_label] to specify a single positive class.
  warnings.warn(

2025-12-04 15:47:10,720:WARNING:C:\Users\ywcho\AppData\Local\Programs\Python\Python311\Lib\site-packages\sklearn\metrics\_classification.py:1561: UserWarning: Note that pos_label (set to 'turkish') is ignored when average != 'binary' (got 'weighted'). You may use labels=[pos_label] to specify a single positive class.
  warnings.warn(

2025-12-04 15:47:10,721:WARNING:C:\Users\ywcho\AppData\Local\Programs\Python\Python311\Lib\site-packages\pycaret\internal\metrics.py:204: FitFailedWarning: Metric 'make_scorer(roc_auc_score, response_method=('decision_function', 'predict_proba'), average=weighted, multi_class=ovr)' failed and error score 0.0 has been returned instead. If this is a custom metric, this usually means that the error is in the metric code. Full exception below:
Traceback (most recent call last):
  File "C:\Users\ywcho\AppData\Local\Programs\Python\Python311\Lib\site-packages\pycaret\internal\metrics.py", line 196, in _score
    return super()._score(
           ^^^^^^^^^^^^^^^
  File "C:\Users\ywcho\AppData\Local\Programs\Python\Python311\Lib\site-packages\sklearn\metrics\_scorer.py", line 350, in _score
    return self._sign * self._score_func(y_true, y_pred, **scoring_kwargs)
                        ^^^^^^^^^^^^^^^^^^^^^^^^^^^^^^^^^^^^^^^^^^^^^^^^^^
  File "C:\Users\ywcho\AppData\Local\Programs\Python\Python311\Lib\site-packages\pycaret\internal\metrics.py", line 144, in __call__
    return self.score_func(y_true, y_pred, **kwargs)
           ^^^^^^^^^^^^^^^^^^^^^^^^^^^^^^^^^^^^^^^^^
  File "C:\Users\ywcho\AppData\Local\Programs\Python\Python311\Lib\site-packages\sklearn\utils\_param_validation.py", line 213, in wrapper
    return func(*args, **kwargs)
           ^^^^^^^^^^^^^^^^^^^^^
  File "C:\Users\ywcho\AppData\Local\Programs\Python\Python311\Lib\site-packages\sklearn\metrics\_ranking.py", line 634, in roc_auc_score
    return _multiclass_roc_auc_score(
           ^^^^^^^^^^^^^^^^^^^^^^^^^^
  File "C:\Users\ywcho\AppData\Local\Programs\Python\Python311\Lib\site-packages\sklearn\metrics\_ranking.py", line 707, in _multiclass_roc_auc_score
    raise ValueError(
ValueError: Target scores need to be probabilities for multiclass roc_auc, i.e. they should sum up to 1.0 over classes

  warnings.warn(

2025-12-04 15:47:10,722:WARNING:C:\Users\ywcho\AppData\Local\Programs\Python\Python311\Lib\site-packages\sklearn\metrics\_classification.py:1561: UserWarning: Note that pos_label (set to 'turkish') is ignored when average != 'binary' (got 'weighted'). You may use labels=[pos_label] to specify a single positive class.
  warnings.warn(

2025-12-04 15:47:10,724:WARNING:C:\Users\ywcho\AppData\Local\Programs\Python\Python311\Lib\site-packages\pycaret\internal\metrics.py:204: FitFailedWarning: Metric 'make_scorer(roc_auc_score, response_method=('decision_function', 'predict_proba'), average=weighted, multi_class=ovr)' failed and error score 0.0 has been returned instead. If this is a custom metric, this usually means that the error is in the metric code. Full exception below:
Traceback (most recent call last):
  File "C:\Users\ywcho\AppData\Local\Programs\Python\Python311\Lib\site-packages\pycaret\internal\metrics.py", line 196, in _score
    return super()._score(
           ^^^^^^^^^^^^^^^
  File "C:\Users\ywcho\AppData\Local\Programs\Python\Python311\Lib\site-packages\sklearn\metrics\_scorer.py", line 350, in _score
    return self._sign * self._score_func(y_true, y_pred, **scoring_kwargs)
                        ^^^^^^^^^^^^^^^^^^^^^^^^^^^^^^^^^^^^^^^^^^^^^^^^^^
  File "C:\Users\ywcho\AppData\Local\Programs\Python\Python311\Lib\site-packages\pycaret\internal\metrics.py", line 144, in __call__
    return self.score_func(y_true, y_pred, **kwargs)
           ^^^^^^^^^^^^^^^^^^^^^^^^^^^^^^^^^^^^^^^^^
  File "C:\Users\ywcho\AppData\Local\Programs\Python\Python311\Lib\site-packages\sklearn\utils\_param_validation.py", line 213, in wrapper
    return func(*args, **kwargs)
           ^^^^^^^^^^^^^^^^^^^^^
  File "C:\Users\ywcho\AppData\Local\Programs\Python\Python311\Lib\site-packages\sklearn\metrics\_ranking.py", line 634, in roc_auc_score
    return _multiclass_roc_auc_score(
           ^^^^^^^^^^^^^^^^^^^^^^^^^^
  File "C:\Users\ywcho\AppData\Local\Programs\Python\Python311\Lib\site-packages\sklearn\metrics\_ranking.py", line 707, in _multiclass_roc_auc_score
    raise ValueError(
ValueError: Target scores need to be probabilities for multiclass roc_auc, i.e. they should sum up to 1.0 over classes

  warnings.warn(

2025-12-04 15:47:10,725:WARNING:C:\Users\ywcho\AppData\Local\Programs\Python\Python311\Lib\site-packages\sklearn\metrics\_classification.py:1561: UserWarning: Note that pos_label (set to 'turkish') is ignored when average != 'binary' (got 'weighted'). You may use labels=[pos_label] to specify a single positive class.
  warnings.warn(

2025-12-04 15:47:10,727:WARNING:C:\Users\ywcho\AppData\Local\Programs\Python\Python311\Lib\site-packages\sklearn\metrics\_classification.py:1561: UserWarning: Note that pos_label (set to 'turkish') is ignored when average != 'binary' (got 'weighted'). You may use labels=[pos_label] to specify a single positive class.
  warnings.warn(

2025-12-04 15:47:10,728:WARNING:C:\Users\ywcho\AppData\Local\Programs\Python\Python311\Lib\site-packages\sklearn\metrics\_classification.py:1561: UserWarning: Note that pos_label (set to 'turkish') is ignored when average != 'binary' (got 'weighted'). You may use labels=[pos_label] to specify a single positive class.
  warnings.warn(

2025-12-04 15:47:10,728:WARNING:C:\Users\ywcho\AppData\Local\Programs\Python\Python311\Lib\site-packages\sklearn\metrics\_classification.py:1561: UserWarning: Note that pos_label (set to 'turkish') is ignored when average != 'binary' (got 'weighted'). You may use labels=[pos_label] to specify a single positive class.
  warnings.warn(

2025-12-04 15:47:10,730:WARNING:C:\Users\ywcho\AppData\Local\Programs\Python\Python311\Lib\site-packages\sklearn\metrics\_classification.py:1561: UserWarning: Note that pos_label (set to 'turkish') is ignored when average != 'binary' (got 'weighted'). You may use labels=[pos_label] to specify a single positive class.
  warnings.warn(

2025-12-04 15:47:10,731:WARNING:C:\Users\ywcho\AppData\Local\Programs\Python\Python311\Lib\site-packages\pycaret\internal\metrics.py:204: FitFailedWarning: Metric 'make_scorer(roc_auc_score, response_method=('decision_function', 'predict_proba'), average=weighted, multi_class=ovr)' failed and error score 0.0 has been returned instead. If this is a custom metric, this usually means that the error is in the metric code. Full exception below:
Traceback (most recent call last):
  File "C:\Users\ywcho\AppData\Local\Programs\Python\Python311\Lib\site-packages\pycaret\internal\metrics.py", line 196, in _score
    return super()._score(
           ^^^^^^^^^^^^^^^
  File "C:\Users\ywcho\AppData\Local\Programs\Python\Python311\Lib\site-packages\sklearn\metrics\_scorer.py", line 350, in _score
    return self._sign * self._score_func(y_true, y_pred, **scoring_kwargs)
                        ^^^^^^^^^^^^^^^^^^^^^^^^^^^^^^^^^^^^^^^^^^^^^^^^^^
  File "C:\Users\ywcho\AppData\Local\Programs\Python\Python311\Lib\site-packages\pycaret\internal\metrics.py", line 144, in __call__
    return self.score_func(y_true, y_pred, **kwargs)
           ^^^^^^^^^^^^^^^^^^^^^^^^^^^^^^^^^^^^^^^^^
  File "C:\Users\ywcho\AppData\Local\Programs\Python\Python311\Lib\site-packages\sklearn\utils\_param_validation.py", line 213, in wrapper
    return func(*args, **kwargs)
           ^^^^^^^^^^^^^^^^^^^^^
  File "C:\Users\ywcho\AppData\Local\Programs\Python\Python311\Lib\site-packages\sklearn\metrics\_ranking.py", line 634, in roc_auc_score
    return _multiclass_roc_auc_score(
           ^^^^^^^^^^^^^^^^^^^^^^^^^^
  File "C:\Users\ywcho\AppData\Local\Programs\Python\Python311\Lib\site-packages\sklearn\metrics\_ranking.py", line 707, in _multiclass_roc_auc_score
    raise ValueError(
ValueError: Target scores need to be probabilities for multiclass roc_auc, i.e. they should sum up to 1.0 over classes

  warnings.warn(

2025-12-04 15:47:10,732:WARNING:C:\Users\ywcho\AppData\Local\Programs\Python\Python311\Lib\site-packages\sklearn\metrics\_classification.py:1561: UserWarning: Note that pos_label (set to 'turkish') is ignored when average != 'binary' (got 'weighted'). You may use labels=[pos_label] to specify a single positive class.
  warnings.warn(

2025-12-04 15:47:10,737:WARNING:C:\Users\ywcho\AppData\Local\Programs\Python\Python311\Lib\site-packages\sklearn\metrics\_classification.py:1561: UserWarning: Note that pos_label (set to 'turkish') is ignored when average != 'binary' (got 'weighted'). You may use labels=[pos_label] to specify a single positive class.
  warnings.warn(

2025-12-04 15:47:10,738:WARNING:C:\Users\ywcho\AppData\Local\Programs\Python\Python311\Lib\site-packages\sklearn\metrics\_classification.py:1561: UserWarning: Note that pos_label (set to 'turkish') is ignored when average != 'binary' (got 'weighted'). You may use labels=[pos_label] to specify a single positive class.
  warnings.warn(

2025-12-04 15:47:10,740:WARNING:C:\Users\ywcho\AppData\Local\Programs\Python\Python311\Lib\site-packages\sklearn\metrics\_classification.py:1561: UserWarning: Note that pos_label (set to 'turkish') is ignored when average != 'binary' (got 'weighted'). You may use labels=[pos_label] to specify a single positive class.
  warnings.warn(

2025-12-04 15:47:10,747:WARNING:C:\Users\ywcho\AppData\Local\Programs\Python\Python311\Lib\site-packages\sklearn\metrics\_classification.py:1561: UserWarning: Note that pos_label (set to 'turkish') is ignored when average != 'binary' (got 'weighted'). You may use labels=[pos_label] to specify a single positive class.
  warnings.warn(

2025-12-04 15:47:10,747:WARNING:C:\Users\ywcho\AppData\Local\Programs\Python\Python311\Lib\site-packages\sklearn\metrics\_classification.py:1561: UserWarning: Note that pos_label (set to 'turkish') is ignored when average != 'binary' (got 'weighted'). You may use labels=[pos_label] to specify a single positive class.
  warnings.warn(

2025-12-04 15:47:10,751:WARNING:C:\Users\ywcho\AppData\Local\Programs\Python\Python311\Lib\site-packages\sklearn\metrics\_classification.py:1561: UserWarning: Note that pos_label (set to 'turkish') is ignored when average != 'binary' (got 'weighted'). You may use labels=[pos_label] to specify a single positive class.
  warnings.warn(

2025-12-04 15:47:10,757:WARNING:C:\Users\ywcho\AppData\Local\Programs\Python\Python311\Lib\site-packages\sklearn\metrics\_classification.py:1561: UserWarning: Note that pos_label (set to 'turkish') is ignored when average != 'binary' (got 'weighted'). You may use labels=[pos_label] to specify a single positive class.
  warnings.warn(

2025-12-04 15:47:10,759:WARNING:C:\Users\ywcho\AppData\Local\Programs\Python\Python311\Lib\site-packages\sklearn\metrics\_classification.py:1561: UserWarning: Note that pos_label (set to 'turkish') is ignored when average != 'binary' (got 'weighted'). You may use labels=[pos_label] to specify a single positive class.
  warnings.warn(

2025-12-04 15:47:10,759:WARNING:C:\Users\ywcho\AppData\Local\Programs\Python\Python311\Lib\site-packages\sklearn\metrics\_classification.py:1561: UserWarning: Note that pos_label (set to 'turkish') is ignored when average != 'binary' (got 'weighted'). You may use labels=[pos_label] to specify a single positive class.
  warnings.warn(

2025-12-04 15:47:10,769:WARNING:C:\Users\ywcho\AppData\Local\Programs\Python\Python311\Lib\site-packages\sklearn\metrics\_classification.py:1561: UserWarning: Note that pos_label (set to 'turkish') is ignored when average != 'binary' (got 'weighted'). You may use labels=[pos_label] to specify a single positive class.
  warnings.warn(

2025-12-04 15:47:10,788:INFO:Calculating mean and std
2025-12-04 15:47:10,788:INFO:Creating metrics dataframe
2025-12-04 15:47:10,790:INFO:Uploading results into container
2025-12-04 15:47:10,790:INFO:Uploading model into container now
2025-12-04 15:47:10,790:INFO:_master_model_container: 8
2025-12-04 15:47:10,790:INFO:_display_container: 2
2025-12-04 15:47:10,790:INFO:QuadraticDiscriminantAnalysis(priors=None, reg_param=0.0,
                              store_covariance=False, tol=0.0001)
2025-12-04 15:47:10,790:INFO:create_model() successfully completed......................................
2025-12-04 15:47:10,892:INFO:SubProcess create_model() end ==================================
2025-12-04 15:47:10,892:INFO:Creating metrics dataframe
2025-12-04 15:47:10,892:INFO:Initializing Ada Boost Classifier
2025-12-04 15:47:10,892:INFO:Total runtime is 0.45112061500549316 minutes
2025-12-04 15:47:10,892:INFO:SubProcess create_model() called ==================================
2025-12-04 15:47:10,892:INFO:Initializing create_model()
2025-12-04 15:47:10,892:INFO:create_model(self=<pycaret.classification.oop.ClassificationExperiment object at 0x000001E83DF7F610>, estimator=ada, fold=StratifiedKFold(n_splits=10, random_state=None, shuffle=False), round=4, cross_validation=True, predict=True, fit_kwargs={}, groups=None, refit=False, probability_threshold=None, experiment_custom_tags=None, verbose=False, system=False, add_to_model_list=True, metrics=None, display=<pycaret.internal.display.display.CommonDisplay object at 0x000001E879341450>, model_only=True, return_train_score=False, error_score=0.0, kwargs={})
2025-12-04 15:47:10,892:INFO:Checking exceptions
2025-12-04 15:47:10,892:INFO:Importing libraries
2025-12-04 15:47:10,892:INFO:Copying training dataset
2025-12-04 15:47:10,908:INFO:Defining folds
2025-12-04 15:47:10,908:INFO:Declaring metric variables
2025-12-04 15:47:10,908:INFO:Importing untrained model
2025-12-04 15:47:10,908:INFO:Ada Boost Classifier Imported successfully
2025-12-04 15:47:10,908:INFO:Starting cross validation
2025-12-04 15:47:10,912:INFO:Cross validating with StratifiedKFold(n_splits=10, random_state=None, shuffle=False), n_jobs=-1
2025-12-04 15:47:11,200:WARNING:C:\Users\ywcho\AppData\Local\Programs\Python\Python311\Lib\site-packages\numpy\core\_methods.py:187: RuntimeWarning: overflow encountered in reduce
  ret = umr_sum(x, axis, dtype, out, keepdims=keepdims, where=where)

2025-12-04 15:47:11,222:WARNING:C:\Users\ywcho\AppData\Local\Programs\Python\Python311\Lib\site-packages\numpy\core\_methods.py:187: RuntimeWarning: overflow encountered in reduce
  ret = umr_sum(x, axis, dtype, out, keepdims=keepdims, where=where)

2025-12-04 15:47:11,227:WARNING:C:\Users\ywcho\AppData\Local\Programs\Python\Python311\Lib\site-packages\numpy\core\_methods.py:187: RuntimeWarning: overflow encountered in reduce
  ret = umr_sum(x, axis, dtype, out, keepdims=keepdims, where=where)

2025-12-04 15:47:11,227:WARNING:C:\Users\ywcho\AppData\Local\Programs\Python\Python311\Lib\site-packages\numpy\core\_methods.py:187: RuntimeWarning: overflow encountered in reduce
  ret = umr_sum(x, axis, dtype, out, keepdims=keepdims, where=where)

2025-12-04 15:47:11,236:WARNING:C:\Users\ywcho\AppData\Local\Programs\Python\Python311\Lib\site-packages\numpy\core\_methods.py:187: RuntimeWarning: overflow encountered in reduce
  ret = umr_sum(x, axis, dtype, out, keepdims=keepdims, where=where)

2025-12-04 15:47:11,236:WARNING:C:\Users\ywcho\AppData\Local\Programs\Python\Python311\Lib\site-packages\numpy\core\_methods.py:187: RuntimeWarning: overflow encountered in reduce
  ret = umr_sum(x, axis, dtype, out, keepdims=keepdims, where=where)

2025-12-04 15:47:11,244:WARNING:C:\Users\ywcho\AppData\Local\Programs\Python\Python311\Lib\site-packages\numpy\core\_methods.py:187: RuntimeWarning: overflow encountered in reduce
  ret = umr_sum(x, axis, dtype, out, keepdims=keepdims, where=where)

2025-12-04 15:47:11,244:WARNING:C:\Users\ywcho\AppData\Local\Programs\Python\Python311\Lib\site-packages\sklearn\ensemble\_weight_boosting.py:519: FutureWarning: The SAMME.R algorithm (the default) is deprecated and will be removed in 1.6. Use the SAMME algorithm to circumvent this warning.
  warnings.warn(

2025-12-04 15:47:11,249:WARNING:C:\Users\ywcho\AppData\Local\Programs\Python\Python311\Lib\site-packages\numpy\core\_methods.py:187: RuntimeWarning: overflow encountered in reduce
  ret = umr_sum(x, axis, dtype, out, keepdims=keepdims, where=where)

2025-12-04 15:47:11,260:WARNING:C:\Users\ywcho\AppData\Local\Programs\Python\Python311\Lib\site-packages\numpy\core\_methods.py:187: RuntimeWarning: overflow encountered in reduce
  ret = umr_sum(x, axis, dtype, out, keepdims=keepdims, where=where)

2025-12-04 15:47:11,260:WARNING:C:\Users\ywcho\AppData\Local\Programs\Python\Python311\Lib\site-packages\numpy\core\_methods.py:187: RuntimeWarning: overflow encountered in reduce
  ret = umr_sum(x, axis, dtype, out, keepdims=keepdims, where=where)

2025-12-04 15:47:11,263:WARNING:C:\Users\ywcho\AppData\Local\Programs\Python\Python311\Lib\site-packages\sklearn\ensemble\_weight_boosting.py:519: FutureWarning: The SAMME.R algorithm (the default) is deprecated and will be removed in 1.6. Use the SAMME algorithm to circumvent this warning.
  warnings.warn(

2025-12-04 15:47:11,265:WARNING:C:\Users\ywcho\AppData\Local\Programs\Python\Python311\Lib\site-packages\sklearn\ensemble\_weight_boosting.py:519: FutureWarning: The SAMME.R algorithm (the default) is deprecated and will be removed in 1.6. Use the SAMME algorithm to circumvent this warning.
  warnings.warn(

2025-12-04 15:47:11,275:WARNING:C:\Users\ywcho\AppData\Local\Programs\Python\Python311\Lib\site-packages\sklearn\ensemble\_weight_boosting.py:519: FutureWarning: The SAMME.R algorithm (the default) is deprecated and will be removed in 1.6. Use the SAMME algorithm to circumvent this warning.
  warnings.warn(

2025-12-04 15:47:11,279:WARNING:C:\Users\ywcho\AppData\Local\Programs\Python\Python311\Lib\site-packages\sklearn\ensemble\_weight_boosting.py:519: FutureWarning: The SAMME.R algorithm (the default) is deprecated and will be removed in 1.6. Use the SAMME algorithm to circumvent this warning.
  warnings.warn(

2025-12-04 15:47:11,285:WARNING:C:\Users\ywcho\AppData\Local\Programs\Python\Python311\Lib\site-packages\sklearn\ensemble\_weight_boosting.py:519: FutureWarning: The SAMME.R algorithm (the default) is deprecated and will be removed in 1.6. Use the SAMME algorithm to circumvent this warning.
  warnings.warn(

2025-12-04 15:47:11,288:WARNING:C:\Users\ywcho\AppData\Local\Programs\Python\Python311\Lib\site-packages\sklearn\ensemble\_weight_boosting.py:519: FutureWarning: The SAMME.R algorithm (the default) is deprecated and will be removed in 1.6. Use the SAMME algorithm to circumvent this warning.
  warnings.warn(

2025-12-04 15:47:11,298:WARNING:C:\Users\ywcho\AppData\Local\Programs\Python\Python311\Lib\site-packages\sklearn\ensemble\_weight_boosting.py:519: FutureWarning: The SAMME.R algorithm (the default) is deprecated and will be removed in 1.6. Use the SAMME algorithm to circumvent this warning.
  warnings.warn(

2025-12-04 15:47:11,308:WARNING:C:\Users\ywcho\AppData\Local\Programs\Python\Python311\Lib\site-packages\sklearn\ensemble\_weight_boosting.py:519: FutureWarning: The SAMME.R algorithm (the default) is deprecated and will be removed in 1.6. Use the SAMME algorithm to circumvent this warning.
  warnings.warn(

2025-12-04 15:47:11,312:WARNING:C:\Users\ywcho\AppData\Local\Programs\Python\Python311\Lib\site-packages\sklearn\ensemble\_weight_boosting.py:519: FutureWarning: The SAMME.R algorithm (the default) is deprecated and will be removed in 1.6. Use the SAMME algorithm to circumvent this warning.
  warnings.warn(

2025-12-04 15:47:15,251:WARNING:C:\Users\ywcho\AppData\Local\Programs\Python\Python311\Lib\site-packages\pycaret\internal\metrics.py:204: FitFailedWarning: Metric 'make_scorer(roc_auc_score, response_method=('decision_function', 'predict_proba'), average=weighted, multi_class=ovr)' failed and error score 0.0 has been returned instead. If this is a custom metric, this usually means that the error is in the metric code. Full exception below:
Traceback (most recent call last):
  File "C:\Users\ywcho\AppData\Local\Programs\Python\Python311\Lib\site-packages\pycaret\internal\metrics.py", line 196, in _score
    return super()._score(
           ^^^^^^^^^^^^^^^
  File "C:\Users\ywcho\AppData\Local\Programs\Python\Python311\Lib\site-packages\sklearn\metrics\_scorer.py", line 350, in _score
    return self._sign * self._score_func(y_true, y_pred, **scoring_kwargs)
                        ^^^^^^^^^^^^^^^^^^^^^^^^^^^^^^^^^^^^^^^^^^^^^^^^^^
  File "C:\Users\ywcho\AppData\Local\Programs\Python\Python311\Lib\site-packages\pycaret\internal\metrics.py", line 144, in __call__
    return self.score_func(y_true, y_pred, **kwargs)
           ^^^^^^^^^^^^^^^^^^^^^^^^^^^^^^^^^^^^^^^^^
  File "C:\Users\ywcho\AppData\Local\Programs\Python\Python311\Lib\site-packages\sklearn\utils\_param_validation.py", line 213, in wrapper
    return func(*args, **kwargs)
           ^^^^^^^^^^^^^^^^^^^^^
  File "C:\Users\ywcho\AppData\Local\Programs\Python\Python311\Lib\site-packages\sklearn\metrics\_ranking.py", line 634, in roc_auc_score
    return _multiclass_roc_auc_score(
           ^^^^^^^^^^^^^^^^^^^^^^^^^^
  File "C:\Users\ywcho\AppData\Local\Programs\Python\Python311\Lib\site-packages\sklearn\metrics\_ranking.py", line 707, in _multiclass_roc_auc_score
    raise ValueError(
ValueError: Target scores need to be probabilities for multiclass roc_auc, i.e. they should sum up to 1.0 over classes

  warnings.warn(

2025-12-04 15:47:15,261:WARNING:C:\Users\ywcho\AppData\Local\Programs\Python\Python311\Lib\site-packages\sklearn\metrics\_classification.py:1561: UserWarning: Note that pos_label (set to 'turkish') is ignored when average != 'binary' (got 'weighted'). You may use labels=[pos_label] to specify a single positive class.
  warnings.warn(

2025-12-04 15:47:15,288:WARNING:C:\Users\ywcho\AppData\Local\Programs\Python\Python311\Lib\site-packages\sklearn\metrics\_classification.py:1561: UserWarning: Note that pos_label (set to 'turkish') is ignored when average != 'binary' (got 'weighted'). You may use labels=[pos_label] to specify a single positive class.
  warnings.warn(

2025-12-04 15:47:15,302:WARNING:C:\Users\ywcho\AppData\Local\Programs\Python\Python311\Lib\site-packages\sklearn\metrics\_classification.py:1509: UndefinedMetricWarning: Precision is ill-defined and being set to 0.0 in labels with no predicted samples. Use `zero_division` parameter to control this behavior.
  _warn_prf(average, modifier, f"{metric.capitalize()} is", len(result))

2025-12-04 15:47:15,312:WARNING:C:\Users\ywcho\AppData\Local\Programs\Python\Python311\Lib\site-packages\sklearn\metrics\_classification.py:1561: UserWarning: Note that pos_label (set to 'turkish') is ignored when average != 'binary' (got 'weighted'). You may use labels=[pos_label] to specify a single positive class.
  warnings.warn(

2025-12-04 15:47:15,358:WARNING:C:\Users\ywcho\AppData\Local\Programs\Python\Python311\Lib\site-packages\pycaret\internal\metrics.py:204: FitFailedWarning: Metric 'make_scorer(roc_auc_score, response_method=('decision_function', 'predict_proba'), average=weighted, multi_class=ovr)' failed and error score 0.0 has been returned instead. If this is a custom metric, this usually means that the error is in the metric code. Full exception below:
Traceback (most recent call last):
  File "C:\Users\ywcho\AppData\Local\Programs\Python\Python311\Lib\site-packages\pycaret\internal\metrics.py", line 196, in _score
    return super()._score(
           ^^^^^^^^^^^^^^^
  File "C:\Users\ywcho\AppData\Local\Programs\Python\Python311\Lib\site-packages\sklearn\metrics\_scorer.py", line 350, in _score
    return self._sign * self._score_func(y_true, y_pred, **scoring_kwargs)
                        ^^^^^^^^^^^^^^^^^^^^^^^^^^^^^^^^^^^^^^^^^^^^^^^^^^
  File "C:\Users\ywcho\AppData\Local\Programs\Python\Python311\Lib\site-packages\pycaret\internal\metrics.py", line 144, in __call__
    return self.score_func(y_true, y_pred, **kwargs)
           ^^^^^^^^^^^^^^^^^^^^^^^^^^^^^^^^^^^^^^^^^
  File "C:\Users\ywcho\AppData\Local\Programs\Python\Python311\Lib\site-packages\sklearn\utils\_param_validation.py", line 213, in wrapper
    return func(*args, **kwargs)
           ^^^^^^^^^^^^^^^^^^^^^
  File "C:\Users\ywcho\AppData\Local\Programs\Python\Python311\Lib\site-packages\sklearn\metrics\_ranking.py", line 634, in roc_auc_score
    return _multiclass_roc_auc_score(
           ^^^^^^^^^^^^^^^^^^^^^^^^^^
  File "C:\Users\ywcho\AppData\Local\Programs\Python\Python311\Lib\site-packages\sklearn\metrics\_ranking.py", line 707, in _multiclass_roc_auc_score
    raise ValueError(
ValueError: Target scores need to be probabilities for multiclass roc_auc, i.e. they should sum up to 1.0 over classes

  warnings.warn(

2025-12-04 15:47:15,366:WARNING:C:\Users\ywcho\AppData\Local\Programs\Python\Python311\Lib\site-packages\sklearn\metrics\_classification.py:1561: UserWarning: Note that pos_label (set to 'turkish') is ignored when average != 'binary' (got 'weighted'). You may use labels=[pos_label] to specify a single positive class.
  warnings.warn(

2025-12-04 15:47:15,374:WARNING:C:\Users\ywcho\AppData\Local\Programs\Python\Python311\Lib\site-packages\pycaret\internal\metrics.py:204: FitFailedWarning: Metric 'make_scorer(roc_auc_score, response_method=('decision_function', 'predict_proba'), average=weighted, multi_class=ovr)' failed and error score 0.0 has been returned instead. If this is a custom metric, this usually means that the error is in the metric code. Full exception below:
Traceback (most recent call last):
  File "C:\Users\ywcho\AppData\Local\Programs\Python\Python311\Lib\site-packages\pycaret\internal\metrics.py", line 196, in _score
    return super()._score(
           ^^^^^^^^^^^^^^^
  File "C:\Users\ywcho\AppData\Local\Programs\Python\Python311\Lib\site-packages\sklearn\metrics\_scorer.py", line 350, in _score
    return self._sign * self._score_func(y_true, y_pred, **scoring_kwargs)
                        ^^^^^^^^^^^^^^^^^^^^^^^^^^^^^^^^^^^^^^^^^^^^^^^^^^
  File "C:\Users\ywcho\AppData\Local\Programs\Python\Python311\Lib\site-packages\pycaret\internal\metrics.py", line 144, in __call__
    return self.score_func(y_true, y_pred, **kwargs)
           ^^^^^^^^^^^^^^^^^^^^^^^^^^^^^^^^^^^^^^^^^
  File "C:\Users\ywcho\AppData\Local\Programs\Python\Python311\Lib\site-packages\sklearn\utils\_param_validation.py", line 213, in wrapper
    return func(*args, **kwargs)
           ^^^^^^^^^^^^^^^^^^^^^
  File "C:\Users\ywcho\AppData\Local\Programs\Python\Python311\Lib\site-packages\sklearn\metrics\_ranking.py", line 634, in roc_auc_score
    return _multiclass_roc_auc_score(
           ^^^^^^^^^^^^^^^^^^^^^^^^^^
  File "C:\Users\ywcho\AppData\Local\Programs\Python\Python311\Lib\site-packages\sklearn\metrics\_ranking.py", line 707, in _multiclass_roc_auc_score
    raise ValueError(
ValueError: Target scores need to be probabilities for multiclass roc_auc, i.e. they should sum up to 1.0 over classes

  warnings.warn(

2025-12-04 15:47:15,385:WARNING:C:\Users\ywcho\AppData\Local\Programs\Python\Python311\Lib\site-packages\sklearn\metrics\_classification.py:1561: UserWarning: Note that pos_label (set to 'turkish') is ignored when average != 'binary' (got 'weighted'). You may use labels=[pos_label] to specify a single positive class.
  warnings.warn(

2025-12-04 15:47:15,387:WARNING:C:\Users\ywcho\AppData\Local\Programs\Python\Python311\Lib\site-packages\sklearn\metrics\_classification.py:1561: UserWarning: Note that pos_label (set to 'turkish') is ignored when average != 'binary' (got 'weighted'). You may use labels=[pos_label] to specify a single positive class.
  warnings.warn(

2025-12-04 15:47:15,395:WARNING:C:\Users\ywcho\AppData\Local\Programs\Python\Python311\Lib\site-packages\sklearn\metrics\_classification.py:1509: UndefinedMetricWarning: Precision is ill-defined and being set to 0.0 in labels with no predicted samples. Use `zero_division` parameter to control this behavior.
  _warn_prf(average, modifier, f"{metric.capitalize()} is", len(result))

2025-12-04 15:47:15,401:WARNING:C:\Users\ywcho\AppData\Local\Programs\Python\Python311\Lib\site-packages\pycaret\internal\metrics.py:204: FitFailedWarning: Metric 'make_scorer(roc_auc_score, response_method=('decision_function', 'predict_proba'), average=weighted, multi_class=ovr)' failed and error score 0.0 has been returned instead. If this is a custom metric, this usually means that the error is in the metric code. Full exception below:
Traceback (most recent call last):
  File "C:\Users\ywcho\AppData\Local\Programs\Python\Python311\Lib\site-packages\pycaret\internal\metrics.py", line 196, in _score
    return super()._score(
           ^^^^^^^^^^^^^^^
  File "C:\Users\ywcho\AppData\Local\Programs\Python\Python311\Lib\site-packages\sklearn\metrics\_scorer.py", line 350, in _score
    return self._sign * self._score_func(y_true, y_pred, **scoring_kwargs)
                        ^^^^^^^^^^^^^^^^^^^^^^^^^^^^^^^^^^^^^^^^^^^^^^^^^^
  File "C:\Users\ywcho\AppData\Local\Programs\Python\Python311\Lib\site-packages\pycaret\internal\metrics.py", line 144, in __call__
    return self.score_func(y_true, y_pred, **kwargs)
           ^^^^^^^^^^^^^^^^^^^^^^^^^^^^^^^^^^^^^^^^^
  File "C:\Users\ywcho\AppData\Local\Programs\Python\Python311\Lib\site-packages\sklearn\utils\_param_validation.py", line 213, in wrapper
    return func(*args, **kwargs)
           ^^^^^^^^^^^^^^^^^^^^^
  File "C:\Users\ywcho\AppData\Local\Programs\Python\Python311\Lib\site-packages\sklearn\metrics\_ranking.py", line 634, in roc_auc_score
    return _multiclass_roc_auc_score(
           ^^^^^^^^^^^^^^^^^^^^^^^^^^
  File "C:\Users\ywcho\AppData\Local\Programs\Python\Python311\Lib\site-packages\sklearn\metrics\_ranking.py", line 707, in _multiclass_roc_auc_score
    raise ValueError(
ValueError: Target scores need to be probabilities for multiclass roc_auc, i.e. they should sum up to 1.0 over classes

  warnings.warn(

2025-12-04 15:47:15,403:WARNING:C:\Users\ywcho\AppData\Local\Programs\Python\Python311\Lib\site-packages\sklearn\metrics\_classification.py:1561: UserWarning: Note that pos_label (set to 'turkish') is ignored when average != 'binary' (got 'weighted'). You may use labels=[pos_label] to specify a single positive class.
  warnings.warn(

2025-12-04 15:47:15,405:WARNING:C:\Users\ywcho\AppData\Local\Programs\Python\Python311\Lib\site-packages\pycaret\internal\metrics.py:204: FitFailedWarning: Metric 'make_scorer(roc_auc_score, response_method=('decision_function', 'predict_proba'), average=weighted, multi_class=ovr)' failed and error score 0.0 has been returned instead. If this is a custom metric, this usually means that the error is in the metric code. Full exception below:
Traceback (most recent call last):
  File "C:\Users\ywcho\AppData\Local\Programs\Python\Python311\Lib\site-packages\pycaret\internal\metrics.py", line 196, in _score
    return super()._score(
           ^^^^^^^^^^^^^^^
  File "C:\Users\ywcho\AppData\Local\Programs\Python\Python311\Lib\site-packages\sklearn\metrics\_scorer.py", line 350, in _score
    return self._sign * self._score_func(y_true, y_pred, **scoring_kwargs)
                        ^^^^^^^^^^^^^^^^^^^^^^^^^^^^^^^^^^^^^^^^^^^^^^^^^^
  File "C:\Users\ywcho\AppData\Local\Programs\Python\Python311\Lib\site-packages\pycaret\internal\metrics.py", line 144, in __call__
    return self.score_func(y_true, y_pred, **kwargs)
           ^^^^^^^^^^^^^^^^^^^^^^^^^^^^^^^^^^^^^^^^^
  File "C:\Users\ywcho\AppData\Local\Programs\Python\Python311\Lib\site-packages\sklearn\utils\_param_validation.py", line 213, in wrapper
    return func(*args, **kwargs)
           ^^^^^^^^^^^^^^^^^^^^^
  File "C:\Users\ywcho\AppData\Local\Programs\Python\Python311\Lib\site-packages\sklearn\metrics\_ranking.py", line 634, in roc_auc_score
    return _multiclass_roc_auc_score(
           ^^^^^^^^^^^^^^^^^^^^^^^^^^
  File "C:\Users\ywcho\AppData\Local\Programs\Python\Python311\Lib\site-packages\sklearn\metrics\_ranking.py", line 707, in _multiclass_roc_auc_score
    raise ValueError(
ValueError: Target scores need to be probabilities for multiclass roc_auc, i.e. they should sum up to 1.0 over classes

  warnings.warn(

2025-12-04 15:47:15,409:WARNING:C:\Users\ywcho\AppData\Local\Programs\Python\Python311\Lib\site-packages\sklearn\metrics\_classification.py:1561: UserWarning: Note that pos_label (set to 'turkish') is ignored when average != 'binary' (got 'weighted'). You may use labels=[pos_label] to specify a single positive class.
  warnings.warn(

2025-12-04 15:47:15,409:WARNING:C:\Users\ywcho\AppData\Local\Programs\Python\Python311\Lib\site-packages\pycaret\internal\metrics.py:204: FitFailedWarning: Metric 'make_scorer(roc_auc_score, response_method=('decision_function', 'predict_proba'), average=weighted, multi_class=ovr)' failed and error score 0.0 has been returned instead. If this is a custom metric, this usually means that the error is in the metric code. Full exception below:
Traceback (most recent call last):
  File "C:\Users\ywcho\AppData\Local\Programs\Python\Python311\Lib\site-packages\pycaret\internal\metrics.py", line 196, in _score
    return super()._score(
           ^^^^^^^^^^^^^^^
  File "C:\Users\ywcho\AppData\Local\Programs\Python\Python311\Lib\site-packages\sklearn\metrics\_scorer.py", line 350, in _score
    return self._sign * self._score_func(y_true, y_pred, **scoring_kwargs)
                        ^^^^^^^^^^^^^^^^^^^^^^^^^^^^^^^^^^^^^^^^^^^^^^^^^^
  File "C:\Users\ywcho\AppData\Local\Programs\Python\Python311\Lib\site-packages\pycaret\internal\metrics.py", line 144, in __call__
    return self.score_func(y_true, y_pred, **kwargs)
           ^^^^^^^^^^^^^^^^^^^^^^^^^^^^^^^^^^^^^^^^^
  File "C:\Users\ywcho\AppData\Local\Programs\Python\Python311\Lib\site-packages\sklearn\utils\_param_validation.py", line 213, in wrapper
    return func(*args, **kwargs)
           ^^^^^^^^^^^^^^^^^^^^^
  File "C:\Users\ywcho\AppData\Local\Programs\Python\Python311\Lib\site-packages\sklearn\metrics\_ranking.py", line 634, in roc_auc_score
    return _multiclass_roc_auc_score(
           ^^^^^^^^^^^^^^^^^^^^^^^^^^
  File "C:\Users\ywcho\AppData\Local\Programs\Python\Python311\Lib\site-packages\sklearn\metrics\_ranking.py", line 707, in _multiclass_roc_auc_score
    raise ValueError(
ValueError: Target scores need to be probabilities for multiclass roc_auc, i.e. they should sum up to 1.0 over classes

  warnings.warn(

2025-12-04 15:47:15,409:WARNING:C:\Users\ywcho\AppData\Local\Programs\Python\Python311\Lib\site-packages\sklearn\metrics\_classification.py:1561: UserWarning: Note that pos_label (set to 'turkish') is ignored when average != 'binary' (got 'weighted'). You may use labels=[pos_label] to specify a single positive class.
  warnings.warn(

2025-12-04 15:47:15,413:WARNING:C:\Users\ywcho\AppData\Local\Programs\Python\Python311\Lib\site-packages\sklearn\metrics\_classification.py:1561: UserWarning: Note that pos_label (set to 'turkish') is ignored when average != 'binary' (got 'weighted'). You may use labels=[pos_label] to specify a single positive class.
  warnings.warn(

2025-12-04 15:47:15,417:WARNING:C:\Users\ywcho\AppData\Local\Programs\Python\Python311\Lib\site-packages\pycaret\internal\metrics.py:204: FitFailedWarning: Metric 'make_scorer(roc_auc_score, response_method=('decision_function', 'predict_proba'), average=weighted, multi_class=ovr)' failed and error score 0.0 has been returned instead. If this is a custom metric, this usually means that the error is in the metric code. Full exception below:
Traceback (most recent call last):
  File "C:\Users\ywcho\AppData\Local\Programs\Python\Python311\Lib\site-packages\pycaret\internal\metrics.py", line 196, in _score
    return super()._score(
           ^^^^^^^^^^^^^^^
  File "C:\Users\ywcho\AppData\Local\Programs\Python\Python311\Lib\site-packages\sklearn\metrics\_scorer.py", line 350, in _score
    return self._sign * self._score_func(y_true, y_pred, **scoring_kwargs)
                        ^^^^^^^^^^^^^^^^^^^^^^^^^^^^^^^^^^^^^^^^^^^^^^^^^^
  File "C:\Users\ywcho\AppData\Local\Programs\Python\Python311\Lib\site-packages\pycaret\internal\metrics.py", line 144, in __call__
    return self.score_func(y_true, y_pred, **kwargs)
           ^^^^^^^^^^^^^^^^^^^^^^^^^^^^^^^^^^^^^^^^^
  File "C:\Users\ywcho\AppData\Local\Programs\Python\Python311\Lib\site-packages\sklearn\utils\_param_validation.py", line 213, in wrapper
    return func(*args, **kwargs)
           ^^^^^^^^^^^^^^^^^^^^^
  File "C:\Users\ywcho\AppData\Local\Programs\Python\Python311\Lib\site-packages\sklearn\metrics\_ranking.py", line 634, in roc_auc_score
    return _multiclass_roc_auc_score(
           ^^^^^^^^^^^^^^^^^^^^^^^^^^
  File "C:\Users\ywcho\AppData\Local\Programs\Python\Python311\Lib\site-packages\sklearn\metrics\_ranking.py", line 707, in _multiclass_roc_auc_score
    raise ValueError(
ValueError: Target scores need to be probabilities for multiclass roc_auc, i.e. they should sum up to 1.0 over classes

  warnings.warn(

2025-12-04 15:47:15,417:WARNING:C:\Users\ywcho\AppData\Local\Programs\Python\Python311\Lib\site-packages\pycaret\internal\metrics.py:204: FitFailedWarning: Metric 'make_scorer(roc_auc_score, response_method=('decision_function', 'predict_proba'), average=weighted, multi_class=ovr)' failed and error score 0.0 has been returned instead. If this is a custom metric, this usually means that the error is in the metric code. Full exception below:
Traceback (most recent call last):
  File "C:\Users\ywcho\AppData\Local\Programs\Python\Python311\Lib\site-packages\pycaret\internal\metrics.py", line 196, in _score
    return super()._score(
           ^^^^^^^^^^^^^^^
  File "C:\Users\ywcho\AppData\Local\Programs\Python\Python311\Lib\site-packages\sklearn\metrics\_scorer.py", line 350, in _score
    return self._sign * self._score_func(y_true, y_pred, **scoring_kwargs)
                        ^^^^^^^^^^^^^^^^^^^^^^^^^^^^^^^^^^^^^^^^^^^^^^^^^^
  File "C:\Users\ywcho\AppData\Local\Programs\Python\Python311\Lib\site-packages\pycaret\internal\metrics.py", line 144, in __call__
    return self.score_func(y_true, y_pred, **kwargs)
           ^^^^^^^^^^^^^^^^^^^^^^^^^^^^^^^^^^^^^^^^^
  File "C:\Users\ywcho\AppData\Local\Programs\Python\Python311\Lib\site-packages\sklearn\utils\_param_validation.py", line 213, in wrapper
    return func(*args, **kwargs)
           ^^^^^^^^^^^^^^^^^^^^^
  File "C:\Users\ywcho\AppData\Local\Programs\Python\Python311\Lib\site-packages\sklearn\metrics\_ranking.py", line 634, in roc_auc_score
    return _multiclass_roc_auc_score(
           ^^^^^^^^^^^^^^^^^^^^^^^^^^
  File "C:\Users\ywcho\AppData\Local\Programs\Python\Python311\Lib\site-packages\sklearn\metrics\_ranking.py", line 707, in _multiclass_roc_auc_score
    raise ValueError(
ValueError: Target scores need to be probabilities for multiclass roc_auc, i.e. they should sum up to 1.0 over classes

  warnings.warn(

2025-12-04 15:47:15,419:WARNING:C:\Users\ywcho\AppData\Local\Programs\Python\Python311\Lib\site-packages\sklearn\metrics\_classification.py:1561: UserWarning: Note that pos_label (set to 'turkish') is ignored when average != 'binary' (got 'weighted'). You may use labels=[pos_label] to specify a single positive class.
  warnings.warn(

2025-12-04 15:47:15,423:WARNING:C:\Users\ywcho\AppData\Local\Programs\Python\Python311\Lib\site-packages\pycaret\internal\metrics.py:204: FitFailedWarning: Metric 'make_scorer(roc_auc_score, response_method=('decision_function', 'predict_proba'), average=weighted, multi_class=ovr)' failed and error score 0.0 has been returned instead. If this is a custom metric, this usually means that the error is in the metric code. Full exception below:
Traceback (most recent call last):
  File "C:\Users\ywcho\AppData\Local\Programs\Python\Python311\Lib\site-packages\pycaret\internal\metrics.py", line 196, in _score
    return super()._score(
           ^^^^^^^^^^^^^^^
  File "C:\Users\ywcho\AppData\Local\Programs\Python\Python311\Lib\site-packages\sklearn\metrics\_scorer.py", line 350, in _score
    return self._sign * self._score_func(y_true, y_pred, **scoring_kwargs)
                        ^^^^^^^^^^^^^^^^^^^^^^^^^^^^^^^^^^^^^^^^^^^^^^^^^^
  File "C:\Users\ywcho\AppData\Local\Programs\Python\Python311\Lib\site-packages\pycaret\internal\metrics.py", line 144, in __call__
    return self.score_func(y_true, y_pred, **kwargs)
           ^^^^^^^^^^^^^^^^^^^^^^^^^^^^^^^^^^^^^^^^^
  File "C:\Users\ywcho\AppData\Local\Programs\Python\Python311\Lib\site-packages\sklearn\utils\_param_validation.py", line 213, in wrapper
    return func(*args, **kwargs)
           ^^^^^^^^^^^^^^^^^^^^^
  File "C:\Users\ywcho\AppData\Local\Programs\Python\Python311\Lib\site-packages\sklearn\metrics\_ranking.py", line 634, in roc_auc_score
    return _multiclass_roc_auc_score(
           ^^^^^^^^^^^^^^^^^^^^^^^^^^
  File "C:\Users\ywcho\AppData\Local\Programs\Python\Python311\Lib\site-packages\sklearn\metrics\_ranking.py", line 707, in _multiclass_roc_auc_score
    raise ValueError(
ValueError: Target scores need to be probabilities for multiclass roc_auc, i.e. they should sum up to 1.0 over classes

  warnings.warn(

2025-12-04 15:47:15,423:WARNING:C:\Users\ywcho\AppData\Local\Programs\Python\Python311\Lib\site-packages\sklearn\metrics\_classification.py:1509: UndefinedMetricWarning: Precision is ill-defined and being set to 0.0 in labels with no predicted samples. Use `zero_division` parameter to control this behavior.
  _warn_prf(average, modifier, f"{metric.capitalize()} is", len(result))

2025-12-04 15:47:15,426:WARNING:C:\Users\ywcho\AppData\Local\Programs\Python\Python311\Lib\site-packages\sklearn\metrics\_classification.py:1561: UserWarning: Note that pos_label (set to 'turkish') is ignored when average != 'binary' (got 'weighted'). You may use labels=[pos_label] to specify a single positive class.
  warnings.warn(

2025-12-04 15:47:15,426:WARNING:C:\Users\ywcho\AppData\Local\Programs\Python\Python311\Lib\site-packages\sklearn\metrics\_classification.py:1561: UserWarning: Note that pos_label (set to 'turkish') is ignored when average != 'binary' (got 'weighted'). You may use labels=[pos_label] to specify a single positive class.
  warnings.warn(

2025-12-04 15:47:15,429:WARNING:C:\Users\ywcho\AppData\Local\Programs\Python\Python311\Lib\site-packages\sklearn\metrics\_classification.py:1561: UserWarning: Note that pos_label (set to 'turkish') is ignored when average != 'binary' (got 'weighted'). You may use labels=[pos_label] to specify a single positive class.
  warnings.warn(

2025-12-04 15:47:15,430:WARNING:C:\Users\ywcho\AppData\Local\Programs\Python\Python311\Lib\site-packages\sklearn\metrics\_classification.py:1561: UserWarning: Note that pos_label (set to 'turkish') is ignored when average != 'binary' (got 'weighted'). You may use labels=[pos_label] to specify a single positive class.
  warnings.warn(

2025-12-04 15:47:15,431:WARNING:C:\Users\ywcho\AppData\Local\Programs\Python\Python311\Lib\site-packages\sklearn\metrics\_classification.py:1561: UserWarning: Note that pos_label (set to 'turkish') is ignored when average != 'binary' (got 'weighted'). You may use labels=[pos_label] to specify a single positive class.
  warnings.warn(

2025-12-04 15:47:15,432:WARNING:C:\Users\ywcho\AppData\Local\Programs\Python\Python311\Lib\site-packages\pycaret\internal\metrics.py:204: FitFailedWarning: Metric 'make_scorer(roc_auc_score, response_method=('decision_function', 'predict_proba'), average=weighted, multi_class=ovr)' failed and error score 0.0 has been returned instead. If this is a custom metric, this usually means that the error is in the metric code. Full exception below:
Traceback (most recent call last):
  File "C:\Users\ywcho\AppData\Local\Programs\Python\Python311\Lib\site-packages\pycaret\internal\metrics.py", line 196, in _score
    return super()._score(
           ^^^^^^^^^^^^^^^
  File "C:\Users\ywcho\AppData\Local\Programs\Python\Python311\Lib\site-packages\sklearn\metrics\_scorer.py", line 350, in _score
    return self._sign * self._score_func(y_true, y_pred, **scoring_kwargs)
                        ^^^^^^^^^^^^^^^^^^^^^^^^^^^^^^^^^^^^^^^^^^^^^^^^^^
  File "C:\Users\ywcho\AppData\Local\Programs\Python\Python311\Lib\site-packages\pycaret\internal\metrics.py", line 144, in __call__
    return self.score_func(y_true, y_pred, **kwargs)
           ^^^^^^^^^^^^^^^^^^^^^^^^^^^^^^^^^^^^^^^^^
  File "C:\Users\ywcho\AppData\Local\Programs\Python\Python311\Lib\site-packages\sklearn\utils\_param_validation.py", line 213, in wrapper
    return func(*args, **kwargs)
           ^^^^^^^^^^^^^^^^^^^^^
  File "C:\Users\ywcho\AppData\Local\Programs\Python\Python311\Lib\site-packages\sklearn\metrics\_ranking.py", line 634, in roc_auc_score
    return _multiclass_roc_auc_score(
           ^^^^^^^^^^^^^^^^^^^^^^^^^^
  File "C:\Users\ywcho\AppData\Local\Programs\Python\Python311\Lib\site-packages\sklearn\metrics\_ranking.py", line 707, in _multiclass_roc_auc_score
    raise ValueError(
ValueError: Target scores need to be probabilities for multiclass roc_auc, i.e. they should sum up to 1.0 over classes

  warnings.warn(

2025-12-04 15:47:15,433:WARNING:C:\Users\ywcho\AppData\Local\Programs\Python\Python311\Lib\site-packages\sklearn\metrics\_classification.py:1561: UserWarning: Note that pos_label (set to 'turkish') is ignored when average != 'binary' (got 'weighted'). You may use labels=[pos_label] to specify a single positive class.
  warnings.warn(

2025-12-04 15:47:15,435:WARNING:C:\Users\ywcho\AppData\Local\Programs\Python\Python311\Lib\site-packages\sklearn\metrics\_classification.py:1561: UserWarning: Note that pos_label (set to 'turkish') is ignored when average != 'binary' (got 'weighted'). You may use labels=[pos_label] to specify a single positive class.
  warnings.warn(

2025-12-04 15:47:15,439:WARNING:C:\Users\ywcho\AppData\Local\Programs\Python\Python311\Lib\site-packages\sklearn\metrics\_classification.py:1561: UserWarning: Note that pos_label (set to 'turkish') is ignored when average != 'binary' (got 'weighted'). You may use labels=[pos_label] to specify a single positive class.
  warnings.warn(

2025-12-04 15:47:15,439:WARNING:C:\Users\ywcho\AppData\Local\Programs\Python\Python311\Lib\site-packages\sklearn\metrics\_classification.py:1561: UserWarning: Note that pos_label (set to 'turkish') is ignored when average != 'binary' (got 'weighted'). You may use labels=[pos_label] to specify a single positive class.
  warnings.warn(

2025-12-04 15:47:15,441:WARNING:C:\Users\ywcho\AppData\Local\Programs\Python\Python311\Lib\site-packages\sklearn\metrics\_classification.py:1509: UndefinedMetricWarning: Precision is ill-defined and being set to 0.0 in labels with no predicted samples. Use `zero_division` parameter to control this behavior.
  _warn_prf(average, modifier, f"{metric.capitalize()} is", len(result))

2025-12-04 15:47:15,444:WARNING:C:\Users\ywcho\AppData\Local\Programs\Python\Python311\Lib\site-packages\sklearn\metrics\_classification.py:1509: UndefinedMetricWarning: Precision is ill-defined and being set to 0.0 in labels with no predicted samples. Use `zero_division` parameter to control this behavior.
  _warn_prf(average, modifier, f"{metric.capitalize()} is", len(result))

2025-12-04 15:47:15,444:WARNING:C:\Users\ywcho\AppData\Local\Programs\Python\Python311\Lib\site-packages\sklearn\metrics\_classification.py:1561: UserWarning: Note that pos_label (set to 'turkish') is ignored when average != 'binary' (got 'weighted'). You may use labels=[pos_label] to specify a single positive class.
  warnings.warn(

2025-12-04 15:47:15,447:WARNING:C:\Users\ywcho\AppData\Local\Programs\Python\Python311\Lib\site-packages\sklearn\metrics\_classification.py:1561: UserWarning: Note that pos_label (set to 'turkish') is ignored when average != 'binary' (got 'weighted'). You may use labels=[pos_label] to specify a single positive class.
  warnings.warn(

2025-12-04 15:47:15,450:WARNING:C:\Users\ywcho\AppData\Local\Programs\Python\Python311\Lib\site-packages\sklearn\metrics\_classification.py:1561: UserWarning: Note that pos_label (set to 'turkish') is ignored when average != 'binary' (got 'weighted'). You may use labels=[pos_label] to specify a single positive class.
  warnings.warn(

2025-12-04 15:47:15,450:WARNING:C:\Users\ywcho\AppData\Local\Programs\Python\Python311\Lib\site-packages\sklearn\metrics\_classification.py:1561: UserWarning: Note that pos_label (set to 'turkish') is ignored when average != 'binary' (got 'weighted'). You may use labels=[pos_label] to specify a single positive class.
  warnings.warn(

2025-12-04 15:47:15,450:WARNING:C:\Users\ywcho\AppData\Local\Programs\Python\Python311\Lib\site-packages\sklearn\metrics\_classification.py:1509: UndefinedMetricWarning: Precision is ill-defined and being set to 0.0 in labels with no predicted samples. Use `zero_division` parameter to control this behavior.
  _warn_prf(average, modifier, f"{metric.capitalize()} is", len(result))

2025-12-04 15:47:15,451:WARNING:C:\Users\ywcho\AppData\Local\Programs\Python\Python311\Lib\site-packages\sklearn\metrics\_classification.py:1561: UserWarning: Note that pos_label (set to 'turkish') is ignored when average != 'binary' (got 'weighted'). You may use labels=[pos_label] to specify a single positive class.
  warnings.warn(

2025-12-04 15:47:15,456:WARNING:C:\Users\ywcho\AppData\Local\Programs\Python\Python311\Lib\site-packages\sklearn\metrics\_classification.py:1509: UndefinedMetricWarning: Precision is ill-defined and being set to 0.0 in labels with no predicted samples. Use `zero_division` parameter to control this behavior.
  _warn_prf(average, modifier, f"{metric.capitalize()} is", len(result))

2025-12-04 15:47:15,456:WARNING:C:\Users\ywcho\AppData\Local\Programs\Python\Python311\Lib\site-packages\sklearn\metrics\_classification.py:1561: UserWarning: Note that pos_label (set to 'turkish') is ignored when average != 'binary' (got 'weighted'). You may use labels=[pos_label] to specify a single positive class.
  warnings.warn(

2025-12-04 15:47:15,459:WARNING:C:\Users\ywcho\AppData\Local\Programs\Python\Python311\Lib\site-packages\sklearn\metrics\_classification.py:1561: UserWarning: Note that pos_label (set to 'turkish') is ignored when average != 'binary' (got 'weighted'). You may use labels=[pos_label] to specify a single positive class.
  warnings.warn(

2025-12-04 15:47:15,461:WARNING:C:\Users\ywcho\AppData\Local\Programs\Python\Python311\Lib\site-packages\sklearn\metrics\_classification.py:1509: UndefinedMetricWarning: Precision is ill-defined and being set to 0.0 in labels with no predicted samples. Use `zero_division` parameter to control this behavior.
  _warn_prf(average, modifier, f"{metric.capitalize()} is", len(result))

2025-12-04 15:47:15,461:WARNING:C:\Users\ywcho\AppData\Local\Programs\Python\Python311\Lib\site-packages\sklearn\metrics\_classification.py:1561: UserWarning: Note that pos_label (set to 'turkish') is ignored when average != 'binary' (got 'weighted'). You may use labels=[pos_label] to specify a single positive class.
  warnings.warn(

2025-12-04 15:47:15,463:WARNING:C:\Users\ywcho\AppData\Local\Programs\Python\Python311\Lib\site-packages\sklearn\metrics\_classification.py:1509: UndefinedMetricWarning: Precision is ill-defined and being set to 0.0 in labels with no predicted samples. Use `zero_division` parameter to control this behavior.
  _warn_prf(average, modifier, f"{metric.capitalize()} is", len(result))

2025-12-04 15:47:15,467:WARNING:C:\Users\ywcho\AppData\Local\Programs\Python\Python311\Lib\site-packages\sklearn\metrics\_classification.py:1561: UserWarning: Note that pos_label (set to 'turkish') is ignored when average != 'binary' (got 'weighted'). You may use labels=[pos_label] to specify a single positive class.
  warnings.warn(

2025-12-04 15:47:15,467:WARNING:C:\Users\ywcho\AppData\Local\Programs\Python\Python311\Lib\site-packages\sklearn\metrics\_classification.py:1561: UserWarning: Note that pos_label (set to 'turkish') is ignored when average != 'binary' (got 'weighted'). You may use labels=[pos_label] to specify a single positive class.
  warnings.warn(

2025-12-04 15:47:15,488:INFO:Calculating mean and std
2025-12-04 15:47:15,488:INFO:Creating metrics dataframe
2025-12-04 15:47:15,488:INFO:Uploading results into container
2025-12-04 15:47:15,488:INFO:Uploading model into container now
2025-12-04 15:47:15,491:INFO:_master_model_container: 9
2025-12-04 15:47:15,491:INFO:_display_container: 2
2025-12-04 15:47:15,491:INFO:AdaBoostClassifier(algorithm='SAMME.R', estimator=None, learning_rate=1.0,
                   n_estimators=50, random_state=42)
2025-12-04 15:47:15,491:INFO:create_model() successfully completed......................................
2025-12-04 15:47:15,593:INFO:SubProcess create_model() end ==================================
2025-12-04 15:47:15,593:INFO:Creating metrics dataframe
2025-12-04 15:47:15,593:INFO:Initializing Gradient Boosting Classifier
2025-12-04 15:47:15,593:INFO:Total runtime is 0.5294597387313843 minutes
2025-12-04 15:47:15,593:INFO:SubProcess create_model() called ==================================
2025-12-04 15:47:15,593:INFO:Initializing create_model()
2025-12-04 15:47:15,593:INFO:create_model(self=<pycaret.classification.oop.ClassificationExperiment object at 0x000001E83DF7F610>, estimator=gbc, fold=StratifiedKFold(n_splits=10, random_state=None, shuffle=False), round=4, cross_validation=True, predict=True, fit_kwargs={}, groups=None, refit=False, probability_threshold=None, experiment_custom_tags=None, verbose=False, system=False, add_to_model_list=True, metrics=None, display=<pycaret.internal.display.display.CommonDisplay object at 0x000001E879341450>, model_only=True, return_train_score=False, error_score=0.0, kwargs={})
2025-12-04 15:47:15,593:INFO:Checking exceptions
2025-12-04 15:47:15,593:INFO:Importing libraries
2025-12-04 15:47:15,593:INFO:Copying training dataset
2025-12-04 15:47:15,593:INFO:Defining folds
2025-12-04 15:47:15,593:INFO:Declaring metric variables
2025-12-04 15:47:15,609:INFO:Importing untrained model
2025-12-04 15:47:15,609:INFO:Gradient Boosting Classifier Imported successfully
2025-12-04 15:47:15,609:INFO:Starting cross validation
2025-12-04 15:47:15,609:INFO:Cross validating with StratifiedKFold(n_splits=10, random_state=None, shuffle=False), n_jobs=-1
2025-12-04 15:47:15,879:WARNING:C:\Users\ywcho\AppData\Local\Programs\Python\Python311\Lib\site-packages\numpy\core\_methods.py:187: RuntimeWarning: overflow encountered in reduce
  ret = umr_sum(x, axis, dtype, out, keepdims=keepdims, where=where)

2025-12-04 15:47:15,887:WARNING:C:\Users\ywcho\AppData\Local\Programs\Python\Python311\Lib\site-packages\numpy\core\_methods.py:187: RuntimeWarning: overflow encountered in reduce
  ret = umr_sum(x, axis, dtype, out, keepdims=keepdims, where=where)

2025-12-04 15:47:15,907:WARNING:C:\Users\ywcho\AppData\Local\Programs\Python\Python311\Lib\site-packages\numpy\core\_methods.py:187: RuntimeWarning: overflow encountered in reduce
  ret = umr_sum(x, axis, dtype, out, keepdims=keepdims, where=where)

2025-12-04 15:47:15,926:WARNING:C:\Users\ywcho\AppData\Local\Programs\Python\Python311\Lib\site-packages\numpy\core\_methods.py:187: RuntimeWarning: overflow encountered in reduce
  ret = umr_sum(x, axis, dtype, out, keepdims=keepdims, where=where)

2025-12-04 15:47:15,932:WARNING:C:\Users\ywcho\AppData\Local\Programs\Python\Python311\Lib\site-packages\numpy\core\_methods.py:187: RuntimeWarning: overflow encountered in reduce
  ret = umr_sum(x, axis, dtype, out, keepdims=keepdims, where=where)

2025-12-04 15:47:15,933:WARNING:C:\Users\ywcho\AppData\Local\Programs\Python\Python311\Lib\site-packages\numpy\core\_methods.py:187: RuntimeWarning: overflow encountered in reduce
  ret = umr_sum(x, axis, dtype, out, keepdims=keepdims, where=where)

2025-12-04 15:47:15,933:WARNING:C:\Users\ywcho\AppData\Local\Programs\Python\Python311\Lib\site-packages\numpy\core\_methods.py:187: RuntimeWarning: overflow encountered in reduce
  ret = umr_sum(x, axis, dtype, out, keepdims=keepdims, where=where)

2025-12-04 15:47:15,940:WARNING:C:\Users\ywcho\AppData\Local\Programs\Python\Python311\Lib\site-packages\numpy\core\_methods.py:187: RuntimeWarning: overflow encountered in reduce
  ret = umr_sum(x, axis, dtype, out, keepdims=keepdims, where=where)

2025-12-04 15:47:15,952:WARNING:C:\Users\ywcho\AppData\Local\Programs\Python\Python311\Lib\site-packages\numpy\core\_methods.py:187: RuntimeWarning: overflow encountered in reduce
  ret = umr_sum(x, axis, dtype, out, keepdims=keepdims, where=where)

2025-12-04 15:47:15,965:WARNING:C:\Users\ywcho\AppData\Local\Programs\Python\Python311\Lib\site-packages\numpy\core\_methods.py:187: RuntimeWarning: overflow encountered in reduce
  ret = umr_sum(x, axis, dtype, out, keepdims=keepdims, where=where)

2025-12-04 15:49:39,021:WARNING:C:\Users\ywcho\AppData\Local\Programs\Python\Python311\Lib\site-packages\pycaret\internal\metrics.py:204: FitFailedWarning: Metric 'make_scorer(roc_auc_score, response_method=('decision_function', 'predict_proba'), average=weighted, multi_class=ovr)' failed and error score 0.0 has been returned instead. If this is a custom metric, this usually means that the error is in the metric code. Full exception below:
Traceback (most recent call last):
  File "C:\Users\ywcho\AppData\Local\Programs\Python\Python311\Lib\site-packages\pycaret\internal\metrics.py", line 196, in _score
    return super()._score(
           ^^^^^^^^^^^^^^^
  File "C:\Users\ywcho\AppData\Local\Programs\Python\Python311\Lib\site-packages\sklearn\metrics\_scorer.py", line 350, in _score
    return self._sign * self._score_func(y_true, y_pred, **scoring_kwargs)
                        ^^^^^^^^^^^^^^^^^^^^^^^^^^^^^^^^^^^^^^^^^^^^^^^^^^
  File "C:\Users\ywcho\AppData\Local\Programs\Python\Python311\Lib\site-packages\pycaret\internal\metrics.py", line 144, in __call__
    return self.score_func(y_true, y_pred, **kwargs)
           ^^^^^^^^^^^^^^^^^^^^^^^^^^^^^^^^^^^^^^^^^
  File "C:\Users\ywcho\AppData\Local\Programs\Python\Python311\Lib\site-packages\sklearn\utils\_param_validation.py", line 213, in wrapper
    return func(*args, **kwargs)
           ^^^^^^^^^^^^^^^^^^^^^
  File "C:\Users\ywcho\AppData\Local\Programs\Python\Python311\Lib\site-packages\sklearn\metrics\_ranking.py", line 634, in roc_auc_score
    return _multiclass_roc_auc_score(
           ^^^^^^^^^^^^^^^^^^^^^^^^^^
  File "C:\Users\ywcho\AppData\Local\Programs\Python\Python311\Lib\site-packages\sklearn\metrics\_ranking.py", line 707, in _multiclass_roc_auc_score
    raise ValueError(
ValueError: Target scores need to be probabilities for multiclass roc_auc, i.e. they should sum up to 1.0 over classes

  warnings.warn(

2025-12-04 15:49:39,030:WARNING:C:\Users\ywcho\AppData\Local\Programs\Python\Python311\Lib\site-packages\sklearn\metrics\_classification.py:1561: UserWarning: Note that pos_label (set to 'turkish') is ignored when average != 'binary' (got 'weighted'). You may use labels=[pos_label] to specify a single positive class.
  warnings.warn(

2025-12-04 15:49:39,043:WARNING:C:\Users\ywcho\AppData\Local\Programs\Python\Python311\Lib\site-packages\sklearn\metrics\_classification.py:1561: UserWarning: Note that pos_label (set to 'turkish') is ignored when average != 'binary' (got 'weighted'). You may use labels=[pos_label] to specify a single positive class.
  warnings.warn(

2025-12-04 15:49:39,060:WARNING:C:\Users\ywcho\AppData\Local\Programs\Python\Python311\Lib\site-packages\sklearn\metrics\_classification.py:1561: UserWarning: Note that pos_label (set to 'turkish') is ignored when average != 'binary' (got 'weighted'). You may use labels=[pos_label] to specify a single positive class.
  warnings.warn(

2025-12-04 15:49:39,757:WARNING:C:\Users\ywcho\AppData\Local\Programs\Python\Python311\Lib\site-packages\pycaret\internal\metrics.py:204: FitFailedWarning: Metric 'make_scorer(roc_auc_score, response_method=('decision_function', 'predict_proba'), average=weighted, multi_class=ovr)' failed and error score 0.0 has been returned instead. If this is a custom metric, this usually means that the error is in the metric code. Full exception below:
Traceback (most recent call last):
  File "C:\Users\ywcho\AppData\Local\Programs\Python\Python311\Lib\site-packages\pycaret\internal\metrics.py", line 196, in _score
    return super()._score(
           ^^^^^^^^^^^^^^^
  File "C:\Users\ywcho\AppData\Local\Programs\Python\Python311\Lib\site-packages\sklearn\metrics\_scorer.py", line 350, in _score
    return self._sign * self._score_func(y_true, y_pred, **scoring_kwargs)
                        ^^^^^^^^^^^^^^^^^^^^^^^^^^^^^^^^^^^^^^^^^^^^^^^^^^
  File "C:\Users\ywcho\AppData\Local\Programs\Python\Python311\Lib\site-packages\pycaret\internal\metrics.py", line 144, in __call__
    return self.score_func(y_true, y_pred, **kwargs)
           ^^^^^^^^^^^^^^^^^^^^^^^^^^^^^^^^^^^^^^^^^
  File "C:\Users\ywcho\AppData\Local\Programs\Python\Python311\Lib\site-packages\sklearn\utils\_param_validation.py", line 213, in wrapper
    return func(*args, **kwargs)
           ^^^^^^^^^^^^^^^^^^^^^
  File "C:\Users\ywcho\AppData\Local\Programs\Python\Python311\Lib\site-packages\sklearn\metrics\_ranking.py", line 634, in roc_auc_score
    return _multiclass_roc_auc_score(
           ^^^^^^^^^^^^^^^^^^^^^^^^^^
  File "C:\Users\ywcho\AppData\Local\Programs\Python\Python311\Lib\site-packages\sklearn\metrics\_ranking.py", line 707, in _multiclass_roc_auc_score
    raise ValueError(
ValueError: Target scores need to be probabilities for multiclass roc_auc, i.e. they should sum up to 1.0 over classes

  warnings.warn(

2025-12-04 15:49:39,762:WARNING:C:\Users\ywcho\AppData\Local\Programs\Python\Python311\Lib\site-packages\sklearn\metrics\_classification.py:1561: UserWarning: Note that pos_label (set to 'turkish') is ignored when average != 'binary' (got 'weighted'). You may use labels=[pos_label] to specify a single positive class.
  warnings.warn(

2025-12-04 15:49:39,772:WARNING:C:\Users\ywcho\AppData\Local\Programs\Python\Python311\Lib\site-packages\sklearn\metrics\_classification.py:1561: UserWarning: Note that pos_label (set to 'turkish') is ignored when average != 'binary' (got 'weighted'). You may use labels=[pos_label] to specify a single positive class.
  warnings.warn(

2025-12-04 15:49:39,788:WARNING:C:\Users\ywcho\AppData\Local\Programs\Python\Python311\Lib\site-packages\sklearn\metrics\_classification.py:1561: UserWarning: Note that pos_label (set to 'turkish') is ignored when average != 'binary' (got 'weighted'). You may use labels=[pos_label] to specify a single positive class.
  warnings.warn(

2025-12-04 15:49:39,993:WARNING:C:\Users\ywcho\AppData\Local\Programs\Python\Python311\Lib\site-packages\pycaret\internal\metrics.py:204: FitFailedWarning: Metric 'make_scorer(roc_auc_score, response_method=('decision_function', 'predict_proba'), average=weighted, multi_class=ovr)' failed and error score 0.0 has been returned instead. If this is a custom metric, this usually means that the error is in the metric code. Full exception below:
Traceback (most recent call last):
  File "C:\Users\ywcho\AppData\Local\Programs\Python\Python311\Lib\site-packages\pycaret\internal\metrics.py", line 196, in _score
    return super()._score(
           ^^^^^^^^^^^^^^^
  File "C:\Users\ywcho\AppData\Local\Programs\Python\Python311\Lib\site-packages\sklearn\metrics\_scorer.py", line 350, in _score
    return self._sign * self._score_func(y_true, y_pred, **scoring_kwargs)
                        ^^^^^^^^^^^^^^^^^^^^^^^^^^^^^^^^^^^^^^^^^^^^^^^^^^
  File "C:\Users\ywcho\AppData\Local\Programs\Python\Python311\Lib\site-packages\pycaret\internal\metrics.py", line 144, in __call__
    return self.score_func(y_true, y_pred, **kwargs)
           ^^^^^^^^^^^^^^^^^^^^^^^^^^^^^^^^^^^^^^^^^
  File "C:\Users\ywcho\AppData\Local\Programs\Python\Python311\Lib\site-packages\sklearn\utils\_param_validation.py", line 213, in wrapper
    return func(*args, **kwargs)
           ^^^^^^^^^^^^^^^^^^^^^
  File "C:\Users\ywcho\AppData\Local\Programs\Python\Python311\Lib\site-packages\sklearn\metrics\_ranking.py", line 634, in roc_auc_score
    return _multiclass_roc_auc_score(
           ^^^^^^^^^^^^^^^^^^^^^^^^^^
  File "C:\Users\ywcho\AppData\Local\Programs\Python\Python311\Lib\site-packages\sklearn\metrics\_ranking.py", line 707, in _multiclass_roc_auc_score
    raise ValueError(
ValueError: Target scores need to be probabilities for multiclass roc_auc, i.e. they should sum up to 1.0 over classes

  warnings.warn(

2025-12-04 15:49:39,997:WARNING:C:\Users\ywcho\AppData\Local\Programs\Python\Python311\Lib\site-packages\sklearn\metrics\_classification.py:1561: UserWarning: Note that pos_label (set to 'turkish') is ignored when average != 'binary' (got 'weighted'). You may use labels=[pos_label] to specify a single positive class.
  warnings.warn(

2025-12-04 15:49:40,009:WARNING:C:\Users\ywcho\AppData\Local\Programs\Python\Python311\Lib\site-packages\sklearn\metrics\_classification.py:1561: UserWarning: Note that pos_label (set to 'turkish') is ignored when average != 'binary' (got 'weighted'). You may use labels=[pos_label] to specify a single positive class.
  warnings.warn(

2025-12-04 15:49:40,019:WARNING:C:\Users\ywcho\AppData\Local\Programs\Python\Python311\Lib\site-packages\sklearn\metrics\_classification.py:1561: UserWarning: Note that pos_label (set to 'turkish') is ignored when average != 'binary' (got 'weighted'). You may use labels=[pos_label] to specify a single positive class.
  warnings.warn(

2025-12-04 15:49:40,218:WARNING:C:\Users\ywcho\AppData\Local\Programs\Python\Python311\Lib\site-packages\pycaret\internal\metrics.py:204: FitFailedWarning: Metric 'make_scorer(roc_auc_score, response_method=('decision_function', 'predict_proba'), average=weighted, multi_class=ovr)' failed and error score 0.0 has been returned instead. If this is a custom metric, this usually means that the error is in the metric code. Full exception below:
Traceback (most recent call last):
  File "C:\Users\ywcho\AppData\Local\Programs\Python\Python311\Lib\site-packages\pycaret\internal\metrics.py", line 196, in _score
    return super()._score(
           ^^^^^^^^^^^^^^^
  File "C:\Users\ywcho\AppData\Local\Programs\Python\Python311\Lib\site-packages\sklearn\metrics\_scorer.py", line 350, in _score
    return self._sign * self._score_func(y_true, y_pred, **scoring_kwargs)
                        ^^^^^^^^^^^^^^^^^^^^^^^^^^^^^^^^^^^^^^^^^^^^^^^^^^
  File "C:\Users\ywcho\AppData\Local\Programs\Python\Python311\Lib\site-packages\pycaret\internal\metrics.py", line 144, in __call__
    return self.score_func(y_true, y_pred, **kwargs)
           ^^^^^^^^^^^^^^^^^^^^^^^^^^^^^^^^^^^^^^^^^
  File "C:\Users\ywcho\AppData\Local\Programs\Python\Python311\Lib\site-packages\sklearn\utils\_param_validation.py", line 213, in wrapper
    return func(*args, **kwargs)
           ^^^^^^^^^^^^^^^^^^^^^
  File "C:\Users\ywcho\AppData\Local\Programs\Python\Python311\Lib\site-packages\sklearn\metrics\_ranking.py", line 634, in roc_auc_score
    return _multiclass_roc_auc_score(
           ^^^^^^^^^^^^^^^^^^^^^^^^^^
  File "C:\Users\ywcho\AppData\Local\Programs\Python\Python311\Lib\site-packages\sklearn\metrics\_ranking.py", line 707, in _multiclass_roc_auc_score
    raise ValueError(
ValueError: Target scores need to be probabilities for multiclass roc_auc, i.e. they should sum up to 1.0 over classes

  warnings.warn(

2025-12-04 15:49:40,221:WARNING:C:\Users\ywcho\AppData\Local\Programs\Python\Python311\Lib\site-packages\sklearn\metrics\_classification.py:1561: UserWarning: Note that pos_label (set to 'turkish') is ignored when average != 'binary' (got 'weighted'). You may use labels=[pos_label] to specify a single positive class.
  warnings.warn(

2025-12-04 15:49:40,227:WARNING:C:\Users\ywcho\AppData\Local\Programs\Python\Python311\Lib\site-packages\sklearn\metrics\_classification.py:1561: UserWarning: Note that pos_label (set to 'turkish') is ignored when average != 'binary' (got 'weighted'). You may use labels=[pos_label] to specify a single positive class.
  warnings.warn(

2025-12-04 15:49:40,238:WARNING:C:\Users\ywcho\AppData\Local\Programs\Python\Python311\Lib\site-packages\sklearn\metrics\_classification.py:1561: UserWarning: Note that pos_label (set to 'turkish') is ignored when average != 'binary' (got 'weighted'). You may use labels=[pos_label] to specify a single positive class.
  warnings.warn(

2025-12-04 15:49:40,258:WARNING:C:\Users\ywcho\AppData\Local\Programs\Python\Python311\Lib\site-packages\pycaret\internal\metrics.py:204: FitFailedWarning: Metric 'make_scorer(roc_auc_score, response_method=('decision_function', 'predict_proba'), average=weighted, multi_class=ovr)' failed and error score 0.0 has been returned instead. If this is a custom metric, this usually means that the error is in the metric code. Full exception below:
Traceback (most recent call last):
  File "C:\Users\ywcho\AppData\Local\Programs\Python\Python311\Lib\site-packages\pycaret\internal\metrics.py", line 196, in _score
    return super()._score(
           ^^^^^^^^^^^^^^^
  File "C:\Users\ywcho\AppData\Local\Programs\Python\Python311\Lib\site-packages\sklearn\metrics\_scorer.py", line 350, in _score
    return self._sign * self._score_func(y_true, y_pred, **scoring_kwargs)
                        ^^^^^^^^^^^^^^^^^^^^^^^^^^^^^^^^^^^^^^^^^^^^^^^^^^
  File "C:\Users\ywcho\AppData\Local\Programs\Python\Python311\Lib\site-packages\pycaret\internal\metrics.py", line 144, in __call__
    return self.score_func(y_true, y_pred, **kwargs)
           ^^^^^^^^^^^^^^^^^^^^^^^^^^^^^^^^^^^^^^^^^
  File "C:\Users\ywcho\AppData\Local\Programs\Python\Python311\Lib\site-packages\sklearn\utils\_param_validation.py", line 213, in wrapper
    return func(*args, **kwargs)
           ^^^^^^^^^^^^^^^^^^^^^
  File "C:\Users\ywcho\AppData\Local\Programs\Python\Python311\Lib\site-packages\sklearn\metrics\_ranking.py", line 634, in roc_auc_score
    return _multiclass_roc_auc_score(
           ^^^^^^^^^^^^^^^^^^^^^^^^^^
  File "C:\Users\ywcho\AppData\Local\Programs\Python\Python311\Lib\site-packages\sklearn\metrics\_ranking.py", line 707, in _multiclass_roc_auc_score
    raise ValueError(
ValueError: Target scores need to be probabilities for multiclass roc_auc, i.e. they should sum up to 1.0 over classes

  warnings.warn(

2025-12-04 15:49:40,268:WARNING:C:\Users\ywcho\AppData\Local\Programs\Python\Python311\Lib\site-packages\sklearn\metrics\_classification.py:1561: UserWarning: Note that pos_label (set to 'turkish') is ignored when average != 'binary' (got 'weighted'). You may use labels=[pos_label] to specify a single positive class.
  warnings.warn(

2025-12-04 15:49:40,278:WARNING:C:\Users\ywcho\AppData\Local\Programs\Python\Python311\Lib\site-packages\sklearn\metrics\_classification.py:1561: UserWarning: Note that pos_label (set to 'turkish') is ignored when average != 'binary' (got 'weighted'). You may use labels=[pos_label] to specify a single positive class.
  warnings.warn(

2025-12-04 15:49:40,288:WARNING:C:\Users\ywcho\AppData\Local\Programs\Python\Python311\Lib\site-packages\sklearn\metrics\_classification.py:1561: UserWarning: Note that pos_label (set to 'turkish') is ignored when average != 'binary' (got 'weighted'). You may use labels=[pos_label] to specify a single positive class.
  warnings.warn(

2025-12-04 15:49:40,475:WARNING:C:\Users\ywcho\AppData\Local\Programs\Python\Python311\Lib\site-packages\pycaret\internal\metrics.py:204: FitFailedWarning: Metric 'make_scorer(roc_auc_score, response_method=('decision_function', 'predict_proba'), average=weighted, multi_class=ovr)' failed and error score 0.0 has been returned instead. If this is a custom metric, this usually means that the error is in the metric code. Full exception below:
Traceback (most recent call last):
  File "C:\Users\ywcho\AppData\Local\Programs\Python\Python311\Lib\site-packages\pycaret\internal\metrics.py", line 196, in _score
    return super()._score(
           ^^^^^^^^^^^^^^^
  File "C:\Users\ywcho\AppData\Local\Programs\Python\Python311\Lib\site-packages\sklearn\metrics\_scorer.py", line 350, in _score
    return self._sign * self._score_func(y_true, y_pred, **scoring_kwargs)
                        ^^^^^^^^^^^^^^^^^^^^^^^^^^^^^^^^^^^^^^^^^^^^^^^^^^
  File "C:\Users\ywcho\AppData\Local\Programs\Python\Python311\Lib\site-packages\pycaret\internal\metrics.py", line 144, in __call__
    return self.score_func(y_true, y_pred, **kwargs)
           ^^^^^^^^^^^^^^^^^^^^^^^^^^^^^^^^^^^^^^^^^
  File "C:\Users\ywcho\AppData\Local\Programs\Python\Python311\Lib\site-packages\sklearn\utils\_param_validation.py", line 213, in wrapper
    return func(*args, **kwargs)
           ^^^^^^^^^^^^^^^^^^^^^
  File "C:\Users\ywcho\AppData\Local\Programs\Python\Python311\Lib\site-packages\sklearn\metrics\_ranking.py", line 634, in roc_auc_score
    return _multiclass_roc_auc_score(
           ^^^^^^^^^^^^^^^^^^^^^^^^^^
  File "C:\Users\ywcho\AppData\Local\Programs\Python\Python311\Lib\site-packages\sklearn\metrics\_ranking.py", line 707, in _multiclass_roc_auc_score
    raise ValueError(
ValueError: Target scores need to be probabilities for multiclass roc_auc, i.e. they should sum up to 1.0 over classes

  warnings.warn(

2025-12-04 15:49:40,481:WARNING:C:\Users\ywcho\AppData\Local\Programs\Python\Python311\Lib\site-packages\sklearn\metrics\_classification.py:1561: UserWarning: Note that pos_label (set to 'turkish') is ignored when average != 'binary' (got 'weighted'). You may use labels=[pos_label] to specify a single positive class.
  warnings.warn(

2025-12-04 15:49:40,491:WARNING:C:\Users\ywcho\AppData\Local\Programs\Python\Python311\Lib\site-packages\pycaret\internal\metrics.py:204: FitFailedWarning: Metric 'make_scorer(roc_auc_score, response_method=('decision_function', 'predict_proba'), average=weighted, multi_class=ovr)' failed and error score 0.0 has been returned instead. If this is a custom metric, this usually means that the error is in the metric code. Full exception below:
Traceback (most recent call last):
  File "C:\Users\ywcho\AppData\Local\Programs\Python\Python311\Lib\site-packages\pycaret\internal\metrics.py", line 196, in _score
    return super()._score(
           ^^^^^^^^^^^^^^^
  File "C:\Users\ywcho\AppData\Local\Programs\Python\Python311\Lib\site-packages\sklearn\metrics\_scorer.py", line 350, in _score
    return self._sign * self._score_func(y_true, y_pred, **scoring_kwargs)
                        ^^^^^^^^^^^^^^^^^^^^^^^^^^^^^^^^^^^^^^^^^^^^^^^^^^
  File "C:\Users\ywcho\AppData\Local\Programs\Python\Python311\Lib\site-packages\pycaret\internal\metrics.py", line 144, in __call__
    return self.score_func(y_true, y_pred, **kwargs)
           ^^^^^^^^^^^^^^^^^^^^^^^^^^^^^^^^^^^^^^^^^
  File "C:\Users\ywcho\AppData\Local\Programs\Python\Python311\Lib\site-packages\sklearn\utils\_param_validation.py", line 213, in wrapper
    return func(*args, **kwargs)
           ^^^^^^^^^^^^^^^^^^^^^
  File "C:\Users\ywcho\AppData\Local\Programs\Python\Python311\Lib\site-packages\sklearn\metrics\_ranking.py", line 634, in roc_auc_score
    return _multiclass_roc_auc_score(
           ^^^^^^^^^^^^^^^^^^^^^^^^^^
  File "C:\Users\ywcho\AppData\Local\Programs\Python\Python311\Lib\site-packages\sklearn\metrics\_ranking.py", line 707, in _multiclass_roc_auc_score
    raise ValueError(
ValueError: Target scores need to be probabilities for multiclass roc_auc, i.e. they should sum up to 1.0 over classes

  warnings.warn(

2025-12-04 15:49:40,491:WARNING:C:\Users\ywcho\AppData\Local\Programs\Python\Python311\Lib\site-packages\sklearn\metrics\_classification.py:1561: UserWarning: Note that pos_label (set to 'turkish') is ignored when average != 'binary' (got 'weighted'). You may use labels=[pos_label] to specify a single positive class.
  warnings.warn(

2025-12-04 15:49:40,491:WARNING:C:\Users\ywcho\AppData\Local\Programs\Python\Python311\Lib\site-packages\sklearn\metrics\_classification.py:1561: UserWarning: Note that pos_label (set to 'turkish') is ignored when average != 'binary' (got 'weighted'). You may use labels=[pos_label] to specify a single positive class.
  warnings.warn(

2025-12-04 15:49:40,501:WARNING:C:\Users\ywcho\AppData\Local\Programs\Python\Python311\Lib\site-packages\sklearn\metrics\_classification.py:1561: UserWarning: Note that pos_label (set to 'turkish') is ignored when average != 'binary' (got 'weighted'). You may use labels=[pos_label] to specify a single positive class.
  warnings.warn(

2025-12-04 15:49:40,506:WARNING:C:\Users\ywcho\AppData\Local\Programs\Python\Python311\Lib\site-packages\sklearn\metrics\_classification.py:1561: UserWarning: Note that pos_label (set to 'turkish') is ignored when average != 'binary' (got 'weighted'). You may use labels=[pos_label] to specify a single positive class.
  warnings.warn(

2025-12-04 15:49:40,511:WARNING:C:\Users\ywcho\AppData\Local\Programs\Python\Python311\Lib\site-packages\sklearn\metrics\_classification.py:1561: UserWarning: Note that pos_label (set to 'turkish') is ignored when average != 'binary' (got 'weighted'). You may use labels=[pos_label] to specify a single positive class.
  warnings.warn(

2025-12-04 15:49:40,572:WARNING:C:\Users\ywcho\AppData\Local\Programs\Python\Python311\Lib\site-packages\pycaret\internal\metrics.py:204: FitFailedWarning: Metric 'make_scorer(roc_auc_score, response_method=('decision_function', 'predict_proba'), average=weighted, multi_class=ovr)' failed and error score 0.0 has been returned instead. If this is a custom metric, this usually means that the error is in the metric code. Full exception below:
Traceback (most recent call last):
  File "C:\Users\ywcho\AppData\Local\Programs\Python\Python311\Lib\site-packages\pycaret\internal\metrics.py", line 196, in _score
    return super()._score(
           ^^^^^^^^^^^^^^^
  File "C:\Users\ywcho\AppData\Local\Programs\Python\Python311\Lib\site-packages\sklearn\metrics\_scorer.py", line 350, in _score
    return self._sign * self._score_func(y_true, y_pred, **scoring_kwargs)
                        ^^^^^^^^^^^^^^^^^^^^^^^^^^^^^^^^^^^^^^^^^^^^^^^^^^
  File "C:\Users\ywcho\AppData\Local\Programs\Python\Python311\Lib\site-packages\pycaret\internal\metrics.py", line 144, in __call__
    return self.score_func(y_true, y_pred, **kwargs)
           ^^^^^^^^^^^^^^^^^^^^^^^^^^^^^^^^^^^^^^^^^
  File "C:\Users\ywcho\AppData\Local\Programs\Python\Python311\Lib\site-packages\sklearn\utils\_param_validation.py", line 213, in wrapper
    return func(*args, **kwargs)
           ^^^^^^^^^^^^^^^^^^^^^
  File "C:\Users\ywcho\AppData\Local\Programs\Python\Python311\Lib\site-packages\sklearn\metrics\_ranking.py", line 634, in roc_auc_score
    return _multiclass_roc_auc_score(
           ^^^^^^^^^^^^^^^^^^^^^^^^^^
  File "C:\Users\ywcho\AppData\Local\Programs\Python\Python311\Lib\site-packages\sklearn\metrics\_ranking.py", line 707, in _multiclass_roc_auc_score
    raise ValueError(
ValueError: Target scores need to be probabilities for multiclass roc_auc, i.e. they should sum up to 1.0 over classes

  warnings.warn(

2025-12-04 15:49:40,572:WARNING:C:\Users\ywcho\AppData\Local\Programs\Python\Python311\Lib\site-packages\sklearn\metrics\_classification.py:1561: UserWarning: Note that pos_label (set to 'turkish') is ignored when average != 'binary' (got 'weighted'). You may use labels=[pos_label] to specify a single positive class.
  warnings.warn(

2025-12-04 15:49:40,587:WARNING:C:\Users\ywcho\AppData\Local\Programs\Python\Python311\Lib\site-packages\sklearn\metrics\_classification.py:1561: UserWarning: Note that pos_label (set to 'turkish') is ignored when average != 'binary' (got 'weighted'). You may use labels=[pos_label] to specify a single positive class.
  warnings.warn(

2025-12-04 15:49:40,592:WARNING:C:\Users\ywcho\AppData\Local\Programs\Python\Python311\Lib\site-packages\sklearn\metrics\_classification.py:1561: UserWarning: Note that pos_label (set to 'turkish') is ignored when average != 'binary' (got 'weighted'). You may use labels=[pos_label] to specify a single positive class.
  warnings.warn(

2025-12-04 15:49:40,695:WARNING:C:\Users\ywcho\AppData\Local\Programs\Python\Python311\Lib\site-packages\pycaret\internal\metrics.py:204: FitFailedWarning: Metric 'make_scorer(roc_auc_score, response_method=('decision_function', 'predict_proba'), average=weighted, multi_class=ovr)' failed and error score 0.0 has been returned instead. If this is a custom metric, this usually means that the error is in the metric code. Full exception below:
Traceback (most recent call last):
  File "C:\Users\ywcho\AppData\Local\Programs\Python\Python311\Lib\site-packages\pycaret\internal\metrics.py", line 196, in _score
    return super()._score(
           ^^^^^^^^^^^^^^^
  File "C:\Users\ywcho\AppData\Local\Programs\Python\Python311\Lib\site-packages\sklearn\metrics\_scorer.py", line 350, in _score
    return self._sign * self._score_func(y_true, y_pred, **scoring_kwargs)
                        ^^^^^^^^^^^^^^^^^^^^^^^^^^^^^^^^^^^^^^^^^^^^^^^^^^
  File "C:\Users\ywcho\AppData\Local\Programs\Python\Python311\Lib\site-packages\pycaret\internal\metrics.py", line 144, in __call__
    return self.score_func(y_true, y_pred, **kwargs)
           ^^^^^^^^^^^^^^^^^^^^^^^^^^^^^^^^^^^^^^^^^
  File "C:\Users\ywcho\AppData\Local\Programs\Python\Python311\Lib\site-packages\sklearn\utils\_param_validation.py", line 213, in wrapper
    return func(*args, **kwargs)
           ^^^^^^^^^^^^^^^^^^^^^
  File "C:\Users\ywcho\AppData\Local\Programs\Python\Python311\Lib\site-packages\sklearn\metrics\_ranking.py", line 634, in roc_auc_score
    return _multiclass_roc_auc_score(
           ^^^^^^^^^^^^^^^^^^^^^^^^^^
  File "C:\Users\ywcho\AppData\Local\Programs\Python\Python311\Lib\site-packages\sklearn\metrics\_ranking.py", line 707, in _multiclass_roc_auc_score
    raise ValueError(
ValueError: Target scores need to be probabilities for multiclass roc_auc, i.e. they should sum up to 1.0 over classes

  warnings.warn(

2025-12-04 15:49:40,705:WARNING:C:\Users\ywcho\AppData\Local\Programs\Python\Python311\Lib\site-packages\sklearn\metrics\_classification.py:1561: UserWarning: Note that pos_label (set to 'turkish') is ignored when average != 'binary' (got 'weighted'). You may use labels=[pos_label] to specify a single positive class.
  warnings.warn(

2025-12-04 15:49:40,707:WARNING:C:\Users\ywcho\AppData\Local\Programs\Python\Python311\Lib\site-packages\sklearn\metrics\_classification.py:1561: UserWarning: Note that pos_label (set to 'turkish') is ignored when average != 'binary' (got 'weighted'). You may use labels=[pos_label] to specify a single positive class.
  warnings.warn(

2025-12-04 15:49:40,715:WARNING:C:\Users\ywcho\AppData\Local\Programs\Python\Python311\Lib\site-packages\sklearn\metrics\_classification.py:1561: UserWarning: Note that pos_label (set to 'turkish') is ignored when average != 'binary' (got 'weighted'). You may use labels=[pos_label] to specify a single positive class.
  warnings.warn(

2025-12-04 15:49:40,877:WARNING:C:\Users\ywcho\AppData\Local\Programs\Python\Python311\Lib\site-packages\pycaret\internal\metrics.py:204: FitFailedWarning: Metric 'make_scorer(roc_auc_score, response_method=('decision_function', 'predict_proba'), average=weighted, multi_class=ovr)' failed and error score 0.0 has been returned instead. If this is a custom metric, this usually means that the error is in the metric code. Full exception below:
Traceback (most recent call last):
  File "C:\Users\ywcho\AppData\Local\Programs\Python\Python311\Lib\site-packages\pycaret\internal\metrics.py", line 196, in _score
    return super()._score(
           ^^^^^^^^^^^^^^^
  File "C:\Users\ywcho\AppData\Local\Programs\Python\Python311\Lib\site-packages\sklearn\metrics\_scorer.py", line 350, in _score
    return self._sign * self._score_func(y_true, y_pred, **scoring_kwargs)
                        ^^^^^^^^^^^^^^^^^^^^^^^^^^^^^^^^^^^^^^^^^^^^^^^^^^
  File "C:\Users\ywcho\AppData\Local\Programs\Python\Python311\Lib\site-packages\pycaret\internal\metrics.py", line 144, in __call__
    return self.score_func(y_true, y_pred, **kwargs)
           ^^^^^^^^^^^^^^^^^^^^^^^^^^^^^^^^^^^^^^^^^
  File "C:\Users\ywcho\AppData\Local\Programs\Python\Python311\Lib\site-packages\sklearn\utils\_param_validation.py", line 213, in wrapper
    return func(*args, **kwargs)
           ^^^^^^^^^^^^^^^^^^^^^
  File "C:\Users\ywcho\AppData\Local\Programs\Python\Python311\Lib\site-packages\sklearn\metrics\_ranking.py", line 634, in roc_auc_score
    return _multiclass_roc_auc_score(
           ^^^^^^^^^^^^^^^^^^^^^^^^^^
  File "C:\Users\ywcho\AppData\Local\Programs\Python\Python311\Lib\site-packages\sklearn\metrics\_ranking.py", line 707, in _multiclass_roc_auc_score
    raise ValueError(
ValueError: Target scores need to be probabilities for multiclass roc_auc, i.e. they should sum up to 1.0 over classes

  warnings.warn(

2025-12-04 15:49:40,883:WARNING:C:\Users\ywcho\AppData\Local\Programs\Python\Python311\Lib\site-packages\sklearn\metrics\_classification.py:1561: UserWarning: Note that pos_label (set to 'turkish') is ignored when average != 'binary' (got 'weighted'). You may use labels=[pos_label] to specify a single positive class.
  warnings.warn(

2025-12-04 15:49:40,887:WARNING:C:\Users\ywcho\AppData\Local\Programs\Python\Python311\Lib\site-packages\sklearn\metrics\_classification.py:1561: UserWarning: Note that pos_label (set to 'turkish') is ignored when average != 'binary' (got 'weighted'). You may use labels=[pos_label] to specify a single positive class.
  warnings.warn(

2025-12-04 15:49:40,899:WARNING:C:\Users\ywcho\AppData\Local\Programs\Python\Python311\Lib\site-packages\sklearn\metrics\_classification.py:1561: UserWarning: Note that pos_label (set to 'turkish') is ignored when average != 'binary' (got 'weighted'). You may use labels=[pos_label] to specify a single positive class.
  warnings.warn(

2025-12-04 15:49:40,917:INFO:Calculating mean and std
2025-12-04 15:49:40,917:INFO:Creating metrics dataframe
2025-12-04 15:49:40,919:INFO:Uploading results into container
2025-12-04 15:49:40,919:INFO:Uploading model into container now
2025-12-04 15:49:40,919:INFO:_master_model_container: 10
2025-12-04 15:49:40,919:INFO:_display_container: 2
2025-12-04 15:49:40,919:INFO:GradientBoostingClassifier(ccp_alpha=0.0, criterion='friedman_mse', init=None,
                           learning_rate=0.1, loss='log_loss', max_depth=3,
                           max_features=None, max_leaf_nodes=None,
                           min_impurity_decrease=0.0, min_samples_leaf=1,
                           min_samples_split=2, min_weight_fraction_leaf=0.0,
                           n_estimators=100, n_iter_no_change=None,
                           random_state=42, subsample=1.0, tol=0.0001,
                           validation_fraction=0.1, verbose=0,
                           warm_start=False)
2025-12-04 15:49:40,919:INFO:create_model() successfully completed......................................
2025-12-04 15:49:41,008:INFO:SubProcess create_model() end ==================================
2025-12-04 15:49:41,008:INFO:Creating metrics dataframe
2025-12-04 15:49:41,008:INFO:Initializing Linear Discriminant Analysis
2025-12-04 15:49:41,008:INFO:Total runtime is 2.953041811784108 minutes
2025-12-04 15:49:41,008:INFO:SubProcess create_model() called ==================================
2025-12-04 15:49:41,008:INFO:Initializing create_model()
2025-12-04 15:49:41,008:INFO:create_model(self=<pycaret.classification.oop.ClassificationExperiment object at 0x000001E83DF7F610>, estimator=lda, fold=StratifiedKFold(n_splits=10, random_state=None, shuffle=False), round=4, cross_validation=True, predict=True, fit_kwargs={}, groups=None, refit=False, probability_threshold=None, experiment_custom_tags=None, verbose=False, system=False, add_to_model_list=True, metrics=None, display=<pycaret.internal.display.display.CommonDisplay object at 0x000001E879341450>, model_only=True, return_train_score=False, error_score=0.0, kwargs={})
2025-12-04 15:49:41,008:INFO:Checking exceptions
2025-12-04 15:49:41,008:INFO:Importing libraries
2025-12-04 15:49:41,008:INFO:Copying training dataset
2025-12-04 15:49:41,008:INFO:Defining folds
2025-12-04 15:49:41,008:INFO:Declaring metric variables
2025-12-04 15:49:41,008:INFO:Importing untrained model
2025-12-04 15:49:41,008:INFO:Linear Discriminant Analysis Imported successfully
2025-12-04 15:49:41,023:INFO:Starting cross validation
2025-12-04 15:49:41,023:INFO:Cross validating with StratifiedKFold(n_splits=10, random_state=None, shuffle=False), n_jobs=-1
2025-12-04 15:49:41,271:WARNING:C:\Users\ywcho\AppData\Local\Programs\Python\Python311\Lib\site-packages\numpy\core\_methods.py:187: RuntimeWarning: overflow encountered in reduce
  ret = umr_sum(x, axis, dtype, out, keepdims=keepdims, where=where)

2025-12-04 15:49:41,295:WARNING:C:\Users\ywcho\AppData\Local\Programs\Python\Python311\Lib\site-packages\numpy\core\_methods.py:187: RuntimeWarning: overflow encountered in reduce
  ret = umr_sum(x, axis, dtype, out, keepdims=keepdims, where=where)

2025-12-04 15:49:41,308:WARNING:C:\Users\ywcho\AppData\Local\Programs\Python\Python311\Lib\site-packages\numpy\core\_methods.py:187: RuntimeWarning: overflow encountered in reduce
  ret = umr_sum(x, axis, dtype, out, keepdims=keepdims, where=where)

2025-12-04 15:49:41,330:WARNING:C:\Users\ywcho\AppData\Local\Programs\Python\Python311\Lib\site-packages\numpy\core\_methods.py:187: RuntimeWarning: overflow encountered in reduce
  ret = umr_sum(x, axis, dtype, out, keepdims=keepdims, where=where)

2025-12-04 15:49:41,332:WARNING:C:\Users\ywcho\AppData\Local\Programs\Python\Python311\Lib\site-packages\numpy\core\_methods.py:187: RuntimeWarning: overflow encountered in reduce
  ret = umr_sum(x, axis, dtype, out, keepdims=keepdims, where=where)

2025-12-04 15:49:41,334:WARNING:C:\Users\ywcho\AppData\Local\Programs\Python\Python311\Lib\site-packages\numpy\core\_methods.py:187: RuntimeWarning: overflow encountered in reduce
  ret = umr_sum(x, axis, dtype, out, keepdims=keepdims, where=where)

2025-12-04 15:49:41,336:WARNING:C:\Users\ywcho\AppData\Local\Programs\Python\Python311\Lib\site-packages\numpy\core\_methods.py:187: RuntimeWarning: overflow encountered in reduce
  ret = umr_sum(x, axis, dtype, out, keepdims=keepdims, where=where)

2025-12-04 15:49:41,340:WARNING:C:\Users\ywcho\AppData\Local\Programs\Python\Python311\Lib\site-packages\numpy\core\_methods.py:187: RuntimeWarning: overflow encountered in reduce
  ret = umr_sum(x, axis, dtype, out, keepdims=keepdims, where=where)

2025-12-04 15:49:41,344:WARNING:C:\Users\ywcho\AppData\Local\Programs\Python\Python311\Lib\site-packages\numpy\core\_methods.py:187: RuntimeWarning: overflow encountered in reduce
  ret = umr_sum(x, axis, dtype, out, keepdims=keepdims, where=where)

2025-12-04 15:49:41,348:WARNING:C:\Users\ywcho\AppData\Local\Programs\Python\Python311\Lib\site-packages\numpy\core\_methods.py:187: RuntimeWarning: overflow encountered in reduce
  ret = umr_sum(x, axis, dtype, out, keepdims=keepdims, where=where)

2025-12-04 15:49:41,350:WARNING:C:\Users\ywcho\AppData\Local\Programs\Python\Python311\Lib\site-packages\pycaret\internal\metrics.py:204: FitFailedWarning: Metric 'make_scorer(roc_auc_score, response_method=('decision_function', 'predict_proba'), average=weighted, multi_class=ovr)' failed and error score 0.0 has been returned instead. If this is a custom metric, this usually means that the error is in the metric code. Full exception below:
Traceback (most recent call last):
  File "C:\Users\ywcho\AppData\Local\Programs\Python\Python311\Lib\site-packages\pycaret\internal\metrics.py", line 196, in _score
    return super()._score(
           ^^^^^^^^^^^^^^^
  File "C:\Users\ywcho\AppData\Local\Programs\Python\Python311\Lib\site-packages\sklearn\metrics\_scorer.py", line 350, in _score
    return self._sign * self._score_func(y_true, y_pred, **scoring_kwargs)
                        ^^^^^^^^^^^^^^^^^^^^^^^^^^^^^^^^^^^^^^^^^^^^^^^^^^
  File "C:\Users\ywcho\AppData\Local\Programs\Python\Python311\Lib\site-packages\pycaret\internal\metrics.py", line 144, in __call__
    return self.score_func(y_true, y_pred, **kwargs)
           ^^^^^^^^^^^^^^^^^^^^^^^^^^^^^^^^^^^^^^^^^
  File "C:\Users\ywcho\AppData\Local\Programs\Python\Python311\Lib\site-packages\sklearn\utils\_param_validation.py", line 213, in wrapper
    return func(*args, **kwargs)
           ^^^^^^^^^^^^^^^^^^^^^
  File "C:\Users\ywcho\AppData\Local\Programs\Python\Python311\Lib\site-packages\sklearn\metrics\_ranking.py", line 634, in roc_auc_score
    return _multiclass_roc_auc_score(
           ^^^^^^^^^^^^^^^^^^^^^^^^^^
  File "C:\Users\ywcho\AppData\Local\Programs\Python\Python311\Lib\site-packages\sklearn\metrics\_ranking.py", line 707, in _multiclass_roc_auc_score
    raise ValueError(
ValueError: Target scores need to be probabilities for multiclass roc_auc, i.e. they should sum up to 1.0 over classes

  warnings.warn(

2025-12-04 15:49:41,358:WARNING:C:\Users\ywcho\AppData\Local\Programs\Python\Python311\Lib\site-packages\sklearn\metrics\_classification.py:1561: UserWarning: Note that pos_label (set to 'turkish') is ignored when average != 'binary' (got 'weighted'). You may use labels=[pos_label] to specify a single positive class.
  warnings.warn(

2025-12-04 15:49:41,373:WARNING:C:\Users\ywcho\AppData\Local\Programs\Python\Python311\Lib\site-packages\sklearn\metrics\_classification.py:1561: UserWarning: Note that pos_label (set to 'turkish') is ignored when average != 'binary' (got 'weighted'). You may use labels=[pos_label] to specify a single positive class.
  warnings.warn(

2025-12-04 15:49:41,381:WARNING:C:\Users\ywcho\AppData\Local\Programs\Python\Python311\Lib\site-packages\pycaret\internal\metrics.py:204: FitFailedWarning: Metric 'make_scorer(roc_auc_score, response_method=('decision_function', 'predict_proba'), average=weighted, multi_class=ovr)' failed and error score 0.0 has been returned instead. If this is a custom metric, this usually means that the error is in the metric code. Full exception below:
Traceback (most recent call last):
  File "C:\Users\ywcho\AppData\Local\Programs\Python\Python311\Lib\site-packages\pycaret\internal\metrics.py", line 196, in _score
    return super()._score(
           ^^^^^^^^^^^^^^^
  File "C:\Users\ywcho\AppData\Local\Programs\Python\Python311\Lib\site-packages\sklearn\metrics\_scorer.py", line 350, in _score
    return self._sign * self._score_func(y_true, y_pred, **scoring_kwargs)
                        ^^^^^^^^^^^^^^^^^^^^^^^^^^^^^^^^^^^^^^^^^^^^^^^^^^
  File "C:\Users\ywcho\AppData\Local\Programs\Python\Python311\Lib\site-packages\pycaret\internal\metrics.py", line 144, in __call__
    return self.score_func(y_true, y_pred, **kwargs)
           ^^^^^^^^^^^^^^^^^^^^^^^^^^^^^^^^^^^^^^^^^
  File "C:\Users\ywcho\AppData\Local\Programs\Python\Python311\Lib\site-packages\sklearn\utils\_param_validation.py", line 213, in wrapper
    return func(*args, **kwargs)
           ^^^^^^^^^^^^^^^^^^^^^
  File "C:\Users\ywcho\AppData\Local\Programs\Python\Python311\Lib\site-packages\sklearn\metrics\_ranking.py", line 634, in roc_auc_score
    return _multiclass_roc_auc_score(
           ^^^^^^^^^^^^^^^^^^^^^^^^^^
  File "C:\Users\ywcho\AppData\Local\Programs\Python\Python311\Lib\site-packages\sklearn\metrics\_ranking.py", line 707, in _multiclass_roc_auc_score
    raise ValueError(
ValueError: Target scores need to be probabilities for multiclass roc_auc, i.e. they should sum up to 1.0 over classes

  warnings.warn(

2025-12-04 15:49:41,390:WARNING:C:\Users\ywcho\AppData\Local\Programs\Python\Python311\Lib\site-packages\sklearn\metrics\_classification.py:1561: UserWarning: Note that pos_label (set to 'turkish') is ignored when average != 'binary' (got 'weighted'). You may use labels=[pos_label] to specify a single positive class.
  warnings.warn(

2025-12-04 15:49:41,390:WARNING:C:\Users\ywcho\AppData\Local\Programs\Python\Python311\Lib\site-packages\pycaret\internal\metrics.py:204: FitFailedWarning: Metric 'make_scorer(roc_auc_score, response_method=('decision_function', 'predict_proba'), average=weighted, multi_class=ovr)' failed and error score 0.0 has been returned instead. If this is a custom metric, this usually means that the error is in the metric code. Full exception below:
Traceback (most recent call last):
  File "C:\Users\ywcho\AppData\Local\Programs\Python\Python311\Lib\site-packages\pycaret\internal\metrics.py", line 196, in _score
    return super()._score(
           ^^^^^^^^^^^^^^^
  File "C:\Users\ywcho\AppData\Local\Programs\Python\Python311\Lib\site-packages\sklearn\metrics\_scorer.py", line 350, in _score
    return self._sign * self._score_func(y_true, y_pred, **scoring_kwargs)
                        ^^^^^^^^^^^^^^^^^^^^^^^^^^^^^^^^^^^^^^^^^^^^^^^^^^
  File "C:\Users\ywcho\AppData\Local\Programs\Python\Python311\Lib\site-packages\pycaret\internal\metrics.py", line 144, in __call__
    return self.score_func(y_true, y_pred, **kwargs)
           ^^^^^^^^^^^^^^^^^^^^^^^^^^^^^^^^^^^^^^^^^
  File "C:\Users\ywcho\AppData\Local\Programs\Python\Python311\Lib\site-packages\sklearn\utils\_param_validation.py", line 213, in wrapper
    return func(*args, **kwargs)
           ^^^^^^^^^^^^^^^^^^^^^
  File "C:\Users\ywcho\AppData\Local\Programs\Python\Python311\Lib\site-packages\sklearn\metrics\_ranking.py", line 634, in roc_auc_score
    return _multiclass_roc_auc_score(
           ^^^^^^^^^^^^^^^^^^^^^^^^^^
  File "C:\Users\ywcho\AppData\Local\Programs\Python\Python311\Lib\site-packages\sklearn\metrics\_ranking.py", line 707, in _multiclass_roc_auc_score
    raise ValueError(
ValueError: Target scores need to be probabilities for multiclass roc_auc, i.e. they should sum up to 1.0 over classes

  warnings.warn(

2025-12-04 15:49:41,390:WARNING:C:\Users\ywcho\AppData\Local\Programs\Python\Python311\Lib\site-packages\pycaret\internal\metrics.py:204: FitFailedWarning: Metric 'make_scorer(roc_auc_score, response_method=('decision_function', 'predict_proba'), average=weighted, multi_class=ovr)' failed and error score 0.0 has been returned instead. If this is a custom metric, this usually means that the error is in the metric code. Full exception below:
Traceback (most recent call last):
  File "C:\Users\ywcho\AppData\Local\Programs\Python\Python311\Lib\site-packages\pycaret\internal\metrics.py", line 196, in _score
    return super()._score(
           ^^^^^^^^^^^^^^^
  File "C:\Users\ywcho\AppData\Local\Programs\Python\Python311\Lib\site-packages\sklearn\metrics\_scorer.py", line 350, in _score
    return self._sign * self._score_func(y_true, y_pred, **scoring_kwargs)
                        ^^^^^^^^^^^^^^^^^^^^^^^^^^^^^^^^^^^^^^^^^^^^^^^^^^
  File "C:\Users\ywcho\AppData\Local\Programs\Python\Python311\Lib\site-packages\pycaret\internal\metrics.py", line 144, in __call__
    return self.score_func(y_true, y_pred, **kwargs)
           ^^^^^^^^^^^^^^^^^^^^^^^^^^^^^^^^^^^^^^^^^
  File "C:\Users\ywcho\AppData\Local\Programs\Python\Python311\Lib\site-packages\sklearn\utils\_param_validation.py", line 213, in wrapper
    return func(*args, **kwargs)
           ^^^^^^^^^^^^^^^^^^^^^
  File "C:\Users\ywcho\AppData\Local\Programs\Python\Python311\Lib\site-packages\sklearn\metrics\_ranking.py", line 634, in roc_auc_score
    return _multiclass_roc_auc_score(
           ^^^^^^^^^^^^^^^^^^^^^^^^^^
  File "C:\Users\ywcho\AppData\Local\Programs\Python\Python311\Lib\site-packages\sklearn\metrics\_ranking.py", line 707, in _multiclass_roc_auc_score
    raise ValueError(
ValueError: Target scores need to be probabilities for multiclass roc_auc, i.e. they should sum up to 1.0 over classes

  warnings.warn(

2025-12-04 15:49:41,390:WARNING:C:\Users\ywcho\AppData\Local\Programs\Python\Python311\Lib\site-packages\sklearn\metrics\_classification.py:1561: UserWarning: Note that pos_label (set to 'turkish') is ignored when average != 'binary' (got 'weighted'). You may use labels=[pos_label] to specify a single positive class.
  warnings.warn(

2025-12-04 15:49:41,395:WARNING:C:\Users\ywcho\AppData\Local\Programs\Python\Python311\Lib\site-packages\sklearn\metrics\_classification.py:1561: UserWarning: Note that pos_label (set to 'turkish') is ignored when average != 'binary' (got 'weighted'). You may use labels=[pos_label] to specify a single positive class.
  warnings.warn(

2025-12-04 15:49:41,397:WARNING:C:\Users\ywcho\AppData\Local\Programs\Python\Python311\Lib\site-packages\sklearn\metrics\_classification.py:1561: UserWarning: Note that pos_label (set to 'turkish') is ignored when average != 'binary' (got 'weighted'). You may use labels=[pos_label] to specify a single positive class.
  warnings.warn(

2025-12-04 15:49:41,401:WARNING:C:\Users\ywcho\AppData\Local\Programs\Python\Python311\Lib\site-packages\pycaret\internal\metrics.py:204: FitFailedWarning: Metric 'make_scorer(roc_auc_score, response_method=('decision_function', 'predict_proba'), average=weighted, multi_class=ovr)' failed and error score 0.0 has been returned instead. If this is a custom metric, this usually means that the error is in the metric code. Full exception below:
Traceback (most recent call last):
  File "C:\Users\ywcho\AppData\Local\Programs\Python\Python311\Lib\site-packages\pycaret\internal\metrics.py", line 196, in _score
    return super()._score(
           ^^^^^^^^^^^^^^^
  File "C:\Users\ywcho\AppData\Local\Programs\Python\Python311\Lib\site-packages\sklearn\metrics\_scorer.py", line 350, in _score
    return self._sign * self._score_func(y_true, y_pred, **scoring_kwargs)
                        ^^^^^^^^^^^^^^^^^^^^^^^^^^^^^^^^^^^^^^^^^^^^^^^^^^
  File "C:\Users\ywcho\AppData\Local\Programs\Python\Python311\Lib\site-packages\pycaret\internal\metrics.py", line 144, in __call__
    return self.score_func(y_true, y_pred, **kwargs)
           ^^^^^^^^^^^^^^^^^^^^^^^^^^^^^^^^^^^^^^^^^
  File "C:\Users\ywcho\AppData\Local\Programs\Python\Python311\Lib\site-packages\sklearn\utils\_param_validation.py", line 213, in wrapper
    return func(*args, **kwargs)
           ^^^^^^^^^^^^^^^^^^^^^
  File "C:\Users\ywcho\AppData\Local\Programs\Python\Python311\Lib\site-packages\sklearn\metrics\_ranking.py", line 634, in roc_auc_score
    return _multiclass_roc_auc_score(
           ^^^^^^^^^^^^^^^^^^^^^^^^^^
  File "C:\Users\ywcho\AppData\Local\Programs\Python\Python311\Lib\site-packages\sklearn\metrics\_ranking.py", line 707, in _multiclass_roc_auc_score
    raise ValueError(
ValueError: Target scores need to be probabilities for multiclass roc_auc, i.e. they should sum up to 1.0 over classes

  warnings.warn(

2025-12-04 15:49:41,407:WARNING:C:\Users\ywcho\AppData\Local\Programs\Python\Python311\Lib\site-packages\sklearn\metrics\_classification.py:1561: UserWarning: Note that pos_label (set to 'turkish') is ignored when average != 'binary' (got 'weighted'). You may use labels=[pos_label] to specify a single positive class.
  warnings.warn(

2025-12-04 15:49:41,409:WARNING:C:\Users\ywcho\AppData\Local\Programs\Python\Python311\Lib\site-packages\sklearn\metrics\_classification.py:1561: UserWarning: Note that pos_label (set to 'turkish') is ignored when average != 'binary' (got 'weighted'). You may use labels=[pos_label] to specify a single positive class.
  warnings.warn(

2025-12-04 15:49:41,409:WARNING:C:\Users\ywcho\AppData\Local\Programs\Python\Python311\Lib\site-packages\pycaret\internal\metrics.py:204: FitFailedWarning: Metric 'make_scorer(roc_auc_score, response_method=('decision_function', 'predict_proba'), average=weighted, multi_class=ovr)' failed and error score 0.0 has been returned instead. If this is a custom metric, this usually means that the error is in the metric code. Full exception below:
Traceback (most recent call last):
  File "C:\Users\ywcho\AppData\Local\Programs\Python\Python311\Lib\site-packages\pycaret\internal\metrics.py", line 196, in _score
    return super()._score(
           ^^^^^^^^^^^^^^^
  File "C:\Users\ywcho\AppData\Local\Programs\Python\Python311\Lib\site-packages\sklearn\metrics\_scorer.py", line 350, in _score
    return self._sign * self._score_func(y_true, y_pred, **scoring_kwargs)
                        ^^^^^^^^^^^^^^^^^^^^^^^^^^^^^^^^^^^^^^^^^^^^^^^^^^
  File "C:\Users\ywcho\AppData\Local\Programs\Python\Python311\Lib\site-packages\pycaret\internal\metrics.py", line 144, in __call__
    return self.score_func(y_true, y_pred, **kwargs)
           ^^^^^^^^^^^^^^^^^^^^^^^^^^^^^^^^^^^^^^^^^
  File "C:\Users\ywcho\AppData\Local\Programs\Python\Python311\Lib\site-packages\sklearn\utils\_param_validation.py", line 213, in wrapper
    return func(*args, **kwargs)
           ^^^^^^^^^^^^^^^^^^^^^
  File "C:\Users\ywcho\AppData\Local\Programs\Python\Python311\Lib\site-packages\sklearn\metrics\_ranking.py", line 634, in roc_auc_score
    return _multiclass_roc_auc_score(
           ^^^^^^^^^^^^^^^^^^^^^^^^^^
  File "C:\Users\ywcho\AppData\Local\Programs\Python\Python311\Lib\site-packages\sklearn\metrics\_ranking.py", line 707, in _multiclass_roc_auc_score
    raise ValueError(
ValueError: Target scores need to be probabilities for multiclass roc_auc, i.e. they should sum up to 1.0 over classes

  warnings.warn(

2025-12-04 15:49:41,409:WARNING:C:\Users\ywcho\AppData\Local\Programs\Python\Python311\Lib\site-packages\sklearn\metrics\_classification.py:1561: UserWarning: Note that pos_label (set to 'turkish') is ignored when average != 'binary' (got 'weighted'). You may use labels=[pos_label] to specify a single positive class.
  warnings.warn(

2025-12-04 15:49:41,415:WARNING:C:\Users\ywcho\AppData\Local\Programs\Python\Python311\Lib\site-packages\sklearn\metrics\_classification.py:1561: UserWarning: Note that pos_label (set to 'turkish') is ignored when average != 'binary' (got 'weighted'). You may use labels=[pos_label] to specify a single positive class.
  warnings.warn(

2025-12-04 15:49:41,417:WARNING:C:\Users\ywcho\AppData\Local\Programs\Python\Python311\Lib\site-packages\pycaret\internal\metrics.py:204: FitFailedWarning: Metric 'make_scorer(roc_auc_score, response_method=('decision_function', 'predict_proba'), average=weighted, multi_class=ovr)' failed and error score 0.0 has been returned instead. If this is a custom metric, this usually means that the error is in the metric code. Full exception below:
Traceback (most recent call last):
  File "C:\Users\ywcho\AppData\Local\Programs\Python\Python311\Lib\site-packages\pycaret\internal\metrics.py", line 196, in _score
    return super()._score(
           ^^^^^^^^^^^^^^^
  File "C:\Users\ywcho\AppData\Local\Programs\Python\Python311\Lib\site-packages\sklearn\metrics\_scorer.py", line 350, in _score
    return self._sign * self._score_func(y_true, y_pred, **scoring_kwargs)
                        ^^^^^^^^^^^^^^^^^^^^^^^^^^^^^^^^^^^^^^^^^^^^^^^^^^
  File "C:\Users\ywcho\AppData\Local\Programs\Python\Python311\Lib\site-packages\pycaret\internal\metrics.py", line 144, in __call__
    return self.score_func(y_true, y_pred, **kwargs)
           ^^^^^^^^^^^^^^^^^^^^^^^^^^^^^^^^^^^^^^^^^
  File "C:\Users\ywcho\AppData\Local\Programs\Python\Python311\Lib\site-packages\sklearn\utils\_param_validation.py", line 213, in wrapper
    return func(*args, **kwargs)
           ^^^^^^^^^^^^^^^^^^^^^
  File "C:\Users\ywcho\AppData\Local\Programs\Python\Python311\Lib\site-packages\sklearn\metrics\_ranking.py", line 634, in roc_auc_score
    return _multiclass_roc_auc_score(
           ^^^^^^^^^^^^^^^^^^^^^^^^^^
  File "C:\Users\ywcho\AppData\Local\Programs\Python\Python311\Lib\site-packages\sklearn\metrics\_ranking.py", line 707, in _multiclass_roc_auc_score
    raise ValueError(
ValueError: Target scores need to be probabilities for multiclass roc_auc, i.e. they should sum up to 1.0 over classes

  warnings.warn(

2025-12-04 15:49:41,417:WARNING:C:\Users\ywcho\AppData\Local\Programs\Python\Python311\Lib\site-packages\sklearn\metrics\_classification.py:1561: UserWarning: Note that pos_label (set to 'turkish') is ignored when average != 'binary' (got 'weighted'). You may use labels=[pos_label] to specify a single positive class.
  warnings.warn(

2025-12-04 15:49:41,419:WARNING:C:\Users\ywcho\AppData\Local\Programs\Python\Python311\Lib\site-packages\sklearn\metrics\_classification.py:1561: UserWarning: Note that pos_label (set to 'turkish') is ignored when average != 'binary' (got 'weighted'). You may use labels=[pos_label] to specify a single positive class.
  warnings.warn(

2025-12-04 15:49:41,421:WARNING:C:\Users\ywcho\AppData\Local\Programs\Python\Python311\Lib\site-packages\sklearn\metrics\_classification.py:1561: UserWarning: Note that pos_label (set to 'turkish') is ignored when average != 'binary' (got 'weighted'). You may use labels=[pos_label] to specify a single positive class.
  warnings.warn(

2025-12-04 15:49:41,428:WARNING:C:\Users\ywcho\AppData\Local\Programs\Python\Python311\Lib\site-packages\pycaret\internal\metrics.py:204: FitFailedWarning: Metric 'make_scorer(roc_auc_score, response_method=('decision_function', 'predict_proba'), average=weighted, multi_class=ovr)' failed and error score 0.0 has been returned instead. If this is a custom metric, this usually means that the error is in the metric code. Full exception below:
Traceback (most recent call last):
  File "C:\Users\ywcho\AppData\Local\Programs\Python\Python311\Lib\site-packages\pycaret\internal\metrics.py", line 196, in _score
    return super()._score(
           ^^^^^^^^^^^^^^^
  File "C:\Users\ywcho\AppData\Local\Programs\Python\Python311\Lib\site-packages\sklearn\metrics\_scorer.py", line 350, in _score
    return self._sign * self._score_func(y_true, y_pred, **scoring_kwargs)
                        ^^^^^^^^^^^^^^^^^^^^^^^^^^^^^^^^^^^^^^^^^^^^^^^^^^
  File "C:\Users\ywcho\AppData\Local\Programs\Python\Python311\Lib\site-packages\pycaret\internal\metrics.py", line 144, in __call__
    return self.score_func(y_true, y_pred, **kwargs)
           ^^^^^^^^^^^^^^^^^^^^^^^^^^^^^^^^^^^^^^^^^
  File "C:\Users\ywcho\AppData\Local\Programs\Python\Python311\Lib\site-packages\sklearn\utils\_param_validation.py", line 213, in wrapper
    return func(*args, **kwargs)
           ^^^^^^^^^^^^^^^^^^^^^
  File "C:\Users\ywcho\AppData\Local\Programs\Python\Python311\Lib\site-packages\sklearn\metrics\_ranking.py", line 634, in roc_auc_score
    return _multiclass_roc_auc_score(
           ^^^^^^^^^^^^^^^^^^^^^^^^^^
  File "C:\Users\ywcho\AppData\Local\Programs\Python\Python311\Lib\site-packages\sklearn\metrics\_ranking.py", line 707, in _multiclass_roc_auc_score
    raise ValueError(
ValueError: Target scores need to be probabilities for multiclass roc_auc, i.e. they should sum up to 1.0 over classes

  warnings.warn(

2025-12-04 15:49:41,428:WARNING:C:\Users\ywcho\AppData\Local\Programs\Python\Python311\Lib\site-packages\sklearn\metrics\_classification.py:1561: UserWarning: Note that pos_label (set to 'turkish') is ignored when average != 'binary' (got 'weighted'). You may use labels=[pos_label] to specify a single positive class.
  warnings.warn(

2025-12-04 15:49:41,428:WARNING:C:\Users\ywcho\AppData\Local\Programs\Python\Python311\Lib\site-packages\pycaret\internal\metrics.py:204: FitFailedWarning: Metric 'make_scorer(roc_auc_score, response_method=('decision_function', 'predict_proba'), average=weighted, multi_class=ovr)' failed and error score 0.0 has been returned instead. If this is a custom metric, this usually means that the error is in the metric code. Full exception below:
Traceback (most recent call last):
  File "C:\Users\ywcho\AppData\Local\Programs\Python\Python311\Lib\site-packages\pycaret\internal\metrics.py", line 196, in _score
    return super()._score(
           ^^^^^^^^^^^^^^^
  File "C:\Users\ywcho\AppData\Local\Programs\Python\Python311\Lib\site-packages\sklearn\metrics\_scorer.py", line 350, in _score
    return self._sign * self._score_func(y_true, y_pred, **scoring_kwargs)
                        ^^^^^^^^^^^^^^^^^^^^^^^^^^^^^^^^^^^^^^^^^^^^^^^^^^
  File "C:\Users\ywcho\AppData\Local\Programs\Python\Python311\Lib\site-packages\pycaret\internal\metrics.py", line 144, in __call__
    return self.score_func(y_true, y_pred, **kwargs)
           ^^^^^^^^^^^^^^^^^^^^^^^^^^^^^^^^^^^^^^^^^
  File "C:\Users\ywcho\AppData\Local\Programs\Python\Python311\Lib\site-packages\sklearn\utils\_param_validation.py", line 213, in wrapper
    return func(*args, **kwargs)
           ^^^^^^^^^^^^^^^^^^^^^
  File "C:\Users\ywcho\AppData\Local\Programs\Python\Python311\Lib\site-packages\sklearn\metrics\_ranking.py", line 634, in roc_auc_score
    return _multiclass_roc_auc_score(
           ^^^^^^^^^^^^^^^^^^^^^^^^^^
  File "C:\Users\ywcho\AppData\Local\Programs\Python\Python311\Lib\site-packages\sklearn\metrics\_ranking.py", line 707, in _multiclass_roc_auc_score
    raise ValueError(
ValueError: Target scores need to be probabilities for multiclass roc_auc, i.e. they should sum up to 1.0 over classes

  warnings.warn(

2025-12-04 15:49:41,428:WARNING:C:\Users\ywcho\AppData\Local\Programs\Python\Python311\Lib\site-packages\pycaret\internal\metrics.py:204: FitFailedWarning: Metric 'make_scorer(roc_auc_score, response_method=('decision_function', 'predict_proba'), average=weighted, multi_class=ovr)' failed and error score 0.0 has been returned instead. If this is a custom metric, this usually means that the error is in the metric code. Full exception below:
Traceback (most recent call last):
  File "C:\Users\ywcho\AppData\Local\Programs\Python\Python311\Lib\site-packages\pycaret\internal\metrics.py", line 196, in _score
    return super()._score(
           ^^^^^^^^^^^^^^^
  File "C:\Users\ywcho\AppData\Local\Programs\Python\Python311\Lib\site-packages\sklearn\metrics\_scorer.py", line 350, in _score
    return self._sign * self._score_func(y_true, y_pred, **scoring_kwargs)
                        ^^^^^^^^^^^^^^^^^^^^^^^^^^^^^^^^^^^^^^^^^^^^^^^^^^
  File "C:\Users\ywcho\AppData\Local\Programs\Python\Python311\Lib\site-packages\pycaret\internal\metrics.py", line 144, in __call__
    return self.score_func(y_true, y_pred, **kwargs)
           ^^^^^^^^^^^^^^^^^^^^^^^^^^^^^^^^^^^^^^^^^
  File "C:\Users\ywcho\AppData\Local\Programs\Python\Python311\Lib\site-packages\sklearn\utils\_param_validation.py", line 213, in wrapper
    return func(*args, **kwargs)
           ^^^^^^^^^^^^^^^^^^^^^
  File "C:\Users\ywcho\AppData\Local\Programs\Python\Python311\Lib\site-packages\sklearn\metrics\_ranking.py", line 634, in roc_auc_score
    return _multiclass_roc_auc_score(
           ^^^^^^^^^^^^^^^^^^^^^^^^^^
  File "C:\Users\ywcho\AppData\Local\Programs\Python\Python311\Lib\site-packages\sklearn\metrics\_ranking.py", line 707, in _multiclass_roc_auc_score
    raise ValueError(
ValueError: Target scores need to be probabilities for multiclass roc_auc, i.e. they should sum up to 1.0 over classes

  warnings.warn(

2025-12-04 15:49:41,428:WARNING:C:\Users\ywcho\AppData\Local\Programs\Python\Python311\Lib\site-packages\sklearn\metrics\_classification.py:1561: UserWarning: Note that pos_label (set to 'turkish') is ignored when average != 'binary' (got 'weighted'). You may use labels=[pos_label] to specify a single positive class.
  warnings.warn(

2025-12-04 15:49:41,430:WARNING:C:\Users\ywcho\AppData\Local\Programs\Python\Python311\Lib\site-packages\sklearn\metrics\_classification.py:1561: UserWarning: Note that pos_label (set to 'turkish') is ignored when average != 'binary' (got 'weighted'). You may use labels=[pos_label] to specify a single positive class.
  warnings.warn(

2025-12-04 15:49:41,434:WARNING:C:\Users\ywcho\AppData\Local\Programs\Python\Python311\Lib\site-packages\sklearn\metrics\_classification.py:1561: UserWarning: Note that pos_label (set to 'turkish') is ignored when average != 'binary' (got 'weighted'). You may use labels=[pos_label] to specify a single positive class.
  warnings.warn(

2025-12-04 15:49:41,434:WARNING:C:\Users\ywcho\AppData\Local\Programs\Python\Python311\Lib\site-packages\sklearn\metrics\_classification.py:1561: UserWarning: Note that pos_label (set to 'turkish') is ignored when average != 'binary' (got 'weighted'). You may use labels=[pos_label] to specify a single positive class.
  warnings.warn(

2025-12-04 15:49:41,436:WARNING:C:\Users\ywcho\AppData\Local\Programs\Python\Python311\Lib\site-packages\sklearn\metrics\_classification.py:1561: UserWarning: Note that pos_label (set to 'turkish') is ignored when average != 'binary' (got 'weighted'). You may use labels=[pos_label] to specify a single positive class.
  warnings.warn(

2025-12-04 15:49:41,436:WARNING:C:\Users\ywcho\AppData\Local\Programs\Python\Python311\Lib\site-packages\sklearn\metrics\_classification.py:1561: UserWarning: Note that pos_label (set to 'turkish') is ignored when average != 'binary' (got 'weighted'). You may use labels=[pos_label] to specify a single positive class.
  warnings.warn(

2025-12-04 15:49:41,438:WARNING:C:\Users\ywcho\AppData\Local\Programs\Python\Python311\Lib\site-packages\sklearn\metrics\_classification.py:1561: UserWarning: Note that pos_label (set to 'turkish') is ignored when average != 'binary' (got 'weighted'). You may use labels=[pos_label] to specify a single positive class.
  warnings.warn(

2025-12-04 15:49:41,442:WARNING:C:\Users\ywcho\AppData\Local\Programs\Python\Python311\Lib\site-packages\sklearn\metrics\_classification.py:1561: UserWarning: Note that pos_label (set to 'turkish') is ignored when average != 'binary' (got 'weighted'). You may use labels=[pos_label] to specify a single positive class.
  warnings.warn(

2025-12-04 15:49:41,444:WARNING:C:\Users\ywcho\AppData\Local\Programs\Python\Python311\Lib\site-packages\sklearn\metrics\_classification.py:1561: UserWarning: Note that pos_label (set to 'turkish') is ignored when average != 'binary' (got 'weighted'). You may use labels=[pos_label] to specify a single positive class.
  warnings.warn(

2025-12-04 15:49:41,446:WARNING:C:\Users\ywcho\AppData\Local\Programs\Python\Python311\Lib\site-packages\sklearn\metrics\_classification.py:1561: UserWarning: Note that pos_label (set to 'turkish') is ignored when average != 'binary' (got 'weighted'). You may use labels=[pos_label] to specify a single positive class.
  warnings.warn(

2025-12-04 15:49:41,447:WARNING:C:\Users\ywcho\AppData\Local\Programs\Python\Python311\Lib\site-packages\sklearn\metrics\_classification.py:1561: UserWarning: Note that pos_label (set to 'turkish') is ignored when average != 'binary' (got 'weighted'). You may use labels=[pos_label] to specify a single positive class.
  warnings.warn(

2025-12-04 15:49:41,449:WARNING:C:\Users\ywcho\AppData\Local\Programs\Python\Python311\Lib\site-packages\sklearn\metrics\_classification.py:1561: UserWarning: Note that pos_label (set to 'turkish') is ignored when average != 'binary' (got 'weighted'). You may use labels=[pos_label] to specify a single positive class.
  warnings.warn(

2025-12-04 15:49:41,453:WARNING:C:\Users\ywcho\AppData\Local\Programs\Python\Python311\Lib\site-packages\sklearn\metrics\_classification.py:1561: UserWarning: Note that pos_label (set to 'turkish') is ignored when average != 'binary' (got 'weighted'). You may use labels=[pos_label] to specify a single positive class.
  warnings.warn(

2025-12-04 15:49:41,458:WARNING:C:\Users\ywcho\AppData\Local\Programs\Python\Python311\Lib\site-packages\sklearn\metrics\_classification.py:1561: UserWarning: Note that pos_label (set to 'turkish') is ignored when average != 'binary' (got 'weighted'). You may use labels=[pos_label] to specify a single positive class.
  warnings.warn(

2025-12-04 15:49:41,460:WARNING:C:\Users\ywcho\AppData\Local\Programs\Python\Python311\Lib\site-packages\sklearn\metrics\_classification.py:1561: UserWarning: Note that pos_label (set to 'turkish') is ignored when average != 'binary' (got 'weighted'). You may use labels=[pos_label] to specify a single positive class.
  warnings.warn(

2025-12-04 15:49:41,469:WARNING:C:\Users\ywcho\AppData\Local\Programs\Python\Python311\Lib\site-packages\sklearn\metrics\_classification.py:1561: UserWarning: Note that pos_label (set to 'turkish') is ignored when average != 'binary' (got 'weighted'). You may use labels=[pos_label] to specify a single positive class.
  warnings.warn(

2025-12-04 15:49:41,485:INFO:Calculating mean and std
2025-12-04 15:49:41,485:INFO:Creating metrics dataframe
2025-12-04 15:49:41,487:INFO:Uploading results into container
2025-12-04 15:49:41,487:INFO:Uploading model into container now
2025-12-04 15:49:41,487:INFO:_master_model_container: 11
2025-12-04 15:49:41,487:INFO:_display_container: 2
2025-12-04 15:49:41,487:INFO:LinearDiscriminantAnalysis(covariance_estimator=None, n_components=None,
                           priors=None, shrinkage=None, solver='svd',
                           store_covariance=False, tol=0.0001)
2025-12-04 15:49:41,487:INFO:create_model() successfully completed......................................
2025-12-04 15:49:41,575:INFO:SubProcess create_model() end ==================================
2025-12-04 15:49:41,575:INFO:Creating metrics dataframe
2025-12-04 15:49:41,575:INFO:Initializing Extra Trees Classifier
2025-12-04 15:49:41,575:INFO:Total runtime is 2.9624888459841405 minutes
2025-12-04 15:49:41,575:INFO:SubProcess create_model() called ==================================
2025-12-04 15:49:41,575:INFO:Initializing create_model()
2025-12-04 15:49:41,575:INFO:create_model(self=<pycaret.classification.oop.ClassificationExperiment object at 0x000001E83DF7F610>, estimator=et, fold=StratifiedKFold(n_splits=10, random_state=None, shuffle=False), round=4, cross_validation=True, predict=True, fit_kwargs={}, groups=None, refit=False, probability_threshold=None, experiment_custom_tags=None, verbose=False, system=False, add_to_model_list=True, metrics=None, display=<pycaret.internal.display.display.CommonDisplay object at 0x000001E879341450>, model_only=True, return_train_score=False, error_score=0.0, kwargs={})
2025-12-04 15:49:41,575:INFO:Checking exceptions
2025-12-04 15:49:41,575:INFO:Importing libraries
2025-12-04 15:49:41,575:INFO:Copying training dataset
2025-12-04 15:49:41,575:INFO:Defining folds
2025-12-04 15:49:41,575:INFO:Declaring metric variables
2025-12-04 15:49:41,575:INFO:Importing untrained model
2025-12-04 15:49:41,575:INFO:Extra Trees Classifier Imported successfully
2025-12-04 15:49:41,575:INFO:Starting cross validation
2025-12-04 15:49:41,575:INFO:Cross validating with StratifiedKFold(n_splits=10, random_state=None, shuffle=False), n_jobs=-1
2025-12-04 15:49:41,844:WARNING:C:\Users\ywcho\AppData\Local\Programs\Python\Python311\Lib\site-packages\numpy\core\_methods.py:187: RuntimeWarning: overflow encountered in reduce
  ret = umr_sum(x, axis, dtype, out, keepdims=keepdims, where=where)

2025-12-04 15:49:41,865:WARNING:C:\Users\ywcho\AppData\Local\Programs\Python\Python311\Lib\site-packages\numpy\core\_methods.py:187: RuntimeWarning: overflow encountered in reduce
  ret = umr_sum(x, axis, dtype, out, keepdims=keepdims, where=where)

2025-12-04 15:49:41,871:WARNING:C:\Users\ywcho\AppData\Local\Programs\Python\Python311\Lib\site-packages\numpy\core\_methods.py:187: RuntimeWarning: overflow encountered in reduce
  ret = umr_sum(x, axis, dtype, out, keepdims=keepdims, where=where)

2025-12-04 15:49:41,883:WARNING:C:\Users\ywcho\AppData\Local\Programs\Python\Python311\Lib\site-packages\numpy\core\_methods.py:187: RuntimeWarning: overflow encountered in reduce
  ret = umr_sum(x, axis, dtype, out, keepdims=keepdims, where=where)

2025-12-04 15:49:41,887:WARNING:C:\Users\ywcho\AppData\Local\Programs\Python\Python311\Lib\site-packages\numpy\core\_methods.py:187: RuntimeWarning: overflow encountered in reduce
  ret = umr_sum(x, axis, dtype, out, keepdims=keepdims, where=where)

2025-12-04 15:49:41,889:WARNING:C:\Users\ywcho\AppData\Local\Programs\Python\Python311\Lib\site-packages\numpy\core\_methods.py:187: RuntimeWarning: overflow encountered in reduce
  ret = umr_sum(x, axis, dtype, out, keepdims=keepdims, where=where)

2025-12-04 15:49:41,891:WARNING:C:\Users\ywcho\AppData\Local\Programs\Python\Python311\Lib\site-packages\numpy\core\_methods.py:187: RuntimeWarning: overflow encountered in reduce
  ret = umr_sum(x, axis, dtype, out, keepdims=keepdims, where=where)

2025-12-04 15:49:41,899:WARNING:C:\Users\ywcho\AppData\Local\Programs\Python\Python311\Lib\site-packages\numpy\core\_methods.py:187: RuntimeWarning: overflow encountered in reduce
  ret = umr_sum(x, axis, dtype, out, keepdims=keepdims, where=where)

2025-12-04 15:49:41,905:WARNING:C:\Users\ywcho\AppData\Local\Programs\Python\Python311\Lib\site-packages\numpy\core\_methods.py:187: RuntimeWarning: overflow encountered in reduce
  ret = umr_sum(x, axis, dtype, out, keepdims=keepdims, where=where)

2025-12-04 15:49:41,909:WARNING:C:\Users\ywcho\AppData\Local\Programs\Python\Python311\Lib\site-packages\numpy\core\_methods.py:187: RuntimeWarning: overflow encountered in reduce
  ret = umr_sum(x, axis, dtype, out, keepdims=keepdims, where=where)

2025-12-04 15:49:50,194:WARNING:C:\Users\ywcho\AppData\Local\Programs\Python\Python311\Lib\site-packages\sklearn\metrics\_classification.py:1561: UserWarning: Note that pos_label (set to 'turkish') is ignored when average != 'binary' (got 'weighted'). You may use labels=[pos_label] to specify a single positive class.
  warnings.warn(

2025-12-04 15:49:50,316:WARNING:C:\Users\ywcho\AppData\Local\Programs\Python\Python311\Lib\site-packages\sklearn\metrics\_classification.py:1561: UserWarning: Note that pos_label (set to 'turkish') is ignored when average != 'binary' (got 'weighted'). You may use labels=[pos_label] to specify a single positive class.
  warnings.warn(

2025-12-04 15:49:50,338:WARNING:C:\Users\ywcho\AppData\Local\Programs\Python\Python311\Lib\site-packages\sklearn\metrics\_classification.py:1561: UserWarning: Note that pos_label (set to 'turkish') is ignored when average != 'binary' (got 'weighted'). You may use labels=[pos_label] to specify a single positive class.
  warnings.warn(

2025-12-04 15:49:50,565:WARNING:C:\Users\ywcho\AppData\Local\Programs\Python\Python311\Lib\site-packages\sklearn\metrics\_classification.py:1561: UserWarning: Note that pos_label (set to 'turkish') is ignored when average != 'binary' (got 'weighted'). You may use labels=[pos_label] to specify a single positive class.
  warnings.warn(

2025-12-04 15:49:50,619:WARNING:C:\Users\ywcho\AppData\Local\Programs\Python\Python311\Lib\site-packages\sklearn\metrics\_classification.py:1561: UserWarning: Note that pos_label (set to 'turkish') is ignored when average != 'binary' (got 'weighted'). You may use labels=[pos_label] to specify a single positive class.
  warnings.warn(

2025-12-04 15:49:50,709:WARNING:C:\Users\ywcho\AppData\Local\Programs\Python\Python311\Lib\site-packages\sklearn\metrics\_classification.py:1561: UserWarning: Note that pos_label (set to 'turkish') is ignored when average != 'binary' (got 'weighted'). You may use labels=[pos_label] to specify a single positive class.
  warnings.warn(

2025-12-04 15:49:51,181:WARNING:C:\Users\ywcho\AppData\Local\Programs\Python\Python311\Lib\site-packages\sklearn\metrics\_classification.py:1561: UserWarning: Note that pos_label (set to 'turkish') is ignored when average != 'binary' (got 'weighted'). You may use labels=[pos_label] to specify a single positive class.
  warnings.warn(

2025-12-04 15:49:51,208:WARNING:C:\Users\ywcho\AppData\Local\Programs\Python\Python311\Lib\site-packages\sklearn\metrics\_classification.py:1561: UserWarning: Note that pos_label (set to 'turkish') is ignored when average != 'binary' (got 'weighted'). You may use labels=[pos_label] to specify a single positive class.
  warnings.warn(

2025-12-04 15:49:51,219:WARNING:C:\Users\ywcho\AppData\Local\Programs\Python\Python311\Lib\site-packages\sklearn\metrics\_classification.py:1561: UserWarning: Note that pos_label (set to 'turkish') is ignored when average != 'binary' (got 'weighted'). You may use labels=[pos_label] to specify a single positive class.
  warnings.warn(

2025-12-04 15:49:51,270:WARNING:C:\Users\ywcho\AppData\Local\Programs\Python\Python311\Lib\site-packages\sklearn\metrics\_classification.py:1561: UserWarning: Note that pos_label (set to 'turkish') is ignored when average != 'binary' (got 'weighted'). You may use labels=[pos_label] to specify a single positive class.
  warnings.warn(

2025-12-04 15:49:51,273:WARNING:C:\Users\ywcho\AppData\Local\Programs\Python\Python311\Lib\site-packages\sklearn\metrics\_classification.py:1561: UserWarning: Note that pos_label (set to 'turkish') is ignored when average != 'binary' (got 'weighted'). You may use labels=[pos_label] to specify a single positive class.
  warnings.warn(

2025-12-04 15:49:51,292:WARNING:C:\Users\ywcho\AppData\Local\Programs\Python\Python311\Lib\site-packages\sklearn\metrics\_classification.py:1561: UserWarning: Note that pos_label (set to 'turkish') is ignored when average != 'binary' (got 'weighted'). You may use labels=[pos_label] to specify a single positive class.
  warnings.warn(

2025-12-04 15:49:51,322:WARNING:C:\Users\ywcho\AppData\Local\Programs\Python\Python311\Lib\site-packages\sklearn\metrics\_classification.py:1561: UserWarning: Note that pos_label (set to 'turkish') is ignored when average != 'binary' (got 'weighted'). You may use labels=[pos_label] to specify a single positive class.
  warnings.warn(

2025-12-04 15:49:51,343:WARNING:C:\Users\ywcho\AppData\Local\Programs\Python\Python311\Lib\site-packages\sklearn\metrics\_classification.py:1561: UserWarning: Note that pos_label (set to 'turkish') is ignored when average != 'binary' (got 'weighted'). You may use labels=[pos_label] to specify a single positive class.
  warnings.warn(

2025-12-04 15:49:51,341:WARNING:C:\Users\ywcho\AppData\Local\Programs\Python\Python311\Lib\site-packages\sklearn\metrics\_classification.py:1561: UserWarning: Note that pos_label (set to 'turkish') is ignored when average != 'binary' (got 'weighted'). You may use labels=[pos_label] to specify a single positive class.
  warnings.warn(

2025-12-04 15:49:51,343:WARNING:C:\Users\ywcho\AppData\Local\Programs\Python\Python311\Lib\site-packages\sklearn\metrics\_classification.py:1561: UserWarning: Note that pos_label (set to 'turkish') is ignored when average != 'binary' (got 'weighted'). You may use labels=[pos_label] to specify a single positive class.
  warnings.warn(

2025-12-04 15:49:51,354:WARNING:C:\Users\ywcho\AppData\Local\Programs\Python\Python311\Lib\site-packages\sklearn\metrics\_classification.py:1561: UserWarning: Note that pos_label (set to 'turkish') is ignored when average != 'binary' (got 'weighted'). You may use labels=[pos_label] to specify a single positive class.
  warnings.warn(

2025-12-04 15:49:51,362:WARNING:C:\Users\ywcho\AppData\Local\Programs\Python\Python311\Lib\site-packages\sklearn\metrics\_classification.py:1561: UserWarning: Note that pos_label (set to 'turkish') is ignored when average != 'binary' (got 'weighted'). You may use labels=[pos_label] to specify a single positive class.
  warnings.warn(

2025-12-04 15:49:51,364:WARNING:C:\Users\ywcho\AppData\Local\Programs\Python\Python311\Lib\site-packages\sklearn\metrics\_classification.py:1561: UserWarning: Note that pos_label (set to 'turkish') is ignored when average != 'binary' (got 'weighted'). You may use labels=[pos_label] to specify a single positive class.
  warnings.warn(

2025-12-04 15:49:51,378:WARNING:C:\Users\ywcho\AppData\Local\Programs\Python\Python311\Lib\site-packages\sklearn\metrics\_classification.py:1561: UserWarning: Note that pos_label (set to 'turkish') is ignored when average != 'binary' (got 'weighted'). You may use labels=[pos_label] to specify a single positive class.
  warnings.warn(

2025-12-04 15:49:51,380:WARNING:C:\Users\ywcho\AppData\Local\Programs\Python\Python311\Lib\site-packages\sklearn\metrics\_classification.py:1561: UserWarning: Note that pos_label (set to 'turkish') is ignored when average != 'binary' (got 'weighted'). You may use labels=[pos_label] to specify a single positive class.
  warnings.warn(

2025-12-04 15:49:51,391:WARNING:C:\Users\ywcho\AppData\Local\Programs\Python\Python311\Lib\site-packages\sklearn\metrics\_classification.py:1561: UserWarning: Note that pos_label (set to 'turkish') is ignored when average != 'binary' (got 'weighted'). You may use labels=[pos_label] to specify a single positive class.
  warnings.warn(

2025-12-04 15:49:51,395:WARNING:C:\Users\ywcho\AppData\Local\Programs\Python\Python311\Lib\site-packages\sklearn\metrics\_classification.py:1561: UserWarning: Note that pos_label (set to 'turkish') is ignored when average != 'binary' (got 'weighted'). You may use labels=[pos_label] to specify a single positive class.
  warnings.warn(

2025-12-04 15:49:51,415:WARNING:C:\Users\ywcho\AppData\Local\Programs\Python\Python311\Lib\site-packages\sklearn\metrics\_classification.py:1561: UserWarning: Note that pos_label (set to 'turkish') is ignored when average != 'binary' (got 'weighted'). You may use labels=[pos_label] to specify a single positive class.
  warnings.warn(

2025-12-04 15:49:51,415:WARNING:C:\Users\ywcho\AppData\Local\Programs\Python\Python311\Lib\site-packages\sklearn\metrics\_classification.py:1561: UserWarning: Note that pos_label (set to 'turkish') is ignored when average != 'binary' (got 'weighted'). You may use labels=[pos_label] to specify a single positive class.
  warnings.warn(

2025-12-04 15:49:51,427:WARNING:C:\Users\ywcho\AppData\Local\Programs\Python\Python311\Lib\site-packages\sklearn\metrics\_classification.py:1561: UserWarning: Note that pos_label (set to 'turkish') is ignored when average != 'binary' (got 'weighted'). You may use labels=[pos_label] to specify a single positive class.
  warnings.warn(

2025-12-04 15:49:51,427:WARNING:C:\Users\ywcho\AppData\Local\Programs\Python\Python311\Lib\site-packages\sklearn\metrics\_classification.py:1561: UserWarning: Note that pos_label (set to 'turkish') is ignored when average != 'binary' (got 'weighted'). You may use labels=[pos_label] to specify a single positive class.
  warnings.warn(

2025-12-04 15:49:51,525:WARNING:C:\Users\ywcho\AppData\Local\Programs\Python\Python311\Lib\site-packages\sklearn\model_selection\_validation.py:547: FitFailedWarning: 
1 fits failed out of a total of 10.
The score on these train-test partitions for these parameters will be set to 0.0.
If these failures are not expected, you can try to debug them by setting error_score='raise'.

Below are more details about the failures:
--------------------------------------------------------------------------------
1 fits failed with the following error:
Traceback (most recent call last):
  File "C:\Users\ywcho\AppData\Local\Programs\Python\Python311\Lib\site-packages\sklearn\model_selection\_validation.py", line 895, in _fit_and_score
    estimator.fit(X_train, y_train, **fit_params)
  File "C:\Users\ywcho\AppData\Local\Programs\Python\Python311\Lib\site-packages\pycaret\internal\pipeline.py", line 278, in fit
    fitted_estimator = self._memory_fit(
                       ^^^^^^^^^^^^^^^^^
  File "C:\Users\ywcho\AppData\Local\Programs\Python\Python311\Lib\site-packages\joblib\memory.py", line 353, in __call__
    return self.func(*args, **kwargs)
           ^^^^^^^^^^^^^^^^^^^^^^^^^^
  File "C:\Users\ywcho\AppData\Local\Programs\Python\Python311\Lib\site-packages\pycaret\internal\pipeline.py", line 69, in _fit_one
    transformer.fit(*args)
  File "C:\Users\ywcho\AppData\Local\Programs\Python\Python311\Lib\site-packages\sklearn\base.py", line 1474, in wrapper
    return fit_method(estimator, *args, **kwargs)
           ^^^^^^^^^^^^^^^^^^^^^^^^^^^^^^^^^^^^^^
  File "C:\Users\ywcho\AppData\Local\Programs\Python\Python311\Lib\site-packages\sklearn\ensemble\_forest.py", line 489, in fit
    trees = Parallel(
            ^^^^^^^^^
  File "C:\Users\ywcho\AppData\Local\Programs\Python\Python311\Lib\site-packages\sklearn\utils\parallel.py", line 67, in __call__
    return super().__call__(iterable_with_config)
           ^^^^^^^^^^^^^^^^^^^^^^^^^^^^^^^^^^^^^^
  File "C:\Users\ywcho\AppData\Local\Programs\Python\Python311\Lib\site-packages\joblib\parallel.py", line 1952, in __call__
    return output if self.return_generator else list(output)
                                                ^^^^^^^^^^^^
  File "C:\Users\ywcho\AppData\Local\Programs\Python\Python311\Lib\site-packages\joblib\parallel.py", line 1595, in _get_outputs
    yield from self._retrieve()
  File "C:\Users\ywcho\AppData\Local\Programs\Python\Python311\Lib\site-packages\joblib\parallel.py", line 1707, in _retrieve
    time.sleep(0.01)
OSError: [WinError 1450] 시스템 리소스가 부족하기 때문에 요청한 서비스를 완성할 수 없습니다

  warnings.warn(some_fits_failed_message, FitFailedWarning)

2025-12-04 15:49:51,545:INFO:Calculating mean and std
2025-12-04 15:49:51,566:INFO:Creating metrics dataframe
2025-12-04 15:49:51,619:INFO:Uploading results into container
2025-12-04 15:49:51,623:INFO:Uploading model into container now
2025-12-04 15:49:51,629:INFO:_master_model_container: 12
2025-12-04 15:49:51,629:INFO:_display_container: 2
2025-12-04 15:49:51,636:INFO:ExtraTreesClassifier(bootstrap=False, ccp_alpha=0.0, class_weight=None,
                     criterion='gini', max_depth=None, max_features='sqrt',
                     max_leaf_nodes=None, max_samples=None,
                     min_impurity_decrease=0.0, min_samples_leaf=1,
                     min_samples_split=2, min_weight_fraction_leaf=0.0,
                     monotonic_cst=None, n_estimators=100, n_jobs=-1,
                     oob_score=False, random_state=42, verbose=0,
                     warm_start=False)
2025-12-04 15:49:51,636:INFO:create_model() successfully completed......................................
2025-12-04 15:49:52,256:INFO:SubProcess create_model() end ==================================
2025-12-04 15:49:52,256:INFO:Creating metrics dataframe
2025-12-04 15:49:52,256:INFO:Initializing Light Gradient Boosting Machine
2025-12-04 15:49:52,256:INFO:Total runtime is 3.140521128972371 minutes
2025-12-04 15:49:52,256:INFO:SubProcess create_model() called ==================================
2025-12-04 15:49:52,256:INFO:Initializing create_model()
2025-12-04 15:49:52,256:INFO:create_model(self=<pycaret.classification.oop.ClassificationExperiment object at 0x000001E83DF7F610>, estimator=lightgbm, fold=StratifiedKFold(n_splits=10, random_state=None, shuffle=False), round=4, cross_validation=True, predict=True, fit_kwargs={}, groups=None, refit=False, probability_threshold=None, experiment_custom_tags=None, verbose=False, system=False, add_to_model_list=True, metrics=None, display=<pycaret.internal.display.display.CommonDisplay object at 0x000001E879341450>, model_only=True, return_train_score=False, error_score=0.0, kwargs={})
2025-12-04 15:49:52,256:INFO:Checking exceptions
2025-12-04 15:49:52,256:INFO:Importing libraries
2025-12-04 15:49:52,265:INFO:Copying training dataset
2025-12-04 15:49:52,297:INFO:Defining folds
2025-12-04 15:49:52,297:INFO:Declaring metric variables
2025-12-04 15:49:52,297:INFO:Importing untrained model
2025-12-04 15:49:52,299:INFO:Light Gradient Boosting Machine Imported successfully
2025-12-04 15:49:52,299:INFO:Starting cross validation
2025-12-04 15:49:52,300:INFO:Cross validating with StratifiedKFold(n_splits=10, random_state=None, shuffle=False), n_jobs=-1
2025-12-04 15:49:52,635:WARNING:C:\Users\ywcho\AppData\Local\Programs\Python\Python311\Lib\site-packages\numpy\core\_methods.py:187: RuntimeWarning: overflow encountered in reduce
  ret = umr_sum(x, axis, dtype, out, keepdims=keepdims, where=where)

2025-12-04 15:49:52,642:WARNING:C:\Users\ywcho\AppData\Local\Programs\Python\Python311\Lib\site-packages\numpy\core\_methods.py:187: RuntimeWarning: overflow encountered in reduce
  ret = umr_sum(x, axis, dtype, out, keepdims=keepdims, where=where)

2025-12-04 15:49:52,653:WARNING:C:\Users\ywcho\AppData\Local\Programs\Python\Python311\Lib\site-packages\numpy\core\_methods.py:187: RuntimeWarning: overflow encountered in reduce
  ret = umr_sum(x, axis, dtype, out, keepdims=keepdims, where=where)

2025-12-04 15:49:52,676:WARNING:C:\Users\ywcho\AppData\Local\Programs\Python\Python311\Lib\site-packages\numpy\core\_methods.py:187: RuntimeWarning: overflow encountered in reduce
  ret = umr_sum(x, axis, dtype, out, keepdims=keepdims, where=where)

2025-12-04 15:49:52,686:WARNING:C:\Users\ywcho\AppData\Local\Programs\Python\Python311\Lib\site-packages\numpy\core\_methods.py:187: RuntimeWarning: overflow encountered in reduce
  ret = umr_sum(x, axis, dtype, out, keepdims=keepdims, where=where)

2025-12-04 15:49:52,690:WARNING:C:\Users\ywcho\AppData\Local\Programs\Python\Python311\Lib\site-packages\numpy\core\_methods.py:187: RuntimeWarning: overflow encountered in reduce
  ret = umr_sum(x, axis, dtype, out, keepdims=keepdims, where=where)

2025-12-04 15:49:52,704:WARNING:C:\Users\ywcho\AppData\Local\Programs\Python\Python311\Lib\site-packages\numpy\core\_methods.py:187: RuntimeWarning: overflow encountered in reduce
  ret = umr_sum(x, axis, dtype, out, keepdims=keepdims, where=where)

2025-12-04 15:49:52,723:WARNING:C:\Users\ywcho\AppData\Local\Programs\Python\Python311\Lib\site-packages\numpy\core\_methods.py:187: RuntimeWarning: overflow encountered in reduce
  ret = umr_sum(x, axis, dtype, out, keepdims=keepdims, where=where)

2025-12-04 15:49:52,731:WARNING:C:\Users\ywcho\AppData\Local\Programs\Python\Python311\Lib\site-packages\numpy\core\_methods.py:187: RuntimeWarning: overflow encountered in reduce
  ret = umr_sum(x, axis, dtype, out, keepdims=keepdims, where=where)

2025-12-04 15:49:52,739:WARNING:C:\Users\ywcho\AppData\Local\Programs\Python\Python311\Lib\site-packages\numpy\core\_methods.py:187: RuntimeWarning: overflow encountered in reduce
  ret = umr_sum(x, axis, dtype, out, keepdims=keepdims, where=where)

2025-12-04 15:50:19,897:WARNING:C:\Users\ywcho\AppData\Local\Programs\Python\Python311\Lib\site-packages\sklearn\metrics\_classification.py:1561: UserWarning: Note that pos_label (set to 'turkish') is ignored when average != 'binary' (got 'weighted'). You may use labels=[pos_label] to specify a single positive class.
  warnings.warn(

2025-12-04 15:50:19,940:WARNING:C:\Users\ywcho\AppData\Local\Programs\Python\Python311\Lib\site-packages\sklearn\metrics\_classification.py:1561: UserWarning: Note that pos_label (set to 'turkish') is ignored when average != 'binary' (got 'weighted'). You may use labels=[pos_label] to specify a single positive class.
  warnings.warn(

2025-12-04 15:50:19,946:WARNING:C:\Users\ywcho\AppData\Local\Programs\Python\Python311\Lib\site-packages\sklearn\metrics\_classification.py:1561: UserWarning: Note that pos_label (set to 'turkish') is ignored when average != 'binary' (got 'weighted'). You may use labels=[pos_label] to specify a single positive class.
  warnings.warn(

2025-12-04 15:50:19,957:WARNING:C:\Users\ywcho\AppData\Local\Programs\Python\Python311\Lib\site-packages\sklearn\metrics\_classification.py:1561: UserWarning: Note that pos_label (set to 'turkish') is ignored when average != 'binary' (got 'weighted'). You may use labels=[pos_label] to specify a single positive class.
  warnings.warn(

2025-12-04 15:50:19,977:WARNING:C:\Users\ywcho\AppData\Local\Programs\Python\Python311\Lib\site-packages\sklearn\metrics\_classification.py:1561: UserWarning: Note that pos_label (set to 'turkish') is ignored when average != 'binary' (got 'weighted'). You may use labels=[pos_label] to specify a single positive class.
  warnings.warn(

2025-12-04 15:50:19,984:WARNING:C:\Users\ywcho\AppData\Local\Programs\Python\Python311\Lib\site-packages\sklearn\metrics\_classification.py:1561: UserWarning: Note that pos_label (set to 'turkish') is ignored when average != 'binary' (got 'weighted'). You may use labels=[pos_label] to specify a single positive class.
  warnings.warn(

2025-12-04 15:50:20,000:WARNING:C:\Users\ywcho\AppData\Local\Programs\Python\Python311\Lib\site-packages\sklearn\metrics\_classification.py:1561: UserWarning: Note that pos_label (set to 'turkish') is ignored when average != 'binary' (got 'weighted'). You may use labels=[pos_label] to specify a single positive class.
  warnings.warn(

2025-12-04 15:50:20,002:WARNING:C:\Users\ywcho\AppData\Local\Programs\Python\Python311\Lib\site-packages\sklearn\metrics\_classification.py:1561: UserWarning: Note that pos_label (set to 'turkish') is ignored when average != 'binary' (got 'weighted'). You may use labels=[pos_label] to specify a single positive class.
  warnings.warn(

2025-12-04 15:50:20,018:WARNING:C:\Users\ywcho\AppData\Local\Programs\Python\Python311\Lib\site-packages\sklearn\metrics\_classification.py:1561: UserWarning: Note that pos_label (set to 'turkish') is ignored when average != 'binary' (got 'weighted'). You may use labels=[pos_label] to specify a single positive class.
  warnings.warn(

2025-12-04 15:50:20,198:WARNING:C:\Users\ywcho\AppData\Local\Programs\Python\Python311\Lib\site-packages\sklearn\metrics\_classification.py:1561: UserWarning: Note that pos_label (set to 'turkish') is ignored when average != 'binary' (got 'weighted'). You may use labels=[pos_label] to specify a single positive class.
  warnings.warn(

2025-12-04 15:50:20,221:WARNING:C:\Users\ywcho\AppData\Local\Programs\Python\Python311\Lib\site-packages\sklearn\metrics\_classification.py:1561: UserWarning: Note that pos_label (set to 'turkish') is ignored when average != 'binary' (got 'weighted'). You may use labels=[pos_label] to specify a single positive class.
  warnings.warn(

2025-12-04 15:50:20,274:WARNING:C:\Users\ywcho\AppData\Local\Programs\Python\Python311\Lib\site-packages\sklearn\metrics\_classification.py:1561: UserWarning: Note that pos_label (set to 'turkish') is ignored when average != 'binary' (got 'weighted'). You may use labels=[pos_label] to specify a single positive class.
  warnings.warn(

2025-12-04 15:50:20,968:WARNING:C:\Users\ywcho\AppData\Local\Programs\Python\Python311\Lib\site-packages\sklearn\metrics\_classification.py:1561: UserWarning: Note that pos_label (set to 'turkish') is ignored when average != 'binary' (got 'weighted'). You may use labels=[pos_label] to specify a single positive class.
  warnings.warn(

2025-12-04 15:50:20,989:WARNING:C:\Users\ywcho\AppData\Local\Programs\Python\Python311\Lib\site-packages\sklearn\metrics\_classification.py:1561: UserWarning: Note that pos_label (set to 'turkish') is ignored when average != 'binary' (got 'weighted'). You may use labels=[pos_label] to specify a single positive class.
  warnings.warn(

2025-12-04 15:50:21,110:WARNING:C:\Users\ywcho\AppData\Local\Programs\Python\Python311\Lib\site-packages\sklearn\metrics\_classification.py:1561: UserWarning: Note that pos_label (set to 'turkish') is ignored when average != 'binary' (got 'weighted'). You may use labels=[pos_label] to specify a single positive class.
  warnings.warn(

2025-12-04 15:50:21,306:WARNING:C:\Users\ywcho\AppData\Local\Programs\Python\Python311\Lib\site-packages\sklearn\metrics\_classification.py:1561: UserWarning: Note that pos_label (set to 'turkish') is ignored when average != 'binary' (got 'weighted'). You may use labels=[pos_label] to specify a single positive class.
  warnings.warn(

2025-12-04 15:50:21,362:WARNING:C:\Users\ywcho\AppData\Local\Programs\Python\Python311\Lib\site-packages\sklearn\metrics\_classification.py:1561: UserWarning: Note that pos_label (set to 'turkish') is ignored when average != 'binary' (got 'weighted'). You may use labels=[pos_label] to specify a single positive class.
  warnings.warn(

2025-12-04 15:50:21,384:WARNING:C:\Users\ywcho\AppData\Local\Programs\Python\Python311\Lib\site-packages\sklearn\metrics\_classification.py:1561: UserWarning: Note that pos_label (set to 'turkish') is ignored when average != 'binary' (got 'weighted'). You may use labels=[pos_label] to specify a single positive class.
  warnings.warn(

2025-12-04 15:50:21,421:WARNING:C:\Users\ywcho\AppData\Local\Programs\Python\Python311\Lib\site-packages\sklearn\metrics\_classification.py:1561: UserWarning: Note that pos_label (set to 'turkish') is ignored when average != 'binary' (got 'weighted'). You may use labels=[pos_label] to specify a single positive class.
  warnings.warn(

2025-12-04 15:50:21,468:WARNING:C:\Users\ywcho\AppData\Local\Programs\Python\Python311\Lib\site-packages\sklearn\metrics\_classification.py:1561: UserWarning: Note that pos_label (set to 'turkish') is ignored when average != 'binary' (got 'weighted'). You may use labels=[pos_label] to specify a single positive class.
  warnings.warn(

2025-12-04 15:50:21,477:WARNING:C:\Users\ywcho\AppData\Local\Programs\Python\Python311\Lib\site-packages\sklearn\metrics\_classification.py:1561: UserWarning: Note that pos_label (set to 'turkish') is ignored when average != 'binary' (got 'weighted'). You may use labels=[pos_label] to specify a single positive class.
  warnings.warn(

2025-12-04 15:50:21,490:WARNING:C:\Users\ywcho\AppData\Local\Programs\Python\Python311\Lib\site-packages\sklearn\metrics\_classification.py:1561: UserWarning: Note that pos_label (set to 'turkish') is ignored when average != 'binary' (got 'weighted'). You may use labels=[pos_label] to specify a single positive class.
  warnings.warn(

2025-12-04 15:50:21,500:WARNING:C:\Users\ywcho\AppData\Local\Programs\Python\Python311\Lib\site-packages\sklearn\metrics\_classification.py:1561: UserWarning: Note that pos_label (set to 'turkish') is ignored when average != 'binary' (got 'weighted'). You may use labels=[pos_label] to specify a single positive class.
  warnings.warn(

2025-12-04 15:50:21,520:WARNING:C:\Users\ywcho\AppData\Local\Programs\Python\Python311\Lib\site-packages\sklearn\metrics\_classification.py:1561: UserWarning: Note that pos_label (set to 'turkish') is ignored when average != 'binary' (got 'weighted'). You may use labels=[pos_label] to specify a single positive class.
  warnings.warn(

2025-12-04 15:50:21,721:WARNING:C:\Users\ywcho\AppData\Local\Programs\Python\Python311\Lib\site-packages\sklearn\metrics\_classification.py:1561: UserWarning: Note that pos_label (set to 'turkish') is ignored when average != 'binary' (got 'weighted'). You may use labels=[pos_label] to specify a single positive class.
  warnings.warn(

2025-12-04 15:50:21,739:WARNING:C:\Users\ywcho\AppData\Local\Programs\Python\Python311\Lib\site-packages\sklearn\metrics\_classification.py:1561: UserWarning: Note that pos_label (set to 'turkish') is ignored when average != 'binary' (got 'weighted'). You may use labels=[pos_label] to specify a single positive class.
  warnings.warn(

2025-12-04 15:50:21,766:WARNING:C:\Users\ywcho\AppData\Local\Programs\Python\Python311\Lib\site-packages\sklearn\metrics\_classification.py:1561: UserWarning: Note that pos_label (set to 'turkish') is ignored when average != 'binary' (got 'weighted'). You may use labels=[pos_label] to specify a single positive class.
  warnings.warn(

2025-12-04 15:50:21,988:WARNING:C:\Users\ywcho\AppData\Local\Programs\Python\Python311\Lib\site-packages\sklearn\metrics\_classification.py:1561: UserWarning: Note that pos_label (set to 'turkish') is ignored when average != 'binary' (got 'weighted'). You may use labels=[pos_label] to specify a single positive class.
  warnings.warn(

2025-12-04 15:50:22,008:WARNING:C:\Users\ywcho\AppData\Local\Programs\Python\Python311\Lib\site-packages\sklearn\metrics\_classification.py:1561: UserWarning: Note that pos_label (set to 'turkish') is ignored when average != 'binary' (got 'weighted'). You may use labels=[pos_label] to specify a single positive class.
  warnings.warn(

2025-12-04 15:50:22,026:WARNING:C:\Users\ywcho\AppData\Local\Programs\Python\Python311\Lib\site-packages\sklearn\metrics\_classification.py:1561: UserWarning: Note that pos_label (set to 'turkish') is ignored when average != 'binary' (got 'weighted'). You may use labels=[pos_label] to specify a single positive class.
  warnings.warn(

2025-12-04 15:50:22,050:INFO:Calculating mean and std
2025-12-04 15:50:22,050:INFO:Creating metrics dataframe
2025-12-04 15:50:22,050:INFO:Uploading results into container
2025-12-04 15:50:22,050:INFO:Uploading model into container now
2025-12-04 15:50:22,050:INFO:_master_model_container: 13
2025-12-04 15:50:22,050:INFO:_display_container: 2
2025-12-04 15:50:22,050:INFO:LGBMClassifier(boosting_type='gbdt', class_weight=None, colsample_bytree=1.0,
               importance_type='split', learning_rate=0.1, max_depth=-1,
               min_child_samples=20, min_child_weight=0.001, min_split_gain=0.0,
               n_estimators=100, n_jobs=-1, num_leaves=31, objective=None,
               random_state=42, reg_alpha=0.0, reg_lambda=0.0, subsample=1.0,
               subsample_for_bin=200000, subsample_freq=0)
2025-12-04 15:50:22,050:INFO:create_model() successfully completed......................................
2025-12-04 15:50:22,149:INFO:SubProcess create_model() end ==================================
2025-12-04 15:50:22,149:INFO:Creating metrics dataframe
2025-12-04 15:50:22,149:INFO:Initializing Dummy Classifier
2025-12-04 15:50:22,149:INFO:Total runtime is 3.63873686393102 minutes
2025-12-04 15:50:22,149:INFO:SubProcess create_model() called ==================================
2025-12-04 15:50:22,149:INFO:Initializing create_model()
2025-12-04 15:50:22,149:INFO:create_model(self=<pycaret.classification.oop.ClassificationExperiment object at 0x000001E83DF7F610>, estimator=dummy, fold=StratifiedKFold(n_splits=10, random_state=None, shuffle=False), round=4, cross_validation=True, predict=True, fit_kwargs={}, groups=None, refit=False, probability_threshold=None, experiment_custom_tags=None, verbose=False, system=False, add_to_model_list=True, metrics=None, display=<pycaret.internal.display.display.CommonDisplay object at 0x000001E879341450>, model_only=True, return_train_score=False, error_score=0.0, kwargs={})
2025-12-04 15:50:22,149:INFO:Checking exceptions
2025-12-04 15:50:22,149:INFO:Importing libraries
2025-12-04 15:50:22,149:INFO:Copying training dataset
2025-12-04 15:50:22,163:INFO:Defining folds
2025-12-04 15:50:22,163:INFO:Declaring metric variables
2025-12-04 15:50:22,163:INFO:Importing untrained model
2025-12-04 15:50:22,163:INFO:Dummy Classifier Imported successfully
2025-12-04 15:50:22,163:INFO:Starting cross validation
2025-12-04 15:50:22,164:INFO:Cross validating with StratifiedKFold(n_splits=10, random_state=None, shuffle=False), n_jobs=-1
2025-12-04 15:50:22,475:WARNING:C:\Users\ywcho\AppData\Local\Programs\Python\Python311\Lib\site-packages\numpy\core\_methods.py:187: RuntimeWarning: overflow encountered in reduce
  ret = umr_sum(x, axis, dtype, out, keepdims=keepdims, where=where)

2025-12-04 15:50:22,477:WARNING:C:\Users\ywcho\AppData\Local\Programs\Python\Python311\Lib\site-packages\numpy\core\_methods.py:187: RuntimeWarning: overflow encountered in reduce
  ret = umr_sum(x, axis, dtype, out, keepdims=keepdims, where=where)

2025-12-04 15:50:22,485:WARNING:C:\Users\ywcho\AppData\Local\Programs\Python\Python311\Lib\site-packages\numpy\core\_methods.py:187: RuntimeWarning: overflow encountered in reduce
  ret = umr_sum(x, axis, dtype, out, keepdims=keepdims, where=where)

2025-12-04 15:50:22,492:WARNING:C:\Users\ywcho\AppData\Local\Programs\Python\Python311\Lib\site-packages\numpy\core\_methods.py:187: RuntimeWarning: overflow encountered in reduce
  ret = umr_sum(x, axis, dtype, out, keepdims=keepdims, where=where)

2025-12-04 15:50:22,495:WARNING:C:\Users\ywcho\AppData\Local\Programs\Python\Python311\Lib\site-packages\numpy\core\_methods.py:187: RuntimeWarning: overflow encountered in reduce
  ret = umr_sum(x, axis, dtype, out, keepdims=keepdims, where=where)

2025-12-04 15:50:22,495:WARNING:C:\Users\ywcho\AppData\Local\Programs\Python\Python311\Lib\site-packages\numpy\core\_methods.py:187: RuntimeWarning: overflow encountered in reduce
  ret = umr_sum(x, axis, dtype, out, keepdims=keepdims, where=where)

2025-12-04 15:50:22,499:WARNING:C:\Users\ywcho\AppData\Local\Programs\Python\Python311\Lib\site-packages\numpy\core\_methods.py:187: RuntimeWarning: overflow encountered in reduce
  ret = umr_sum(x, axis, dtype, out, keepdims=keepdims, where=where)

2025-12-04 15:50:22,509:WARNING:C:\Users\ywcho\AppData\Local\Programs\Python\Python311\Lib\site-packages\numpy\core\_methods.py:187: RuntimeWarning: overflow encountered in reduce
  ret = umr_sum(x, axis, dtype, out, keepdims=keepdims, where=where)

2025-12-04 15:50:22,566:WARNING:C:\Users\ywcho\AppData\Local\Programs\Python\Python311\Lib\site-packages\numpy\core\_methods.py:187: RuntimeWarning: overflow encountered in reduce
  ret = umr_sum(x, axis, dtype, out, keepdims=keepdims, where=where)

2025-12-04 15:50:22,580:WARNING:C:\Users\ywcho\AppData\Local\Programs\Python\Python311\Lib\site-packages\numpy\core\_methods.py:187: RuntimeWarning: overflow encountered in reduce
  ret = umr_sum(x, axis, dtype, out, keepdims=keepdims, where=where)

2025-12-04 15:50:22,584:WARNING:C:\Users\ywcho\AppData\Local\Programs\Python\Python311\Lib\site-packages\sklearn\metrics\_classification.py:1561: UserWarning: Note that pos_label (set to 'turkish') is ignored when average != 'binary' (got 'weighted'). You may use labels=[pos_label] to specify a single positive class.
  warnings.warn(

2025-12-04 15:50:22,592:WARNING:C:\Users\ywcho\AppData\Local\Programs\Python\Python311\Lib\site-packages\sklearn\metrics\_classification.py:1561: UserWarning: Note that pos_label (set to 'turkish') is ignored when average != 'binary' (got 'weighted'). You may use labels=[pos_label] to specify a single positive class.
  warnings.warn(

2025-12-04 15:50:22,596:WARNING:C:\Users\ywcho\AppData\Local\Programs\Python\Python311\Lib\site-packages\sklearn\metrics\_classification.py:1561: UserWarning: Note that pos_label (set to 'turkish') is ignored when average != 'binary' (got 'weighted'). You may use labels=[pos_label] to specify a single positive class.
  warnings.warn(

2025-12-04 15:50:22,600:WARNING:C:\Users\ywcho\AppData\Local\Programs\Python\Python311\Lib\site-packages\sklearn\metrics\_classification.py:1561: UserWarning: Note that pos_label (set to 'turkish') is ignored when average != 'binary' (got 'weighted'). You may use labels=[pos_label] to specify a single positive class.
  warnings.warn(

2025-12-04 15:50:22,600:WARNING:C:\Users\ywcho\AppData\Local\Programs\Python\Python311\Lib\site-packages\sklearn\metrics\_classification.py:1561: UserWarning: Note that pos_label (set to 'turkish') is ignored when average != 'binary' (got 'weighted'). You may use labels=[pos_label] to specify a single positive class.
  warnings.warn(

2025-12-04 15:50:22,602:WARNING:C:\Users\ywcho\AppData\Local\Programs\Python\Python311\Lib\site-packages\sklearn\metrics\_classification.py:1561: UserWarning: Note that pos_label (set to 'turkish') is ignored when average != 'binary' (got 'weighted'). You may use labels=[pos_label] to specify a single positive class.
  warnings.warn(

2025-12-04 15:50:22,602:WARNING:C:\Users\ywcho\AppData\Local\Programs\Python\Python311\Lib\site-packages\sklearn\metrics\_classification.py:1561: UserWarning: Note that pos_label (set to 'turkish') is ignored when average != 'binary' (got 'weighted'). You may use labels=[pos_label] to specify a single positive class.
  warnings.warn(

2025-12-04 15:50:22,609:WARNING:C:\Users\ywcho\AppData\Local\Programs\Python\Python311\Lib\site-packages\sklearn\metrics\_classification.py:1561: UserWarning: Note that pos_label (set to 'turkish') is ignored when average != 'binary' (got 'weighted'). You may use labels=[pos_label] to specify a single positive class.
  warnings.warn(

2025-12-04 15:50:22,611:WARNING:C:\Users\ywcho\AppData\Local\Programs\Python\Python311\Lib\site-packages\sklearn\metrics\_classification.py:1561: UserWarning: Note that pos_label (set to 'turkish') is ignored when average != 'binary' (got 'weighted'). You may use labels=[pos_label] to specify a single positive class.
  warnings.warn(

2025-12-04 15:50:22,613:WARNING:C:\Users\ywcho\AppData\Local\Programs\Python\Python311\Lib\site-packages\sklearn\metrics\_classification.py:1509: UndefinedMetricWarning: Precision is ill-defined and being set to 0.0 in labels with no predicted samples. Use `zero_division` parameter to control this behavior.
  _warn_prf(average, modifier, f"{metric.capitalize()} is", len(result))

2025-12-04 15:50:22,615:WARNING:C:\Users\ywcho\AppData\Local\Programs\Python\Python311\Lib\site-packages\sklearn\metrics\_classification.py:1561: UserWarning: Note that pos_label (set to 'turkish') is ignored when average != 'binary' (got 'weighted'). You may use labels=[pos_label] to specify a single positive class.
  warnings.warn(

2025-12-04 15:50:22,617:WARNING:C:\Users\ywcho\AppData\Local\Programs\Python\Python311\Lib\site-packages\sklearn\metrics\_classification.py:1561: UserWarning: Note that pos_label (set to 'turkish') is ignored when average != 'binary' (got 'weighted'). You may use labels=[pos_label] to specify a single positive class.
  warnings.warn(

2025-12-04 15:50:22,617:WARNING:C:\Users\ywcho\AppData\Local\Programs\Python\Python311\Lib\site-packages\sklearn\metrics\_classification.py:1561: UserWarning: Note that pos_label (set to 'turkish') is ignored when average != 'binary' (got 'weighted'). You may use labels=[pos_label] to specify a single positive class.
  warnings.warn(

2025-12-04 15:50:22,619:WARNING:C:\Users\ywcho\AppData\Local\Programs\Python\Python311\Lib\site-packages\sklearn\metrics\_classification.py:1561: UserWarning: Note that pos_label (set to 'turkish') is ignored when average != 'binary' (got 'weighted'). You may use labels=[pos_label] to specify a single positive class.
  warnings.warn(

2025-12-04 15:50:22,619:WARNING:C:\Users\ywcho\AppData\Local\Programs\Python\Python311\Lib\site-packages\sklearn\metrics\_classification.py:1561: UserWarning: Note that pos_label (set to 'turkish') is ignored when average != 'binary' (got 'weighted'). You may use labels=[pos_label] to specify a single positive class.
  warnings.warn(

2025-12-04 15:50:22,621:WARNING:C:\Users\ywcho\AppData\Local\Programs\Python\Python311\Lib\site-packages\sklearn\metrics\_classification.py:1561: UserWarning: Note that pos_label (set to 'turkish') is ignored when average != 'binary' (got 'weighted'). You may use labels=[pos_label] to specify a single positive class.
  warnings.warn(

2025-12-04 15:50:22,621:WARNING:C:\Users\ywcho\AppData\Local\Programs\Python\Python311\Lib\site-packages\sklearn\metrics\_classification.py:1509: UndefinedMetricWarning: Precision is ill-defined and being set to 0.0 in labels with no predicted samples. Use `zero_division` parameter to control this behavior.
  _warn_prf(average, modifier, f"{metric.capitalize()} is", len(result))

2025-12-04 15:50:22,625:WARNING:C:\Users\ywcho\AppData\Local\Programs\Python\Python311\Lib\site-packages\sklearn\metrics\_classification.py:1561: UserWarning: Note that pos_label (set to 'turkish') is ignored when average != 'binary' (got 'weighted'). You may use labels=[pos_label] to specify a single positive class.
  warnings.warn(

2025-12-04 15:50:22,627:WARNING:C:\Users\ywcho\AppData\Local\Programs\Python\Python311\Lib\site-packages\sklearn\metrics\_classification.py:1509: UndefinedMetricWarning: Precision is ill-defined and being set to 0.0 in labels with no predicted samples. Use `zero_division` parameter to control this behavior.
  _warn_prf(average, modifier, f"{metric.capitalize()} is", len(result))

2025-12-04 15:50:22,627:WARNING:C:\Users\ywcho\AppData\Local\Programs\Python\Python311\Lib\site-packages\sklearn\metrics\_classification.py:1509: UndefinedMetricWarning: Precision is ill-defined and being set to 0.0 in labels with no predicted samples. Use `zero_division` parameter to control this behavior.
  _warn_prf(average, modifier, f"{metric.capitalize()} is", len(result))

2025-12-04 15:50:22,627:WARNING:C:\Users\ywcho\AppData\Local\Programs\Python\Python311\Lib\site-packages\sklearn\metrics\_classification.py:1561: UserWarning: Note that pos_label (set to 'turkish') is ignored when average != 'binary' (got 'weighted'). You may use labels=[pos_label] to specify a single positive class.
  warnings.warn(

2025-12-04 15:50:22,631:WARNING:C:\Users\ywcho\AppData\Local\Programs\Python\Python311\Lib\site-packages\sklearn\metrics\_classification.py:1509: UndefinedMetricWarning: Precision is ill-defined and being set to 0.0 in labels with no predicted samples. Use `zero_division` parameter to control this behavior.
  _warn_prf(average, modifier, f"{metric.capitalize()} is", len(result))

2025-12-04 15:50:22,631:WARNING:C:\Users\ywcho\AppData\Local\Programs\Python\Python311\Lib\site-packages\sklearn\metrics\_classification.py:1561: UserWarning: Note that pos_label (set to 'turkish') is ignored when average != 'binary' (got 'weighted'). You may use labels=[pos_label] to specify a single positive class.
  warnings.warn(

2025-12-04 15:50:22,633:WARNING:C:\Users\ywcho\AppData\Local\Programs\Python\Python311\Lib\site-packages\sklearn\metrics\_classification.py:1561: UserWarning: Note that pos_label (set to 'turkish') is ignored when average != 'binary' (got 'weighted'). You may use labels=[pos_label] to specify a single positive class.
  warnings.warn(

2025-12-04 15:50:22,635:WARNING:C:\Users\ywcho\AppData\Local\Programs\Python\Python311\Lib\site-packages\sklearn\metrics\_classification.py:1561: UserWarning: Note that pos_label (set to 'turkish') is ignored when average != 'binary' (got 'weighted'). You may use labels=[pos_label] to specify a single positive class.
  warnings.warn(

2025-12-04 15:50:22,637:WARNING:C:\Users\ywcho\AppData\Local\Programs\Python\Python311\Lib\site-packages\sklearn\metrics\_classification.py:1509: UndefinedMetricWarning: Precision is ill-defined and being set to 0.0 in labels with no predicted samples. Use `zero_division` parameter to control this behavior.
  _warn_prf(average, modifier, f"{metric.capitalize()} is", len(result))

2025-12-04 15:50:22,639:WARNING:C:\Users\ywcho\AppData\Local\Programs\Python\Python311\Lib\site-packages\sklearn\metrics\_classification.py:1561: UserWarning: Note that pos_label (set to 'turkish') is ignored when average != 'binary' (got 'weighted'). You may use labels=[pos_label] to specify a single positive class.
  warnings.warn(

2025-12-04 15:50:22,639:WARNING:C:\Users\ywcho\AppData\Local\Programs\Python\Python311\Lib\site-packages\sklearn\metrics\_classification.py:1561: UserWarning: Note that pos_label (set to 'turkish') is ignored when average != 'binary' (got 'weighted'). You may use labels=[pos_label] to specify a single positive class.
  warnings.warn(

2025-12-04 15:50:22,639:WARNING:C:\Users\ywcho\AppData\Local\Programs\Python\Python311\Lib\site-packages\sklearn\metrics\_classification.py:1509: UndefinedMetricWarning: Precision is ill-defined and being set to 0.0 in labels with no predicted samples. Use `zero_division` parameter to control this behavior.
  _warn_prf(average, modifier, f"{metric.capitalize()} is", len(result))

2025-12-04 15:50:22,645:WARNING:C:\Users\ywcho\AppData\Local\Programs\Python\Python311\Lib\site-packages\sklearn\metrics\_classification.py:1561: UserWarning: Note that pos_label (set to 'turkish') is ignored when average != 'binary' (got 'weighted'). You may use labels=[pos_label] to specify a single positive class.
  warnings.warn(

2025-12-04 15:50:22,647:WARNING:C:\Users\ywcho\AppData\Local\Programs\Python\Python311\Lib\site-packages\sklearn\metrics\_classification.py:1561: UserWarning: Note that pos_label (set to 'turkish') is ignored when average != 'binary' (got 'weighted'). You may use labels=[pos_label] to specify a single positive class.
  warnings.warn(

2025-12-04 15:50:22,650:WARNING:C:\Users\ywcho\AppData\Local\Programs\Python\Python311\Lib\site-packages\sklearn\metrics\_classification.py:1561: UserWarning: Note that pos_label (set to 'turkish') is ignored when average != 'binary' (got 'weighted'). You may use labels=[pos_label] to specify a single positive class.
  warnings.warn(

2025-12-04 15:50:22,664:WARNING:C:\Users\ywcho\AppData\Local\Programs\Python\Python311\Lib\site-packages\sklearn\metrics\_classification.py:1561: UserWarning: Note that pos_label (set to 'turkish') is ignored when average != 'binary' (got 'weighted'). You may use labels=[pos_label] to specify a single positive class.
  warnings.warn(

2025-12-04 15:50:22,668:WARNING:C:\Users\ywcho\AppData\Local\Programs\Python\Python311\Lib\site-packages\sklearn\metrics\_classification.py:1509: UndefinedMetricWarning: Precision is ill-defined and being set to 0.0 in labels with no predicted samples. Use `zero_division` parameter to control this behavior.
  _warn_prf(average, modifier, f"{metric.capitalize()} is", len(result))

2025-12-04 15:50:22,673:WARNING:C:\Users\ywcho\AppData\Local\Programs\Python\Python311\Lib\site-packages\sklearn\metrics\_classification.py:1561: UserWarning: Note that pos_label (set to 'turkish') is ignored when average != 'binary' (got 'weighted'). You may use labels=[pos_label] to specify a single positive class.
  warnings.warn(

2025-12-04 15:50:22,673:WARNING:C:\Users\ywcho\AppData\Local\Programs\Python\Python311\Lib\site-packages\sklearn\metrics\_classification.py:1561: UserWarning: Note that pos_label (set to 'turkish') is ignored when average != 'binary' (got 'weighted'). You may use labels=[pos_label] to specify a single positive class.
  warnings.warn(

2025-12-04 15:50:22,681:WARNING:C:\Users\ywcho\AppData\Local\Programs\Python\Python311\Lib\site-packages\sklearn\metrics\_classification.py:1561: UserWarning: Note that pos_label (set to 'turkish') is ignored when average != 'binary' (got 'weighted'). You may use labels=[pos_label] to specify a single positive class.
  warnings.warn(

2025-12-04 15:50:22,687:WARNING:C:\Users\ywcho\AppData\Local\Programs\Python\Python311\Lib\site-packages\sklearn\metrics\_classification.py:1509: UndefinedMetricWarning: Precision is ill-defined and being set to 0.0 in labels with no predicted samples. Use `zero_division` parameter to control this behavior.
  _warn_prf(average, modifier, f"{metric.capitalize()} is", len(result))

2025-12-04 15:50:22,691:WARNING:C:\Users\ywcho\AppData\Local\Programs\Python\Python311\Lib\site-packages\sklearn\metrics\_classification.py:1561: UserWarning: Note that pos_label (set to 'turkish') is ignored when average != 'binary' (got 'weighted'). You may use labels=[pos_label] to specify a single positive class.
  warnings.warn(

2025-12-04 15:50:22,712:INFO:Calculating mean and std
2025-12-04 15:50:22,712:INFO:Creating metrics dataframe
2025-12-04 15:50:22,714:INFO:Uploading results into container
2025-12-04 15:50:22,714:INFO:Uploading model into container now
2025-12-04 15:50:22,714:INFO:_master_model_container: 14
2025-12-04 15:50:22,714:INFO:_display_container: 2
2025-12-04 15:50:22,714:INFO:DummyClassifier(constant=None, random_state=42, strategy='prior')
2025-12-04 15:50:22,714:INFO:create_model() successfully completed......................................
2025-12-04 15:50:22,800:INFO:SubProcess create_model() end ==================================
2025-12-04 15:50:22,800:INFO:Creating metrics dataframe
2025-12-04 15:50:22,814:WARNING:C:\Users\ywcho\AppData\Local\Programs\Python\Python311\Lib\site-packages\pycaret\internal\pycaret_experiment\supervised_experiment.py:339: FutureWarning: Styler.applymap has been deprecated. Use Styler.map instead.
  .applymap(highlight_cols, subset=["TT (Sec)"])

2025-12-04 15:50:22,816:INFO:Initializing create_model()
2025-12-04 15:50:22,816:INFO:create_model(self=<pycaret.classification.oop.ClassificationExperiment object at 0x000001E83DF7F610>, estimator=RandomForestClassifier(bootstrap=True, ccp_alpha=0.0, class_weight=None,
                       criterion='gini', max_depth=None, max_features='sqrt',
                       max_leaf_nodes=None, max_samples=None,
                       min_impurity_decrease=0.0, min_samples_leaf=1,
                       min_samples_split=2, min_weight_fraction_leaf=0.0,
                       monotonic_cst=None, n_estimators=100, n_jobs=-1,
                       oob_score=False, random_state=42, verbose=0,
                       warm_start=False), fold=StratifiedKFold(n_splits=10, random_state=None, shuffle=False), round=4, cross_validation=False, predict=False, fit_kwargs={}, groups=None, refit=True, probability_threshold=None, experiment_custom_tags=None, verbose=False, system=False, add_to_model_list=True, metrics=None, display=None, model_only=True, return_train_score=False, error_score=0.0, kwargs={})
2025-12-04 15:50:22,817:INFO:Checking exceptions
2025-12-04 15:50:22,817:INFO:Importing libraries
2025-12-04 15:50:22,817:INFO:Copying training dataset
2025-12-04 15:50:22,819:INFO:Defining folds
2025-12-04 15:50:22,819:INFO:Declaring metric variables
2025-12-04 15:50:22,819:INFO:Importing untrained model
2025-12-04 15:50:22,819:INFO:Declaring custom model
2025-12-04 15:50:22,819:INFO:Random Forest Classifier Imported successfully
2025-12-04 15:50:22,819:INFO:Cross validation set to False
2025-12-04 15:50:22,819:INFO:Fitting Model
2025-12-04 15:50:22,949:WARNING:C:\Users\ywcho\AppData\Local\Programs\Python\Python311\Lib\site-packages\numpy\core\_methods.py:187: RuntimeWarning: overflow encountered in reduce
  ret = umr_sum(x, axis, dtype, out, keepdims=keepdims, where=where)

2025-12-04 15:50:26,882:INFO:RandomForestClassifier(bootstrap=True, ccp_alpha=0.0, class_weight=None,
                       criterion='gini', max_depth=None, max_features='sqrt',
                       max_leaf_nodes=None, max_samples=None,
                       min_impurity_decrease=0.0, min_samples_leaf=1,
                       min_samples_split=2, min_weight_fraction_leaf=0.0,
                       monotonic_cst=None, n_estimators=100, n_jobs=-1,
                       oob_score=False, random_state=42, verbose=0,
                       warm_start=False)
2025-12-04 15:50:26,882:INFO:create_model() successfully completed......................................
2025-12-04 15:50:26,997:INFO:_master_model_container: 14
2025-12-04 15:50:26,997:INFO:_display_container: 2
2025-12-04 15:50:26,997:INFO:RandomForestClassifier(bootstrap=True, ccp_alpha=0.0, class_weight=None,
                       criterion='gini', max_depth=None, max_features='sqrt',
                       max_leaf_nodes=None, max_samples=None,
                       min_impurity_decrease=0.0, min_samples_leaf=1,
                       min_samples_split=2, min_weight_fraction_leaf=0.0,
                       monotonic_cst=None, n_estimators=100, n_jobs=-1,
                       oob_score=False, random_state=42, verbose=0,
                       warm_start=False)
2025-12-04 15:50:26,997:INFO:compare_models() successfully completed......................................
2025-12-04 15:50:26,997:INFO:Initializing finalize_model()
2025-12-04 15:50:26,997:INFO:finalize_model(self=<pycaret.classification.oop.ClassificationExperiment object at 0x000001E83DF7F610>, estimator=RandomForestClassifier(bootstrap=True, ccp_alpha=0.0, class_weight=None,
                       criterion='gini', max_depth=None, max_features='sqrt',
                       max_leaf_nodes=None, max_samples=None,
                       min_impurity_decrease=0.0, min_samples_leaf=1,
                       min_samples_split=2, min_weight_fraction_leaf=0.0,
                       monotonic_cst=None, n_estimators=100, n_jobs=-1,
                       oob_score=False, random_state=42, verbose=0,
                       warm_start=False), fit_kwargs=None, groups=None, model_only=False, experiment_custom_tags=None)
2025-12-04 15:50:26,997:INFO:Finalizing RandomForestClassifier(bootstrap=True, ccp_alpha=0.0, class_weight=None,
                       criterion='gini', max_depth=None, max_features='sqrt',
                       max_leaf_nodes=None, max_samples=None,
                       min_impurity_decrease=0.0, min_samples_leaf=1,
                       min_samples_split=2, min_weight_fraction_leaf=0.0,
                       monotonic_cst=None, n_estimators=100, n_jobs=-1,
                       oob_score=False, random_state=42, verbose=0,
                       warm_start=False)
2025-12-04 15:50:27,012:INFO:Initializing create_model()
2025-12-04 15:50:27,013:INFO:create_model(self=<pycaret.classification.oop.ClassificationExperiment object at 0x000001E83DF7F610>, estimator=RandomForestClassifier(bootstrap=True, ccp_alpha=0.0, class_weight=None,
                       criterion='gini', max_depth=None, max_features='sqrt',
                       max_leaf_nodes=None, max_samples=None,
                       min_impurity_decrease=0.0, min_samples_leaf=1,
                       min_samples_split=2, min_weight_fraction_leaf=0.0,
                       monotonic_cst=None, n_estimators=100, n_jobs=-1,
                       oob_score=False, random_state=42, verbose=0,
                       warm_start=False), fold=None, round=4, cross_validation=False, predict=False, fit_kwargs={}, groups=None, refit=True, probability_threshold=None, experiment_custom_tags=None, verbose=False, system=False, add_to_model_list=False, metrics=None, display=None, model_only=False, return_train_score=False, error_score=0.0, kwargs={})
2025-12-04 15:50:27,013:INFO:Checking exceptions
2025-12-04 15:50:27,014:INFO:Importing libraries
2025-12-04 15:50:27,014:INFO:Copying training dataset
2025-12-04 15:50:27,014:INFO:Defining folds
2025-12-04 15:50:27,014:INFO:Declaring metric variables
2025-12-04 15:50:27,015:INFO:Importing untrained model
2025-12-04 15:50:27,015:INFO:Declaring custom model
2025-12-04 15:50:27,016:INFO:Random Forest Classifier Imported successfully
2025-12-04 15:50:27,017:INFO:Cross validation set to False
2025-12-04 15:50:27,017:INFO:Fitting Model
2025-12-04 15:50:27,219:WARNING:C:\Users\ywcho\AppData\Local\Programs\Python\Python311\Lib\site-packages\numpy\core\_methods.py:187: RuntimeWarning: overflow encountered in reduce
  ret = umr_sum(x, axis, dtype, out, keepdims=keepdims, where=where)

2025-12-04 15:50:28,804:INFO:Pipeline(memory=Memory(location=None),
         steps=[('label_encoding',
                 TransformerWrapperWithInverse(exclude=None, include=None,
                                               transformer=LabelEncoder())),
                ('numerical_imputer',
                 TransformerWrapper(exclude=None,
                                    include=['danceability', 'energy',
                                             'loudness', 'mode', 'acousticness',
                                             'instrumentalness', 'liveness',
                                             'valence', 'tempo'],
                                    transformer=SimpleImputer(add_indi...
                 RandomForestClassifier(bootstrap=True, ccp_alpha=0.0,
                                        class_weight=None, criterion='gini',
                                        max_depth=None, max_features='sqrt',
                                        max_leaf_nodes=None, max_samples=None,
                                        min_impurity_decrease=0.0,
                                        min_samples_leaf=1, min_samples_split=2,
                                        min_weight_fraction_leaf=0.0,
                                        monotonic_cst=None, n_estimators=100,
                                        n_jobs=-1, oob_score=False,
                                        random_state=42, verbose=0,
                                        warm_start=False))],
         verbose=False)
2025-12-04 15:50:28,804:INFO:create_model() successfully completed......................................
2025-12-04 15:50:28,923:INFO:_master_model_container: 14
2025-12-04 15:50:28,923:INFO:_display_container: 2
2025-12-04 15:50:28,931:INFO:Pipeline(memory=Memory(location=None),
         steps=[('label_encoding',
                 TransformerWrapperWithInverse(exclude=None, include=None,
                                               transformer=LabelEncoder())),
                ('numerical_imputer',
                 TransformerWrapper(exclude=None,
                                    include=['danceability', 'energy',
                                             'loudness', 'mode', 'acousticness',
                                             'instrumentalness', 'liveness',
                                             'valence', 'tempo'],
                                    transformer=SimpleImputer(add_indi...
                 RandomForestClassifier(bootstrap=True, ccp_alpha=0.0,
                                        class_weight=None, criterion='gini',
                                        max_depth=None, max_features='sqrt',
                                        max_leaf_nodes=None, max_samples=None,
                                        min_impurity_decrease=0.0,
                                        min_samples_leaf=1, min_samples_split=2,
                                        min_weight_fraction_leaf=0.0,
                                        monotonic_cst=None, n_estimators=100,
                                        n_jobs=-1, oob_score=False,
                                        random_state=42, verbose=0,
                                        warm_start=False))],
         verbose=False)
2025-12-04 15:50:28,931:INFO:finalize_model() successfully completed......................................
2025-12-04 15:50:29,050:INFO:Initializing save_model()
2025-12-04 15:50:29,050:INFO:save_model(model=Pipeline(memory=Memory(location=None),
         steps=[('label_encoding',
                 TransformerWrapperWithInverse(exclude=None, include=None,
                                               transformer=LabelEncoder())),
                ('numerical_imputer',
                 TransformerWrapper(exclude=None,
                                    include=['danceability', 'energy',
                                             'loudness', 'mode', 'acousticness',
                                             'instrumentalness', 'liveness',
                                             'valence', 'tempo'],
                                    transformer=SimpleImputer(add_indi...
                 RandomForestClassifier(bootstrap=True, ccp_alpha=0.0,
                                        class_weight=None, criterion='gini',
                                        max_depth=None, max_features='sqrt',
                                        max_leaf_nodes=None, max_samples=None,
                                        min_impurity_decrease=0.0,
                                        min_samples_leaf=1, min_samples_split=2,
                                        min_weight_fraction_leaf=0.0,
                                        monotonic_cst=None, n_estimators=100,
                                        n_jobs=-1, oob_score=False,
                                        random_state=42, verbose=0,
                                        warm_start=False))],
         verbose=False), model_name=genre_classifier, prep_pipe_=Pipeline(memory=FastMemory(location=C:\Users\ywcho\AppData\Local\Temp\joblib),
         steps=[('label_encoding',
                 TransformerWrapperWithInverse(exclude=None, include=None,
                                               transformer=LabelEncoder())),
                ('numerical_imputer',
                 TransformerWrapper(exclude=None,
                                    include=['danceability', 'energy',
                                             'loudness', 'mode', 'acousticness',
                                             'instrumentalness', 'liveness',
                                             'valence', 'te...
                                    transformer=FixImbalancer(estimator=SMOTE(k_neighbors=5,
                                                                              random_state=42,
                                                                              sampling_strategy='auto')))),
                ('transformation',
                 TransformerWrapper(exclude=None, include=None,
                                    transformer=PowerTransformer(copy=True,
                                                                 method='yeo-johnson',
                                                                 standardize=False))),
                ('normalize',
                 TransformerWrapper(exclude=None, include=None,
                                    transformer=StandardScaler(copy=True,
                                                               with_mean=True,
                                                               with_std=True)))],
         verbose=False), verbose=True, use_case=MLUsecase.CLASSIFICATION, kwargs={})
2025-12-04 15:50:29,050:INFO:Adding model into prep_pipe
2025-12-04 15:50:29,050:WARNING:Only Model saved as it was a pipeline.
2025-12-04 15:50:29,373:INFO:genre_classifier.pkl saved in current working directory
2025-12-04 15:50:29,383:INFO:Pipeline(memory=Memory(location=None),
         steps=[('label_encoding',
                 TransformerWrapperWithInverse(exclude=None, include=None,
                                               transformer=LabelEncoder())),
                ('numerical_imputer',
                 TransformerWrapper(exclude=None,
                                    include=['danceability', 'energy',
                                             'loudness', 'mode', 'acousticness',
                                             'instrumentalness', 'liveness',
                                             'valence', 'tempo'],
                                    transformer=SimpleImputer(add_indi...
                 RandomForestClassifier(bootstrap=True, ccp_alpha=0.0,
                                        class_weight=None, criterion='gini',
                                        max_depth=None, max_features='sqrt',
                                        max_leaf_nodes=None, max_samples=None,
                                        min_impurity_decrease=0.0,
                                        min_samples_leaf=1, min_samples_split=2,
                                        min_weight_fraction_leaf=0.0,
                                        monotonic_cst=None, n_estimators=100,
                                        n_jobs=-1, oob_score=False,
                                        random_state=42, verbose=0,
                                        warm_start=False))],
         verbose=False)
2025-12-04 15:50:29,383:INFO:save_model() successfully completed......................................
2025-12-04 15:51:28,411:WARNING:
'cuml' is a soft dependency and not included in the pycaret installation. Please run: `pip install cuml` to install.
2025-12-04 15:51:28,411:WARNING:
'cuml' is a soft dependency and not included in the pycaret installation. Please run: `pip install cuml` to install.
2025-12-04 15:51:28,411:WARNING:
'cuml' is a soft dependency and not included in the pycaret installation. Please run: `pip install cuml` to install.
2025-12-04 15:51:28,411:WARNING:
'cuml' is a soft dependency and not included in the pycaret installation. Please run: `pip install cuml` to install.
2025-12-04 15:51:29,842:INFO:Initializing load_model()
2025-12-04 15:51:29,842:INFO:load_model(model_name=genre_classifier, platform=None, authentication=None, verbose=True)
2025-12-04 15:51:30,287:INFO:Initializing predict_model()
2025-12-04 15:51:30,287:INFO:predict_model(self=<pycaret.classification.oop.ClassificationExperiment object at 0x000001E411DBE190>, estimator=Pipeline(memory=Memory(location=None),
         steps=[('label_encoding',
                 TransformerWrapperWithInverse(transformer=LabelEncoder())),
                ('numerical_imputer',
                 TransformerWrapper(include=['danceability', 'energy',
                                             'loudness', 'mode', 'acousticness',
                                             'instrumentalness', 'liveness',
                                             'valence', 'tempo'],
                                    transformer=SimpleImputer())),
                ('categorical_imputer',
                 TransformerWrapper(i...
                                    transformer=RemoveMulticollinearity(threshold=0.95))),
                ('balance',
                 TransformerWrapper(transformer=FixImbalancer(estimator=SMOTE(random_state=42)))),
                ('transformation',
                 TransformerWrapper(transformer=PowerTransformer(standardize=False))),
                ('normalize', TransformerWrapper(transformer=StandardScaler())),
                ('actual_estimator',
                 RandomForestClassifier(n_jobs=-1, random_state=42))]), probability_threshold=None, encoded_labels=False, raw_score=False, round=4, verbose=True, ml_usecase=None, preprocess=True, encode_labels=<function _SupervisedExperiment.predict_model.<locals>.encode_labels at 0x000001E42DBA72E0>)
2025-12-04 15:51:30,287:INFO:Checking exceptions
2025-12-04 15:51:30,287:INFO:Preloading libraries
2025-12-04 15:51:30,287:INFO:Set up data.
2025-12-04 15:51:30,291:INFO:Set up index.
