Genre,danceability,energy,loudness,mode,acousticness,instrumentalness,liveness,valence,tempo
edm,0.791,0.749,-8.744,0.0,0.0213,0.0321,0.079,0.0669,109.997
edm,0.593,0.96,-4.896,0.0,0.0431,0.766,0.245,0.448,126.998
edm,0.729,0.496,-7.863,1.0,0.766,0.0,0.134,0.66,155.062
edm,0.695,0.752,-8.988,1.0,0.000702,0.00902,0.101,0.424,111.023
edm,0.693,0.977,-2.941,0.0,0.00182,0.708,0.589,0.419,126.969
edm,0.58,0.586,-6.883,1.0,0.344,0.0,0.0755,0.507,147.988
edm,0.898,0.435,-8.834,1.0,0.555,0.0,0.139,0.836,115.034
edm,0.623,0.796,-2.981,0.0,0.659,0.0,0.115,0.607,197.524
edm,0.661,0.374,-7.561,1.0,0.0171,0.0,0.0938,0.349,92.011
edm,0.819,0.583,-8.751,1.0,0.00422,0.536,0.387,0.0535,102.904
edm,0.585,0.696,-5.6,0.0,0.204,0.0,0.344,0.522,104.01
edm,0.733,0.859,-5.03,0.0,0.479,0.0645,0.105,0.52,124.948
edm,0.824,0.907,-1.12,1.0,0.0189,2.25e-05,0.146,0.417,104.917
edm,0.552,0.654,-8.245,0.0,0.00125,0.094,0.102,0.141,124.975
edm,0.469,0.525,-12.986,1.0,0.144,5.36e-05,0.101,0.14,129.967
edm,0.628,0.833,-4.126,0.0,0.0079,1.48e-05,0.074,0.56,128.003
edm,0.672,0.578,-6.621,1.0,0.469,0.0,0.312,0.548,113.945
edm,0.764,0.925,-1.997,1.0,0.000747,0.136,0.218,0.456,127.948
edm,0.512,0.948,-1.849,0.0,0.00433,0.00173,0.141,0.134,149.986
edm,0.466,0.747,-4.838,0.0,0.417,9.76e-06,0.107,0.43,92.161
edm,0.705,0.924,-2.975,0.0,0.0468,0.0466,0.573,0.307,128.066
edm,0.648,0.86,-4.974,1.0,0.00636,0.0289,0.135,0.625,128.03
edm,0.689,0.623,-5.025,0.0,0.254,0.0,0.113,0.546,101.998
edm,0.486,0.701,-9.815,1.0,0.000613,0.794,0.246,0.125,192.046
edm,0.771,0.553,-8.741,0.0,0.0166,3.78e-05,0.145,0.484,115.002
edm,0.687,0.61,-4.713,0.0,0.351,0.0,0.175,0.649,128.15
edm,0.643,0.817,-3.506,0.0,0.0164,0.00239,0.126,0.381,128.119
edm,0.704,0.822,-4.69,0.0,0.0097,0.00117,0.147,0.541,122.031
edm,0.444,0.35,-7.194,1.0,0.453,0.109,0.0824,0.0973,95.979
edm,0.829,0.833,-3.693,0.0,0.0176,0.0559,0.0445,0.512,126.053
edm,0.725,0.722,-4.824,1.0,0.00416,0.19,0.181,0.345,74.999
edm,0.714,0.817,-4.621,0.0,0.0866,0.00435,0.321,0.123,126.026
edm,0.664,0.939,-4.699,0.0,0.011,0.0142,0.167,0.285,121.979
edm,0.687,0.788,-5.142,0.0,0.0121,0.0,0.358,0.669,123.02
edm,0.536,0.879,-3.019,1.0,0.0742,0.0,0.0847,0.334,140.137
edm,0.654,0.749,-4.711,1.0,0.0313,0.00181,0.122,0.354,94.989
edm,0.759,0.787,-4.303,0.0,0.0191,0.000512,0.409,0.619,124.023
edm,0.582,0.894,-6.298,1.0,0.0022,0.0223,0.0664,0.0694,125.946
edm,0.817,0.927,-4.119,0.0,0.0477,0.0563,0.102,0.443,128.029
edm,0.636,0.936,-2.65,0.0,0.177,0.0,0.0879,0.415,124.034
edm,0.703,0.66,-5.119,0.0,0.137,0.0,0.192,0.79,95.031
edm,0.537,0.65,-4.665,0.0,0.215,0.000122,0.1,0.358,95.056
edm,0.623,0.889,-2.169,1.0,0.0939,0.0,0.358,0.466,149.931
edm,0.608,0.866,-4.678,1.0,0.0424,0.0038,0.408,0.251,127.992
edm,0.659,0.742,-4.624,1.0,0.146,0.0,0.217,0.729,106.947
edm,0.596,0.817,-3.027,1.0,0.0292,0.0,0.101,0.561,144.071
edm,0.487,0.669,-6.473,1.0,0.0145,0.00349,0.102,0.0573,172.026
edm,0.832,0.922,-3.866,1.0,0.0361,0.0274,0.109,0.716,127.999
edm,0.534,0.476,-8.268,1.0,0.0337,0.0,0.629,0.593,106.891
edm,0.716,0.655,-5.999,1.0,0.00857,0.162,0.0572,0.207,125.012
edm,0.737,0.905,-1.965,1.0,0.00873,0.237,0.276,0.337,104.98
edm,0.674,0.881,-2.853,1.0,0.296,3.01e-06,0.0793,0.234,98.994
edm,0.572,0.57,-6.99,0.0,0.0436,0.0585,0.122,0.279,104.982
edm,0.564,0.722,-5.453,1.0,0.566,1.26e-06,0.323,0.244,150.04
edm,0.612,0.84,-3.145,0.0,0.112,0.0,0.116,0.438,129.042
edm,0.686,0.738,-5.802,1.0,0.0703,0.0,0.0505,0.45,101.829
edm,0.524,0.709,-6.2,0.0,0.162,0.00013,0.0809,0.209,149.949
edm,0.738,0.814,-4.414,0.0,0.132,9.64e-06,0.126,0.483,119.041
edm,0.494,0.847,-3.996,0.0,0.00248,0.0,0.0502,0.148,129.909
edm,0.775,0.723,-3.479,0.0,0.17,0.000672,0.0579,0.604,124.05
edm,0.773,0.699,-5.982,0.0,0.488,3.6e-06,0.0814,0.513,104.941
edm,0.588,0.78,-6.102,0.0,0.0333,0.193,0.0728,0.201,127.085
edm,0.624,0.81,-8.307,1.0,0.00269,0.0186,0.169,0.271,127.989
edm,0.789,0.701,-6.582,0.0,0.00202,0.418,0.117,0.326,126.005
edm,0.56,0.864,-2.843,1.0,0.0186,0.0131,0.278,0.568,144.931
edm,0.798,0.747,-3.91,0.0,0.0284,1.9e-06,0.344,0.805,120.002
edm,0.537,0.829,-6.831,1.0,0.0268,0.00715,0.124,0.0383,140.047
edm,0.715,0.605,-5.128,0.0,0.239,1.41e-05,0.189,0.454,122.956
edm,0.58,0.952,-2.286,1.0,0.00021,0.828,0.325,0.694,127.991
edm,0.557,0.864,-5.925,0.0,0.00144,0.00678,0.111,0.378,144.987
edm,0.742,0.787,-4.712,0.0,0.0273,3.25e-05,0.107,0.688,124.016
edm,0.615,0.564,-6.384,1.0,0.0105,0.0,0.148,0.454,103.006
edm,0.613,0.905,-3.943,1.0,0.0594,0.00634,0.427,0.251,99.971
edm,0.749,0.882,-5.551,0.0,0.0096,0.000636,0.117,0.53,122.122
edm,0.654,0.798,-4.084,1.0,0.188,0.0,0.15,0.576,92.209
edm,0.74,0.82,-6.695,0.0,0.0183,5.04e-06,0.313,0.354,126.042
edm,0.663,0.849,-4.462,0.0,0.0791,1.2e-06,0.192,0.722,123.992
edm,0.651,0.82,-5.451,1.0,0.0102,0.00601,0.0649,0.377,127.956
edm,0.723,0.771,-5.407,1.0,0.045,0.0,0.0809,0.533,110.048
edm,0.74,0.622,-4.608,0.0,0.0357,4.85e-05,0.356,0.556,104.966
edm,0.678,0.859,-5.778,1.0,0.0078,0.0,0.0915,0.541,120.98
edm,0.902,0.816,-2.999,0.0,0.212,0.0,0.082,0.912,104.003
edm,0.74,0.709,-5.573,0.0,0.0536,0.0,0.11,0.69,121.998
edm,0.335,0.865,-4.672,0.0,0.0027,0.276,0.107,0.411,149.85
edm,0.618,0.643,-5.194,0.0,0.00154,1.38e-06,0.158,0.453,140.017
edm,0.729,0.619,-6.155,0.0,0.0451,0.0,0.0953,0.623,123.061
edm,0.665,0.727,-6.57,0.0,0.032,1.02e-05,0.0873,0.66,101.976
edm,0.771,0.826,-3.978,1.0,0.142,0.03,0.145,0.185,100.012
edm,0.449,0.797,-7.804,1.0,0.00266,0.000666,0.119,0.106,138.03
edm,0.436,0.544,-7.268,0.0,0.543,0.00489,0.17,0.313,169.955
edm,0.57,0.797,-2.954,1.0,0.00476,0.00833,0.11,0.212,149.925
edm,0.676,0.866,-6.717,0.0,0.0579,0.0574,0.274,0.292,123.956
edm,0.507,0.942,-3.131,0.0,0.000665,0.496,0.261,0.366,149.874
edm,0.682,0.855,-3.282,1.0,0.0564,0.0,0.101,0.304,124.005
edm,0.647,0.932,-3.515,1.0,0.00383,1.5e-06,0.0574,0.374,114.991
edm,0.824,0.745,-5.49,0.0,0.0467,3.29e-05,0.198,0.888,125.013
edm,0.483,0.917,-2.528,1.0,0.00235,0.000347,0.119,0.323,129.035
edm,0.835,0.88,-7.972,1.0,0.0246,0.165,0.0688,0.752,122.036
edm,0.407,0.885,-4.15,0.0,0.0498,2.84e-06,0.346,0.463,75.995
edm,0.632,0.575,-6.478,1.0,0.0225,1.81e-06,0.104,0.188,90.037
edm,0.746,0.969,-5.201,1.0,0.0319,0.0533,0.0765,0.849,122.99
edm,0.886,0.84,-3.386,1.0,0.0164,0.00622,0.329,0.203,123.035
edm,0.804,0.922,-5.678,1.0,0.00114,0.221,0.0771,0.773,126.012
edm,0.66,0.652,-4.747,1.0,0.00259,0.0,0.0673,0.167,127.977
edm,0.881,0.883,-5.494,1.0,0.0195,0.148,0.0825,0.966,124.016
edm,0.51,0.846,-4.595,1.0,0.0101,0.0,0.208,0.475,139.927
edm,0.714,0.798,-4.239,0.0,0.00248,0.000678,0.103,0.659,119.017
edm,0.527,0.763,-7.44,1.0,0.0409,1.13e-06,0.0969,0.372,125.997
edm,0.617,0.514,-7.099,1.0,0.0154,0.0,0.118,0.365,81.067
edm,0.407,0.579,-6.513,0.0,0.000499,0.000121,0.161,0.202,173.9
edm,0.652,0.749,-5.576,1.0,0.25,3.45e-05,0.4,0.221,121.91
edm,0.705,0.838,-3.69,1.0,0.00449,0.00037,0.0926,0.219,124.03
edm,0.643,0.714,-5.504,0.0,0.00444,2.85e-06,0.146,0.205,120.027
edm,0.549,0.88,-6.757,0.0,0.000872,0.9,0.09,0.0592,128.016
edm,0.828,0.687,-6.24,0.0,0.0843,0.0074,0.124,0.208,119.006
edm,0.802,0.918,-3.231,0.0,1.66e-06,0.754,0.323,0.502,128.019
edm,0.72,0.763,-4.068,0.0,0.406,0.0,0.18,0.742,101.965
edm,0.631,0.694,-9.185,0.0,0.0342,0.774,0.1,0.114,122.0
edm,0.64,0.533,-6.596,1.0,0.119,0.0,0.0864,0.515,99.968
edm,0.669,0.622,-2.08,0.0,0.0327,0.0361,0.0841,0.11,174.029
edm,0.672,0.781,-8.239,1.0,0.0176,0.0137,0.0208,0.76,127.472
edm,0.781,0.854,-7.411,0.0,0.0159,0.0493,0.15,0.493,100.043
edm,0.751,0.905,-3.983,0.0,0.0215,0.919,0.277,0.41,124.013
edm,0.528,0.732,-9.492,1.0,0.0319,0.868,0.109,0.0324,199.978
edm,0.602,0.931,-4.443,0.0,0.0507,0.000677,0.294,0.48,123.994
edm,0.387,0.963,-3.912,0.0,0.00887,0.00384,0.294,0.16,138.025
edm,0.731,0.886,-3.228,1.0,0.0281,4.59e-06,0.226,0.797,125.992
edm,0.813,0.789,-4.673,1.0,0.0109,0.0157,0.31,0.377,126.04
edm,0.59,0.469,-7.387,0.0,0.206,0.0,0.109,0.37,149.86
edm,0.797,0.672,-6.135,1.0,0.0442,0.0027,0.149,0.561,131.978
edm,0.561,0.811,-4.167,1.0,0.194,6.13e-05,0.309,0.34,145.04
edm,0.73,0.558,-6.535,1.0,0.0179,0.0,0.128,0.618,100.066
edm,0.66,0.729,-5.244,0.0,0.000851,0.00679,0.108,0.439,105.015
edm,0.657,0.89,-6.025,1.0,0.00822,0.00478,0.364,0.373,95.025
edm,0.681,0.754,-5.893,0.0,0.125,0.00155,0.211,0.209,123.998
edm,0.633,0.592,-7.245,0.0,0.197,0.0,0.099,0.679,90.066
edm,0.728,0.914,-1.413,0.0,0.156,6.92e-05,0.15,0.527,74.969
edm,0.741,0.667,-5.445,1.0,0.0575,0.0,0.106,0.595,112.956
edm,0.592,0.697,-8.924,1.0,0.0113,0.842,0.15,0.122,125.999
edm,0.636,0.761,-7.752,0.0,0.00383,0.00784,0.0851,0.462,120.842
edm,0.56,0.857,-4.145,0.0,0.0594,0.0,0.381,0.432,119.975
edm,0.623,0.727,-5.57,0.0,0.184,2.02e-05,0.309,0.4,125.975
edm,0.505,0.865,-6.493,0.0,0.0822,0.346,0.175,0.229,128.027
edm,0.642,0.869,-5.271,0.0,0.252,0.0288,0.0708,0.376,123.91
edm,0.657,0.847,-6.435,0.0,0.00247,0.0325,0.105,0.29,144.937
edm,0.586,0.499,-6.627,1.0,0.645,0.0,0.109,0.272,149.79
edm,0.558,0.784,-5.597,1.0,0.0578,0.00456,0.105,0.377,125.015
edm,0.693,0.767,-6.822,1.0,0.0255,4.5e-06,0.158,0.204,123.014
edm,0.545,0.709,-5.662,0.0,0.0214,0.0,0.141,0.559,125.004
edm,0.525,0.849,-7.727,0.0,0.00232,0.00196,0.322,0.277,128.055
edm,0.608,0.71,-4.998,1.0,0.43,0.0,0.0903,0.613,124.985
edm,0.654,0.701,-7.831,1.0,0.0237,4.87e-05,0.129,0.533,124.922
edm,0.787,0.537,-6.827,0.0,0.594,6.26e-05,0.114,0.346,108.994
edm,0.593,0.804,-7.217,1.0,0.0453,0.0,0.367,0.381,121.97
edm,0.638,0.489,-6.206,1.0,0.582,0.0,0.0965,0.548,106.915
edm,0.724,0.744,-4.757,1.0,0.00219,4.49e-06,0.116,0.645,119.978
edm,0.798,0.828,-5.36,1.0,0.0247,2.55e-06,0.121,0.6,124.962
edm,0.653,0.507,-9.125,0.0,0.104,0.0,0.0949,0.263,150.198
edm,0.738,0.671,-9.406,1.0,0.00621,0.000326,0.0641,0.448,109.991
edm,0.855,0.856,-2.574,0.0,0.000926,0.00271,0.959,0.516,127.989
edm,0.699,0.945,-0.942,1.0,0.0289,0.0,0.362,0.861,149.95
edm,0.875,0.929,-2.608,0.0,0.0139,0.00416,0.0942,0.509,126.013
edm,0.692,0.649,-5.376,1.0,0.0691,0.0,0.0974,0.699,97.977
edm,0.432,0.781,-4.038,0.0,0.041,4.21e-06,0.0789,0.197,139.432
edm,0.506,0.805,-4.119,1.0,0.00711,0.00193,0.0856,0.383,126.008
edm,0.605,0.783,-4.271,1.0,0.299,0.000175,0.133,0.105,124.015
edm,0.522,0.887,-3.017,1.0,0.0126,0.0223,0.882,0.138,130.016
edm,0.64,0.59,-2.502,0.0,0.0495,0.206,0.144,0.103,90.047
edm,0.495,0.532,-8.846,0.0,0.0227,0.354,0.331,0.0514,140.004
edm,0.356,0.576,-9.825,1.0,0.641,0.000921,0.311,0.444,127.99
edm,0.741,0.893,-2.549,0.0,0.0435,3.19e-05,0.0371,0.733,122.056
edm,0.402,0.755,-4.837,1.0,0.143,0.0,0.357,0.622,108.17
edm,0.811,0.499,-9.37,1.0,0.255,0.00478,0.189,0.373,144.028
edm,0.548,0.835,-5.094,1.0,0.00874,0.000653,0.238,0.385,160.022
edm,0.514,0.934,-3.201,0.0,0.0525,0.00089,0.137,0.182,127.953
edm,0.676,0.987,-2.907,0.0,0.201,0.681,0.113,0.556,137.994
edm,0.655,0.643,-5.041,1.0,0.0205,0.0,0.115,0.29,124.812
edm,0.529,0.72,-6.226,0.0,0.0245,0.000146,0.195,0.105,105.015
edm,0.489,0.752,-5.422,1.0,0.665,0.000669,0.55,0.179,192.133
edm,0.673,0.953,-2.333,0.0,0.0572,3.84e-06,0.296,0.62,127.921
edm,0.536,0.911,-4.158,1.0,0.0327,0.00528,0.302,0.41,149.99
edm,0.722,0.856,-6.392,0.0,0.0305,0.0597,0.231,0.827,121.99
edm,0.591,0.931,-2.867,1.0,0.00763,0.000216,0.153,0.17,129.975
edm,0.652,0.898,-4.481,0.0,0.29,0.0,0.073,0.472,114.043
edm,0.606,0.899,-6.827,1.0,0.00185,9.52e-06,0.732,0.689,141.923
edm,0.632,0.595,-7.644,0.0,0.0689,0.0,0.209,0.435,124.114
edm,0.849,0.483,-7.114,0.0,0.443,0.000141,0.0786,0.282,101.015
edm,0.384,0.772,-4.358,0.0,0.114,0.0,0.102,0.239,73.735
edm,0.576,0.711,-4.826,1.0,0.0748,0.0,0.226,0.556,89.988
edm,0.588,0.735,-4.777,1.0,0.0202,0.000179,0.208,0.216,129.983
edm,0.745,0.693,-5.479,0.0,0.339,0.0,0.123,0.248,98.039
edm,0.563,0.645,-6.422,1.0,0.293,0.0,0.202,0.523,89.976
edm,0.598,0.833,-3.716,0.0,0.0196,0.0,0.292,0.406,124.973
edm,0.521,0.861,-3.138,1.0,0.261,0.0,0.0682,0.473,191.618
edm,0.633,0.845,-3.871,0.0,0.0454,0.0,0.0822,0.642,125.031
edm,0.582,0.889,-4.386,1.0,0.021,0.0,0.687,0.438,121.977
edm,0.816,0.919,-5.174,1.0,0.0104,0.0019,0.101,0.527,125.982
edm,0.701,0.667,-6.177,1.0,0.0121,6.53e-06,0.148,0.675,119.975
edm,0.44,0.635,-6.385,1.0,0.129,0.0,0.121,0.327,128.133
edm,0.567,0.887,-5.995,0.0,0.0147,0.0136,0.327,0.159,125.017
edm,0.63,0.633,-7.088,1.0,0.00776,0.0,0.0541,0.452,93.995
edm,0.802,0.645,-6.181,0.0,0.272,0.0,0.119,0.376,100.001
edm,0.723,0.87,-3.013,0.0,0.035,0.0,0.656,0.678,129.952
edm,0.846,0.726,-3.376,1.0,0.094,2e-06,0.0304,0.79,131.974
edm,0.738,0.852,-6.962,0.0,0.0298,0.0536,0.129,0.585,124.979
edm,0.59,0.764,-4.735,1.0,0.229,0.0,0.192,0.331,104.911
edm,0.748,0.841,-5.08,1.0,0.00445,1.33e-06,0.0413,0.717,123.045
edm,0.67,0.776,-4.091,0.0,0.00388,0.000189,0.122,0.624,115.034
edm,0.637,0.687,-8.63,1.0,0.0587,0.704,0.0917,0.0878,119.995
edm,0.533,0.909,-2.341,0.0,0.00172,7.29e-05,0.194,0.22,150.037
edm,0.715,0.962,-4.416,0.0,0.0233,6.23e-05,0.381,0.517,149.981
edm,0.609,0.801,-8.483,0.0,0.0246,0.00255,0.37,0.202,122.958
edm,0.754,0.764,-3.95,1.0,0.144,0.0,0.294,0.929,109.919
edm,0.545,0.839,-4.24,1.0,0.0223,0.0,0.0714,0.276,127.987
edm,0.538,0.642,-4.412,1.0,0.104,0.0,0.112,0.47,161.803
edm,0.453,0.736,-6.269,0.0,0.204,4.18e-06,0.105,0.288,160.018
edm,0.747,0.728,-6.683,0.0,0.0173,8.59e-05,0.0813,0.471,126.019
edm,0.641,0.709,-4.798,1.0,0.0261,0.000424,0.109,0.278,124.997
edm,0.462,0.741,-8.327,1.0,0.0806,0.326,0.123,0.0392,124.018
edm,0.77,0.533,-11.022,1.0,0.0331,0.463,0.0935,0.493,95.017
edm,0.711,0.722,-6.222,1.0,0.0376,0.000151,0.0651,0.818,122.021
edm,0.768,0.82,-4.63,0.0,0.179,0.0,0.689,0.625,129.965
edm,0.61,0.781,-5.694,0.0,0.00361,0.135,0.323,0.299,95.003
edm,0.708,0.891,-4.931,1.0,0.00316,2.44e-06,0.124,0.336,125.999
edm,0.738,0.794,-4.118,0.0,0.101,0.0,0.0533,0.566,104.014
edm,0.807,0.836,-4.359,0.0,0.0434,0.396,0.113,0.962,120.057
edm,0.603,0.853,-4.802,0.0,0.00218,0.861,0.0623,0.274,109.979
edm,0.773,0.808,-6.444,1.0,0.00307,0.0624,0.22,0.418,140.055
edm,0.72,0.706,-1.93,0.0,0.104,0.000447,0.12,0.346,140.043
edm,0.671,0.866,-5.955,1.0,0.000113,0.763,0.105,0.119,114.003
edm,0.773,0.97,-4.915,1.0,0.0925,0.679,0.161,0.341,127.999
edm,0.723,0.561,-8.322,0.0,0.642,7.11e-06,0.228,0.616,145.02
edm,0.548,0.839,-2.371,1.0,0.135,0.0,0.102,0.314,98.932
edm,0.668,0.682,-7.999,1.0,0.00143,0.00469,0.467,0.565,139.998
edm,0.559,0.777,-5.031,1.0,0.31,0.0,0.105,0.329,87.016
edm,0.576,0.88,-2.01,0.0,0.0208,8.99e-05,0.334,0.514,87.969
edm,0.467,0.757,-3.01,1.0,0.0866,0.0,0.0742,0.383,131.993
edm,0.722,0.647,-6.171,0.0,0.024,0.444,0.462,0.102,122.026
edm,0.72,0.664,-7.278,0.0,0.00435,0.00252,0.0601,0.268,99.958
edm,0.674,0.932,-4.876,1.0,0.0363,0.0,0.0576,0.826,144.039
edm,0.738,0.803,-5.216,1.0,0.508,0.0202,0.105,0.362,124.016
edm,0.671,0.806,-5.198,0.0,0.0305,1.2e-05,0.298,0.646,104.39
edm,0.842,0.801,-4.167,0.0,0.157,4.82e-06,0.0642,0.617,95.881
edm,0.762,0.665,-6.92,0.0,0.169,0.0,0.103,0.961,115.946
edm,0.815,0.688,-6.101,1.0,0.00159,4.11e-06,0.111,0.641,101.968
edm,0.7,0.546,-7.705,0.0,0.0131,0.0305,0.172,0.302,80.004
edm,0.495,0.426,-9.434,1.0,0.152,5.65e-06,0.099,0.0636,97.91
edm,0.834,0.662,-6.179,1.0,0.522,9.07e-05,0.14,0.718,115.999
edm,0.771,0.883,-5.243,0.0,0.00596,0.00607,0.135,0.895,127.008
edm,0.577,0.875,-2.897,0.0,0.0231,4.69e-06,0.111,0.411,164.009
edm,0.653,0.945,-2.634,1.0,0.00561,0.915,0.439,0.326,126.093
edm,0.671,0.782,-4.593,1.0,0.0142,0.00221,0.333,0.618,123.989
edm,0.421,0.771,-9.321,0.0,0.00139,0.196,0.235,0.0759,132.029
edm,0.809,0.757,-6.246,0.0,0.0157,0.0943,0.0997,0.587,121.013
edm,0.435,0.825,-2.518,1.0,0.0248,0.0454,0.0845,0.0425,169.835
edm,0.492,0.916,-5.684,1.0,0.0106,0.122,0.066,0.383,99.991
edm,0.786,0.803,-5.21,1.0,0.128,0.0167,0.266,0.598,123.002
edm,0.735,0.691,-6.475,1.0,0.0876,0.0,0.34,0.548,110.018
edm,0.612,0.862,-2.903,1.0,0.041,0.0,0.0907,0.354,123.849
edm,0.647,0.642,-7.306,0.0,0.262,0.0,0.134,0.48,90.045
edm,0.602,0.675,-6.415,1.0,0.00477,0.193,0.109,0.404,150.002
edm,0.61,0.854,-5.118,1.0,0.00524,1.25e-06,0.127,0.576,127.953
edm,0.65,0.738,-6.46,0.0,0.0539,0.0,0.206,0.336,119.827
edm,0.523,0.716,-7.017,1.0,0.305,0.737,0.321,0.542,179.989
edm,0.646,0.741,-4.973,0.0,0.0275,0.0,0.312,0.571,123.077
edm,0.635,0.882,-4.654,1.0,0.484,1.11e-05,0.107,0.549,129.951
edm,0.325,0.663,-5.869,0.0,0.0313,0.0101,0.0737,0.147,174.04
edm,0.612,0.66,-8.24,1.0,0.227,0.0906,0.214,0.0673,125.02
edm,0.729,0.788,-4.832,0.0,0.0703,0.0,0.115,0.857,118.039
edm,0.842,0.681,-5.73,0.0,0.232,2.32e-05,0.125,0.872,109.97
edm,0.746,0.989,-1.382,1.0,0.00283,0.0515,0.056,0.0499,127.971
edm,0.712,0.923,-5.536,0.0,0.0124,0.168,0.103,0.263,127.982
edm,0.66,0.693,-6.33,0.0,0.185,1.18e-06,0.719,0.575,125.038
edm,0.723,0.924,-3.518,1.0,0.0332,5.63e-06,0.0496,0.527,108.009
edm,0.586,0.896,-4.132,0.0,0.00945,0.836,0.121,0.103,125.744
edm,0.63,0.892,-5.122,1.0,0.0105,0.0069,0.144,0.557,130.012
edm,0.768,0.871,-5.164,0.0,0.0264,0.74,0.25,0.454,123.983
edm,0.659,0.911,-4.628,1.0,0.000363,0.00812,0.35,0.498,109.975
edm,0.605,0.788,-5.858,0.0,0.0229,0.0287,0.114,0.0448,122.993
edm,0.68,0.95,-4.595,1.0,0.00203,0.538,0.552,0.14,134.982
edm,0.619,0.484,-8.715,1.0,0.116,0.000121,0.19,0.61,90.916
edm,0.57,0.737,-4.27,0.0,0.0314,0.0,0.248,0.621,100.052
edm,0.605,0.874,-4.949,0.0,0.000563,0.812,0.112,0.836,125.99
edm,0.723,0.755,-5.363,0.0,0.157,1.46e-05,0.114,0.472,124.972
edm,0.739,0.853,-4.184,1.0,0.0306,0.0,0.102,0.344,124.921
edm,0.668,0.726,-7.512,1.0,0.0387,0.0,0.134,0.453,124.075
edm,0.496,0.691,-5.443,1.0,0.0697,1.7e-06,0.112,0.199,159.885
edm,0.588,0.83,-5.206,1.0,0.0685,0.0,0.116,0.225,122.002
edm,0.694,0.7,-5.53,0.0,0.191,0.0,0.0719,0.261,127.965
edm,0.713,0.891,-5.724,0.0,0.000513,0.0688,0.0687,0.365,127.977
edm,0.639,0.631,-10.686,0.0,0.00833,0.146,0.119,0.197,121.968
edm,0.7,0.878,-5.133,1.0,0.0122,0.000525,0.32,0.367,99.997
edm,0.719,0.817,-8.447,1.0,0.132,0.00379,0.0967,0.0747,103.853
edm,0.443,0.881,-4.574,0.0,0.0711,0.114,0.0692,0.744,120.942
edm,0.671,0.526,-8.433,1.0,0.0185,0.841,0.299,0.252,119.991
edm,0.81,0.788,-3.663,1.0,0.267,0.000172,0.196,0.845,135.991
edm,0.653,0.757,-3.642,1.0,0.1,0.0,0.242,0.238,128.018
edm,0.768,0.933,-2.95,0.0,0.206,0.915,0.0833,0.245,124.996
edm,0.393,0.895,-4.935,0.0,0.00259,0.000407,0.151,0.183,160.057
edm,0.704,0.634,-7.374,0.0,0.393,3.17e-05,0.0952,0.411,113.927
edm,0.507,0.824,-2.501,1.0,0.0246,0.0451,0.0848,0.0394,84.992
edm,0.545,0.954,-4.406,1.0,0.00092,0.296,0.143,0.27,123.989
edm,0.577,0.724,-4.657,1.0,0.0229,0.0,0.0927,0.397,127.948
edm,0.628,0.799,-4.983,0.0,0.041,0.000429,0.455,0.473,174.997
edm,0.518,0.584,-7.951,0.0,0.0134,0.0215,0.0964,0.182,139.936
edm,0.621,0.575,-6.243,1.0,0.265,0.0,0.0932,0.343,117.887
edm,0.667,0.717,-5.21,0.0,0.193,0.0,0.104,0.495,108.006
edm,0.55,0.648,-6.542,1.0,0.0191,0.0,0.0999,0.323,156.957
edm,0.512,0.789,-7.617,0.0,0.00357,0.0,0.261,0.687,98.006
edm,0.723,0.809,-3.081,0.0,0.00346,0.00123,0.565,0.274,98.007
edm,0.49,0.828,-4.374,1.0,0.0265,0.0,0.149,0.31,170.049
edm,0.698,0.869,-3.294,1.0,0.0223,0.0,0.121,0.715,125.007
edm,0.761,0.932,-4.787,0.0,0.0487,0.00295,0.308,0.596,128.003
edm,0.643,0.94,-3.823,0.0,0.023,5.76e-05,0.165,0.279,150.168
edm,0.487,0.687,-6.747,0.0,0.231,0.117,0.107,0.19,145.983
edm,0.597,0.837,-6.518,1.0,0.00427,0.00115,0.839,0.447,126.342
edm,0.62,0.935,-2.501,0.0,0.146,0.0,0.898,0.386,145.963
edm,0.637,0.827,-5.153,0.0,0.046,0.103,0.575,0.339,128.025
edm,0.744,0.78,-3.631,0.0,0.101,4.36e-06,0.184,0.762,125.997
edm,0.58,0.846,-2.876,0.0,0.00537,6.62e-06,0.145,0.366,129.998
edm,0.444,0.557,-5.476,1.0,0.453,0.0,0.152,0.296,115.058
edm,0.65,0.827,-3.792,1.0,0.0265,5.88e-05,0.166,0.498,122.057
edm,0.7,0.581,-8.493,0.0,0.118,0.00196,0.135,0.165,140.019
edm,0.481,0.922,-4.17,1.0,0.0238,0.0018,0.0971,0.237,127.928
edm,0.573,0.9,-4.855,0.0,0.00498,0.00932,0.0952,0.415,91.988
edm,0.727,0.749,-5.811,0.0,0.184,0.00666,0.105,0.466,125.056
edm,0.677,0.744,-6.806,0.0,0.0405,0.000153,0.074,0.631,124.077
edm,0.485,0.724,-4.633,0.0,0.0736,0.0,0.0631,0.433,128.045
edm,0.433,0.838,-4.369,0.0,0.00284,0.00191,0.136,0.379,128.064
edm,0.53,0.612,-8.794,1.0,0.253,0.0,0.246,0.433,119.255
edm,0.664,0.8,-6.587,1.0,0.000861,0.163,0.0832,0.318,123.994
edm,0.472,0.605,-4.437,1.0,0.0311,0.0308,0.101,0.212,128.375
edm,0.752,0.662,-6.766,1.0,0.0188,0.0935,0.212,0.371,123.996
edm,0.51,0.816,-5.331,0.0,0.13,8.66e-06,0.224,0.588,149.929
edm,0.865,0.913,-3.094,1.0,0.031,0.184,0.0901,0.699,128.012
edm,0.428,0.873,-3.499,1.0,0.0259,2.64e-05,0.668,0.285,127.95
edm,0.421,0.928,-2.958,0.0,0.0758,3.06e-05,0.184,0.0666,125.667
edm,0.675,0.992,-0.533,0.0,0.0022,0.221,0.387,0.483,128.034
edm,0.65,0.816,-6.385,1.0,0.273,0.0168,0.227,0.382,125.008
edm,0.807,0.812,-5.009,0.0,0.00773,0.000501,0.236,0.242,128.012
edm,0.738,0.793,-4.313,0.0,0.0496,8.48e-05,0.0522,0.555,124.012
edm,0.583,0.732,-5.728,0.0,0.00312,9.86e-06,0.269,0.276,145.992
edm,0.727,0.725,-6.198,1.0,0.0624,0.0,0.1,0.468,119.965
edm,0.674,0.932,-4.424,0.0,0.0282,0.71,0.684,0.728,101.033
edm,0.603,0.65,-5.848,1.0,0.0102,0.0,0.243,0.678,124.068
edm,0.672,0.759,-7.761,1.0,0.0826,0.00225,0.19,0.217,110.005
edm,0.494,0.96,-2.151,0.0,0.0154,8.54e-05,0.134,0.424,169.986
edm,0.67,0.776,-4.091,0.0,0.00388,0.000184,0.122,0.624,115.034
edm,0.597,0.785,-3.219,0.0,0.113,0.0,0.336,0.575,126.002
edm,0.374,0.659,-5.427,1.0,0.246,0.00104,0.0991,0.151,173.892
edm,0.665,0.936,-5.991,1.0,0.0419,0.00996,0.0878,0.517,123.994
edm,0.692,0.775,-4.241,0.0,0.0278,0.0,0.427,0.634,121.994
edm,0.592,0.911,-7.975,1.0,0.00608,0.0123,0.223,0.211,103.517
edm,0.474,0.692,-5.776,0.0,0.0171,1.83e-05,0.138,0.492,139.884
edm,0.611,0.651,-6.973,1.0,0.144,1.7e-05,0.105,0.351,122.983
edm,0.747,0.491,-6.043,1.0,0.197,1.77e-05,0.0837,0.827,145.034
edm,0.736,0.945,-0.751,1.0,0.0176,0.00486,0.315,0.391,149.901
edm,0.773,0.652,-9.187,0.0,0.143,0.024,0.44,0.453,126.007
edm,0.725,0.877,-4.09,0.0,0.00365,0.181,0.0594,0.411,127.992
edm,0.678,0.959,-3.906,1.0,0.0661,0.652,0.18,0.664,127.978
edm,0.504,0.945,-4.585,1.0,0.00437,0.000636,0.158,0.37,149.958
edm,0.75,0.829,-6.72,0.0,0.16,0.00423,0.0858,0.631,117.973
edm,0.842,0.658,-6.135,0.0,0.0601,0.00163,0.0571,0.761,126.037
edm,0.584,0.889,-5.941,0.0,0.0462,0.828,0.309,0.464,126.04
edm,0.583,0.94,-3.05,1.0,0.0476,0.000206,0.0524,0.378,127.009
edm,0.739,0.583,-6.434,0.0,0.33,0.00137,0.122,0.497,140.941
edm,0.794,0.818,-7.758,0.0,0.104,0.328,0.101,0.792,124.036
edm,0.623,0.833,-2.951,0.0,0.0191,0.0174,0.331,0.411,124.973
edm,0.648,0.927,-3.633,1.0,0.011,0.0,0.162,0.361,126.037
edm,0.839,0.866,-2.032,0.0,0.00836,0.0898,0.126,0.402,129.98
edm,0.592,0.937,-5.453,0.0,0.00418,7.58e-06,0.406,0.339,150.096
edm,0.616,0.932,-6.49,1.0,0.00152,0.00074,0.407,0.365,128.017
edm,0.676,0.857,-6.7,1.0,0.00149,0.674,0.307,0.0378,128.01
edm,0.569,0.896,-3.114,1.0,0.00338,0.958,0.0633,0.118,128.083
edm,0.714,0.579,-6.087,1.0,0.218,0.0,0.358,0.256,140.006
edm,0.796,0.836,-2.827,0.0,0.00421,0.0068,0.101,0.68,100.033
edm,0.759,0.815,-6.544,0.0,0.0127,0.0,0.269,0.597,125.052
edm,0.79,0.945,-2.343,0.0,0.2,0.862,0.0705,0.154,128.025
edm,0.702,0.744,-4.063,0.0,0.469,0.0,0.0915,0.305,77.486
edm,0.686,0.969,-4.46,0.0,0.214,8.2e-06,0.337,0.789,155.003
edm,0.624,0.923,-5.449,0.0,0.0268,0.000228,0.0509,0.402,124.994
edm,0.822,0.916,-4.692,1.0,0.0205,0.0112,0.0746,0.894,124.03
edm,0.766,0.745,-4.173,1.0,0.139,0.33,0.321,0.517,95.034
edm,0.605,0.772,-5.971,1.0,0.0687,0.0227,0.151,0.61,121.994
edm,0.815,0.771,-6.052,0.0,0.104,0.0027,0.067,0.546,117.941
edm,0.66,0.804,-6.133,0.0,0.0402,0.0,0.129,0.359,109.0
edm,0.725,0.74,-5.08,1.0,0.00156,0.000464,0.338,0.827,92.978
edm,0.491,0.612,-5.761,1.0,0.0699,0.0,0.0946,0.279,173.846
edm,0.738,0.617,-8.334,0.0,0.000152,0.129,0.0651,0.624,120.017
edm,0.779,0.932,-3.568,1.0,0.00424,0.498,0.734,0.211,127.983
edm,0.66,0.673,-5.413,0.0,0.0114,0.899,0.189,0.535,126.998
edm,0.614,0.832,-3.419,0.0,0.11,0.0,0.185,0.429,129.038
edm,0.391,0.957,-2.51,1.0,0.00331,0.22,0.112,0.121,100.024
edm,0.692,0.883,-4.698,1.0,0.0512,0.0,0.228,0.614,122.984
edm,0.893,0.823,-3.708,0.0,0.0714,0.0,0.0509,0.902,128.009
edm,0.569,0.85,-3.914,1.0,0.0148,0.0,0.245,0.551,122.042
edm,0.377,0.779,-2.631,1.0,0.0184,3.89e-05,0.207,0.29,150.279
edm,0.705,0.632,-4.799,0.0,0.295,5.04e-06,0.172,0.534,94.942
edm,0.679,0.879,-3.321,0.0,0.0115,0.0151,0.343,0.325,126.079
edm,0.682,0.543,-8.66,1.0,0.261,0.0,0.108,0.112,127.526
edm,0.436,0.709,-7.185,0.0,0.0229,0.00567,0.0768,0.283,127.508
edm,0.693,0.565,-3.854,0.0,0.396,0.0,0.0409,0.588,185.916
edm,0.612,0.963,-3.912,0.0,0.00897,0.00378,0.294,0.179,138.009
edm,0.739,0.586,-5.079,0.0,0.0245,0.000252,0.308,0.444,124.026
edm,0.693,0.564,-3.857,0.0,0.399,0.0,0.0409,0.574,185.913
edm,0.7,0.898,-6.099,1.0,0.053,0.418,0.574,0.791,125.031
edm,0.677,0.766,-6.896,1.0,0.0219,6.81e-06,0.129,0.198,123.062
edm,0.937,0.823,-2.867,1.0,0.013,0.397,0.121,0.616,126.063
edm,0.567,0.877,-3.214,1.0,0.00166,0.000342,0.0992,0.341,125.007
edm,0.6,0.963,-4.152,1.0,0.0819,0.864,0.168,0.616,125.995
edm,0.414,0.486,-6.431,0.0,0.0129,0.0,0.111,0.368,128.038
edm,0.422,0.722,-5.855,1.0,0.23,0.0448,0.0766,0.138,150.194
edm,0.588,0.725,-7.635,1.0,0.00705,0.297,0.183,0.278,150.072
edm,0.54,0.705,-4.046,1.0,0.0618,0.000849,0.111,0.131,91.94
edm,0.685,0.886,-4.179,1.0,0.028,0.0,0.481,0.615,125.034
edm,0.665,0.582,-7.011,0.0,0.163,0.0,0.108,0.344,137.027
edm,0.634,0.871,-4.804,0.0,7.35e-05,0.56,0.689,0.0692,120.01
edm,0.662,0.586,-8.821,1.0,0.097,0.00272,0.115,0.296,90.0
edm,0.694,0.703,-4.327,1.0,0.0319,0.0,0.119,0.172,123.034
edm,0.77,0.787,-3.748,0.0,0.198,0.0,0.262,0.513,119.986
edm,0.718,0.915,-3.899,0.0,0.0157,0.501,0.43,0.792,127.786
edm,0.643,0.585,-5.994,1.0,0.225,0.0,0.0927,0.188,106.015
edm,0.643,0.865,-8.944,0.0,0.0436,0.284,0.0975,0.0475,124.009
edm,0.604,0.948,-1.608,1.0,0.000162,0.675,0.334,0.615,170.045
edm,0.702,0.763,-6.69,1.0,0.0512,1.04e-06,0.373,0.559,125.004
edm,0.465,0.714,-6.611,0.0,0.00591,0.624,0.16,0.294,140.026
edm,0.427,0.988,-0.967,1.0,0.00131,0.706,0.094,0.248,149.73
edm,0.299,0.792,-4.931,1.0,0.0327,0.0,0.159,0.306,149.834
edm,0.619,0.838,-3.383,0.0,0.0437,0.0,0.0834,0.717,130.13
edm,0.625,0.969,-4.016,0.0,0.00261,0.944,0.694,0.217,126.017
edm,0.792,0.718,-4.619,1.0,0.39,7.5e-05,0.301,0.545,103.049
edm,0.715,0.862,-8.182,0.0,0.0108,0.788,0.128,0.152,124.0
edm,0.506,0.993,-1.343,1.0,0.000138,0.843,0.446,0.47,149.987
edm,0.574,0.957,-5.749,1.0,0.0267,0.242,0.298,0.162,195.992
edm,0.731,0.782,-7.358,1.0,0.0903,0.0867,0.182,0.735,122.964
edm,0.661,0.969,-3.532,1.0,0.00964,0.00218,0.119,0.46,127.989
edm,0.573,0.739,-5.455,1.0,0.212,0.0,0.175,0.363,120.077
edm,0.556,0.881,-2.224,1.0,0.00119,0.0,0.0709,0.337,104.973
edm,0.589,0.926,-2.295,1.0,0.00165,0.00138,0.261,0.743,171.967
edm,0.672,0.825,-4.551,1.0,0.0211,0.0934,0.648,0.351,127.982
edm,0.678,0.819,-3.306,1.0,0.191,0.0,0.159,0.499,90.004
edm,0.638,0.889,-5.276,0.0,0.0476,0.0336,0.24,0.511,127.012
edm,0.717,0.716,-5.485,0.0,0.0421,0.000467,0.0699,0.206,125.064
edm,0.833,0.639,-3.825,0.0,0.0392,4.24e-05,0.162,0.653,146.996
edm,0.753,0.749,-5.214,1.0,0.0546,4.39e-06,0.166,0.589,121.988
edm,0.483,0.58,-5.677,1.0,0.222,2.32e-06,0.0946,0.208,85.221
edm,0.636,0.719,-4.532,1.0,0.0231,1.48e-06,0.0677,0.28,127.846
edm,0.686,0.718,-5.054,0.0,0.00637,0.000703,0.119,0.557,115.026
edm,0.799,0.586,-6.735,1.0,0.162,2.03e-06,0.193,0.549,120.97
edm,0.787,0.833,-4.403,1.0,0.018,0.00747,0.0374,0.796,123.97
edm,0.745,0.6,-8.863,1.0,0.0162,0.00271,0.0628,0.921,99.975
edm,0.588,0.606,-6.46,1.0,0.00786,7.33e-06,0.0679,0.536,155.067
edm,0.805,0.858,-3.067,1.0,0.194,7.89e-06,0.256,0.523,97.033
edm,0.406,0.88,-5.564,1.0,0.0183,0.0,0.0733,0.383,123.416
edm,0.879,0.665,-6.082,0.0,0.164,0.0,0.319,0.672,123.977
edm,0.702,0.626,-6.268,1.0,0.269,7.9e-06,0.101,0.454,104.987
edm,0.503,0.748,-4.124,1.0,0.0305,0.0,0.343,0.356,125.896
edm,0.508,0.754,-5.708,0.0,0.00597,8.43e-06,0.307,0.383,119.892
edm,0.562,0.813,-7.748,0.0,0.322,0.894,0.129,0.0365,114.997
edm,0.549,0.954,-7.046,1.0,0.00127,0.16,0.142,0.613,194.043
edm,0.55,0.858,-2.58,1.0,0.041,0.199,0.0562,0.577,145.169
edm,0.371,0.594,-5.908,0.0,0.0874,2.83e-05,0.238,0.234,104.215
edm,0.482,0.865,-3.049,0.0,0.0394,0.00033,0.0937,0.391,149.895
edm,0.724,0.759,-3.996,0.0,0.412,0.0,0.437,0.765,101.946
edm,0.587,0.648,-6.927,0.0,0.0561,0.0,0.115,0.281,144.028
edm,0.712,0.867,-5.623,0.0,0.0134,0.00939,0.196,0.544,126.005
edm,0.833,0.639,-6.964,1.0,0.152,0.0,0.101,0.448,102.989
edm,0.698,0.681,-9.734,0.0,0.404,0.838,0.205,0.527,128.007
edm,0.768,0.767,-8.06,0.0,0.194,0.0,0.121,0.457,125.029
edm,0.813,0.761,-5.687,0.0,0.0529,0.0119,0.337,0.29,124.957
edm,0.655,0.666,-5.309,1.0,0.134,2.12e-05,0.0683,0.272,102.977
edm,0.688,0.662,-5.57,1.0,0.0971,1.34e-06,0.172,0.549,115.106
edm,0.544,0.631,-7.416,1.0,0.258,3.24e-05,0.114,0.156,127.933
edm,0.711,0.989,-2.101,1.0,0.0172,0.0919,0.477,0.0879,109.138
edm,0.271,0.648,-5.664,1.0,0.248,0.0,0.121,0.261,189.218
edm,0.743,0.879,-2.717,0.0,0.0725,0.00141,0.081,0.636,101.968
edm,0.567,0.967,-4.142,0.0,0.0108,0.0228,0.314,0.177,125.0
edm,0.655,0.787,-3.031,1.0,0.122,3.11e-06,0.178,0.554,181.799
edm,0.552,0.86,-7.066,1.0,0.0408,0.0,0.365,0.448,136.01
edm,0.454,0.688,-5.358,0.0,0.0106,0.0,0.0999,0.334,127.953
edm,0.673,0.948,-2.473,1.0,0.0376,0.836,0.154,0.607,128.061
edm,0.494,0.651,-4.127,0.0,0.0819,0.0,0.104,0.162,149.979
edm,0.542,0.951,-6.873,0.0,0.00472,0.889,0.192,0.161,140.007
edm,0.901,0.934,-2.345,1.0,0.00794,7.68e-05,0.194,0.868,150.037
edm,0.521,0.831,-3.184,0.0,0.029,0.0,0.349,0.0868,127.962
edm,0.64,0.635,-7.565,0.0,0.271,0.0,0.319,0.475,100.034
edm,0.63,0.673,-7.666,1.0,0.0199,4.33e-05,0.0713,0.299,135.976
edm,0.851,0.462,-5.463,1.0,0.00569,0.816,0.0446,0.185,128.032
edm,0.783,0.746,-4.323,1.0,0.0695,0.0,0.101,0.555,123.933
edm,0.642,0.655,-5.222,0.0,0.0268,0.0,0.112,0.156,80.997
edm,0.616,0.841,-4.779,0.0,0.0559,0.00217,0.417,0.714,110.029
edm,0.618,0.662,-7.724,1.0,0.201,0.0418,0.113,0.254,92.032
edm,0.484,0.94,-3.682,0.0,0.0145,0.000323,0.266,0.334,173.741
edm,0.707,0.629,-4.581,0.0,0.259,1.6e-05,0.138,0.457,122.863
edm,0.621,0.756,-5.623,1.0,0.0752,1.17e-06,0.65,0.265,124.039
edm,0.844,0.818,-3.727,1.0,0.0743,1.28e-05,0.112,0.536,128.094
edm,0.754,0.653,-5.095,1.0,0.0944,0.0,0.383,0.379,123.084
edm,0.387,0.571,-6.354,0.0,0.493,0.0,0.106,0.555,152.906
edm,0.662,0.489,-7.067,1.0,0.163,0.0,0.172,0.506,102.04
edm,0.764,0.673,-7.844,1.0,0.00363,0.0119,0.211,0.41,121.014
edm,0.824,0.862,-3.424,1.0,0.0076,0.000132,0.303,0.801,122.98
edm,0.582,0.878,-8.841,0.0,0.00124,0.0723,0.607,0.0729,125.993
edm,0.745,0.8,-5.606,0.0,0.0209,0.000479,0.113,0.314,122.008
edm,0.802,0.78,-6.564,1.0,0.0075,0.824,0.147,0.623,125.027
edm,0.571,0.752,-4.872,1.0,0.0196,6.92e-05,0.114,0.25,102.043
edm,0.795,0.642,-7.094,1.0,0.000472,0.0522,0.226,0.446,127.986
edm,0.76,0.303,-11.362,1.0,0.238,8.09e-06,0.294,0.15,99.991
edm,0.755,0.891,-5.516,1.0,0.273,0.0412,0.12,0.515,160.021
edm,0.648,0.969,-2.017,0.0,0.0231,0.57,0.0693,0.194,125.016
edm,0.472,0.987,-2.224,1.0,0.00287,0.13,0.27,0.363,174.02
edm,0.587,0.668,-5.79,0.0,0.222,0.0,0.0589,0.124,93.974
edm,0.608,0.912,-6.612,0.0,0.0186,0.898,0.187,0.148,123.921
edm,0.537,0.786,-4.331,1.0,0.075,0.0,0.253,0.178,127.994
edm,0.596,0.743,-4.149,1.0,0.0696,2.37e-06,0.202,0.531,125.883
edm,0.916,0.815,-3.418,1.0,0.386,6.34e-06,0.0765,0.577,120.032
edm,0.838,0.752,-5.434,0.0,0.389,0.00113,0.0822,0.901,121.958
edm,0.526,0.896,-3.598,0.0,0.000459,0.00102,0.119,0.424,150.075
edm,0.82,0.948,-3.154,1.0,0.00374,0.943,0.068,0.551,123.991
edm,0.326,0.578,-6.786,1.0,0.158,0.00479,0.575,0.102,144.731
edm,0.472,0.771,-5.7,0.0,0.00813,0.0,0.04,0.726,119.802
edm,0.528,0.983,-3.133,1.0,0.000518,0.000324,0.18,0.141,144.981
edm,0.527,0.835,-5.298,1.0,0.0166,0.0,0.249,0.654,125.983
edm,0.563,0.916,-2.676,0.0,0.0525,0.00012,0.113,0.129,75.018
edm,0.521,0.892,-4.029,1.0,0.0539,0.0,0.117,0.369,96.991
edm,0.654,0.898,-5.964,1.0,0.0844,0.0347,0.316,0.722,123.996
edm,0.895,0.67,-9.534,1.0,0.0882,0.286,0.133,0.551,92.946
edm,0.763,0.762,-7.379,1.0,0.00339,0.603,0.167,0.486,107.043
edm,0.621,0.747,-5.084,1.0,0.222,0.000194,0.147,0.426,124.015
edm,0.818,0.799,-4.1,0.0,0.00107,0.128,0.057,0.0815,100.014
edm,0.609,0.885,-5.469,1.0,0.00521,1.15e-05,0.336,0.76,124.959
edm,0.66,0.733,-4.619,1.0,0.248,8.96e-06,0.17,0.304,119.933
edm,0.64,0.94,-2.976,0.0,0.00528,0.000484,0.357,0.243,127.995
edm,0.784,0.91,-2.698,1.0,0.00735,0.581,0.28,0.596,125.025
edm,0.664,0.845,-6.115,0.0,0.181,0.0,0.267,0.357,96.005
edm,0.791,0.738,-5.197,1.0,0.406,0.00826,0.159,0.666,123.927
edm,0.746,0.888,-6.15,1.0,0.0401,0.00191,0.0835,0.296,124.954
edm,0.687,0.785,-4.65,1.0,0.327,0.0,0.203,0.655,106.046
edm,0.758,0.562,-6.302,1.0,0.0996,0.0,0.0996,0.581,142.035
edm,0.505,0.682,-5.936,1.0,0.0184,0.337,0.236,0.24,126.089
edm,0.683,0.843,-5.524,0.0,0.0863,0.0,0.158,0.437,126.042
edm,0.539,0.715,-6.639,0.0,0.0265,0.0,0.609,0.489,123.854
edm,0.652,0.701,-5.149,1.0,0.00462,0.00135,0.235,0.261,124.094
edm,0.449,0.909,-3.097,1.0,0.0217,0.0,0.059,0.259,127.086
edm,0.643,0.594,-5.453,1.0,0.0128,0.0,0.118,0.442,144.033
edm,0.675,0.817,-3.789,0.0,0.00711,0.0,0.0839,0.446,105.964
edm,0.557,0.723,-5.638,0.0,0.00557,0.00133,0.151,0.158,122.998
edm,0.692,0.517,-5.64,1.0,0.0665,0.0,0.505,0.181,83.091
edm,0.574,0.651,-7.585,1.0,0.346,0.0,0.149,0.368,140.017
edm,0.594,0.815,-3.47,1.0,0.367,0.0,0.0948,0.339,137.933
edm,0.734,0.823,-3.684,0.0,0.0937,0.0,0.0853,0.409,122.143
edm,0.477,0.728,-5.978,0.0,0.00298,0.258,0.124,0.0341,125.981
edm,0.858,0.607,-7.32,1.0,0.0363,0.000253,0.244,0.334,95.03
edm,0.717,0.903,-6.042,0.0,0.179,0.00532,0.192,0.344,122.986
edm,0.51,0.898,-1.218,1.0,0.0294,3.14e-05,0.255,0.483,179.969
edm,0.802,0.668,-6.29,1.0,0.00118,0.783,0.048,0.2,125.007
edm,0.733,0.406,-9.351,1.0,0.434,0.0,0.115,0.47,148.959
edm,0.61,0.711,-6.661,0.0,0.178,0.0,0.373,0.5,99.99
edm,0.744,0.784,-5.761,0.0,0.0468,0.218,0.104,0.463,116.996
edm,0.797,0.843,-7.672,0.0,0.00418,0.527,0.123,0.835,125.992
edm,0.531,0.669,-8.012,1.0,0.157,0.00095,0.113,0.316,129.628
edm,0.465,0.891,-2.239,0.0,0.0192,0.0,0.24,0.407,123.466
edm,0.575,0.758,-5.029,0.0,0.0954,0.0,0.394,0.493,144.107
edm,0.625,0.855,-3.184,0.0,0.00324,0.0,0.742,0.303,120.004
edm,0.567,0.738,-6.03,0.0,0.0129,7.27e-05,0.207,0.432,121.936
edm,0.751,0.659,-4.642,1.0,0.0946,0.0,0.0945,0.532,118.021
edm,0.612,0.982,-2.984,0.0,0.00618,0.433,0.274,0.175,128.122
edm,0.642,0.933,-2.887,0.0,0.0657,1.04e-05,0.087,0.158,150.039
edm,0.762,0.923,-3.107,0.0,0.103,0.0,0.105,0.936,121.081
edm,0.603,0.879,-4.098,1.0,0.0184,0.0,0.156,0.318,110.125
edm,0.462,0.977,-4.157,0.0,0.0053,0.521,0.801,0.183,145.004
edm,0.753,0.657,-3.061,1.0,0.171,0.0,0.112,0.437,107.01
edm,0.345,0.68,-10.64,1.0,0.573,0.984,0.192,0.151,100.001
edm,0.713,0.897,-2.938,0.0,0.0365,0.593,0.426,0.666,172.022
edm,0.8,0.66,-4.903,1.0,0.158,0.02,0.14,0.634,117.923
edm,0.743,0.801,-4.097,0.0,0.00598,2.46e-05,0.178,0.381,121.965
edm,0.694,0.813,-5.278,1.0,0.0718,0.00147,0.123,0.233,121.988
edm,0.662,0.837,-6.902,0.0,0.0378,0.0,0.112,0.314,120.016
edm,0.886,0.967,-0.776,1.0,0.0157,0.389,0.239,0.745,128.1
edm,0.635,0.851,-5.804,0.0,0.0629,2.05e-06,0.173,0.239,124.032
edm,0.725,0.918,-4.912,0.0,0.153,0.0328,0.113,0.201,125.009
edm,0.612,0.68,-4.925,0.0,0.619,0.0,0.0786,0.346,127.909
edm,0.714,0.666,-7.944,1.0,0.00451,0.0001,0.42,0.619,114.95
edm,0.651,0.702,-7.833,1.0,0.0256,4.87e-05,0.129,0.539,124.924
edm,0.522,0.889,-5.646,0.0,0.00249,0.00109,0.115,0.124,125.987
edm,0.789,0.876,-4.008,1.0,0.0457,0.0326,0.172,0.512,124.963
edm,0.74,0.674,-4.374,1.0,0.00903,0.238,0.154,0.231,126.017
edm,0.624,0.998,-2.148,0.0,0.000185,0.749,0.0355,0.343,130.005
edm,0.693,0.678,-7.159,1.0,0.0151,5.71e-06,0.101,0.404,103.952
edm,0.435,0.837,-8.126,1.0,0.00676,0.0,0.117,0.778,124.913
edm,0.75,0.797,-4.826,1.0,0.293,0.0,0.392,0.523,105.949
edm,0.416,0.771,-3.183,0.0,0.178,1.47e-06,0.501,0.493,144.869
edm,0.493,0.589,-6.015,1.0,0.263,0.0,0.196,0.136,132.075
edm,0.688,0.925,-4.338,0.0,0.1,0.0,0.0404,0.623,123.981
edm,0.53,0.765,-3.151,1.0,0.0915,0.00108,0.225,0.113,127.987
edm,0.363,0.735,-3.857,1.0,0.0014,0.000119,0.13,0.0721,145.556
edm,0.699,0.869,-4.607,0.0,0.035,0.031,0.0965,0.591,127.975
edm,0.674,0.695,-8.836,1.0,0.00022,0.237,0.233,0.498,127.02
edm,0.714,0.697,-7.887,0.0,0.0197,2e-06,0.0697,0.602,122.145
edm,0.67,0.685,-9.029,0.0,0.278,3.56e-06,0.103,0.689,159.942
edm,0.765,0.556,-6.417,1.0,0.275,0.0,0.0824,0.274,111.033
edm,0.676,0.782,-6.639,1.0,0.0147,0.165,0.704,0.519,125.057
edm,0.402,0.913,-6.212,0.0,0.000547,2.52e-06,0.0869,0.351,213.928
edm,0.596,0.73,-4.091,1.0,0.24,0.0,0.325,0.525,85.979
edm,0.609,0.83,-3.229,0.0,0.117,0.0,0.18,0.478,128.986
edm,0.813,0.627,-5.018,0.0,0.0771,0.000616,0.131,0.801,130.011
edm,0.549,0.929,-3.108,0.0,0.061,0.947,0.45,0.761,127.983
edm,0.769,0.856,-5.865,0.0,0.0167,0.00792,0.116,0.524,124.023
edm,0.297,0.793,-6.329,1.0,0.000201,6.33e-06,0.117,0.428,84.967
edm,0.585,0.73,-4.038,0.0,0.0171,0.0,0.0488,0.222,104.824
edm,0.67,0.839,-4.023,1.0,0.0607,0.000764,0.159,0.726,105.002
edm,0.435,0.684,-7.064,0.0,0.0132,0.00055,0.0818,0.195,127.93
edm,0.461,0.964,-3.275,1.0,0.00025,0.3,0.247,0.0558,112.586
edm,0.751,0.663,-6.373,0.0,0.272,0.00607,0.111,0.423,125.953
edm,0.618,0.845,0.175,1.0,0.114,0.0,0.415,0.486,171.921
edm,0.475,0.715,-5.371,1.0,0.0863,2.67e-05,0.135,0.159,199.892
edm,0.517,0.685,-7.728,1.0,0.388,0.0133,0.0713,0.231,95.018
edm,0.509,0.953,-4.954,0.0,0.0159,3.3e-05,0.28,0.406,125.015
edm,0.651,0.7,-4.264,0.0,0.352,0.0,0.061,0.214,104.964
edm,0.651,0.693,-4.722,1.0,0.458,0.0,0.335,0.392,118.97
edm,0.509,0.781,-3.48,1.0,0.0398,0.0,0.0749,0.176,128.0
edm,0.779,0.705,-3.895,1.0,0.369,7.91e-06,0.124,0.946,101.022
edm,0.358,0.644,-8.027,0.0,0.154,0.0,0.0898,0.436,152.085
edm,0.68,0.823,-4.455,1.0,0.0808,0.000239,0.0794,0.643,111.042
edm,0.631,0.912,-7.591,0.0,0.0346,0.539,0.0729,0.329,138.043
edm,0.744,0.866,-4.834,1.0,0.0107,0.0537,0.528,0.302,128.027
edm,0.723,0.602,-10.573,0.0,0.143,0.000607,0.299,0.561,124.006
edm,0.432,0.872,-5.125,1.0,0.00138,0.418,0.36,0.351,174.032
edm,0.651,0.753,-4.956,0.0,0.11,0.0,0.249,0.355,123.954
edm,0.586,0.715,-5.962,0.0,0.013,1.15e-06,0.54,0.59,120.971
edm,0.768,0.576,-12.326,1.0,0.00705,0.000442,0.0735,0.248,108.078
edm,0.592,0.826,-4.506,1.0,0.0938,0.0,0.149,0.357,105.017
edm,0.662,0.889,-3.961,1.0,0.00277,0.0305,0.072,0.359,127.948
edm,0.561,0.965,-3.673,0.0,0.00383,7.07e-06,0.371,0.304,128.04
edm,0.691,0.883,-1.326,0.0,0.318,2.45e-05,0.0742,0.606,109.982
edm,0.534,0.613,-7.41,0.0,0.234,0.0,0.227,0.528,144.878
edm,0.808,0.737,-4.538,0.0,0.0602,1.12e-06,0.704,0.865,123.985
edm,0.451,0.692,-4.741,1.0,0.287,0.0,0.115,0.423,174.122
edm,0.639,0.664,-4.926,1.0,0.329,1.53e-06,0.382,0.351,116.028
edm,0.677,0.497,-5.763,1.0,0.152,0.0,0.0911,0.419,99.137
edm,0.691,0.856,-5.614,1.0,0.0614,0.119,0.034,0.414,136.98
edm,0.743,0.837,-5.025,0.0,0.0172,0.0,0.0743,0.263,103.072
edm,0.526,0.667,-5.451,1.0,0.0505,0.0,0.321,0.43,155.085
edm,0.716,0.736,-5.18,0.0,0.336,1.4e-05,0.137,0.542,104.018
edm,0.81,0.7,-5.664,0.0,0.267,6.69e-05,0.137,0.193,116.019
edm,0.578,0.575,-7.938,1.0,0.0548,0.00107,0.211,0.258,144.991
edm,0.689,0.897,-6.703,0.0,0.00074,0.0017,0.224,0.33,117.984
edm,0.622,0.802,-4.969,0.0,0.17,0.0,0.263,0.764,124.859
edm,0.654,0.967,-2.703,0.0,0.00924,0.00403,0.289,0.454,128.008
edm,0.683,0.63,-6.285,1.0,0.0327,1.58e-05,0.187,0.586,128.034
edm,0.804,0.717,-3.366,1.0,0.185,0.197,0.0751,0.37,129.971
edm,0.633,0.867,-3.692,1.0,0.0239,0.00101,0.0901,0.162,95.057
edm,0.694,0.888,-2.983,1.0,0.0353,0.0,0.275,0.691,124.996
edm,0.542,0.879,-1.427,0.0,0.0523,0.0,0.171,0.118,159.888
edm,0.689,0.924,-4.746,1.0,0.038,0.302,0.075,0.279,126.015
edm,0.649,0.82,-3.812,1.0,0.121,0.0,0.0771,0.349,128.096
edm,0.622,0.796,-2.999,0.0,0.667,0.0,0.106,0.62,197.704
edm,0.747,0.877,-3.782,0.0,0.0375,0.000833,0.233,0.752,107.991
edm,0.592,0.956,-2.068,0.0,0.105,0.00289,0.344,0.193,128.084
edm,0.575,0.985,-3.493,1.0,0.00379,0.155,0.0471,0.0762,129.956
edm,0.49,0.72,-3.797,0.0,0.0691,0.0,0.121,0.428,125.993
edm,0.708,0.926,-2.881,1.0,0.0526,0.0261,0.325,0.41,74.985
edm,0.441,0.753,-4.074,1.0,0.0701,0.0,0.027,0.254,135.015
edm,0.553,0.687,-6.4,1.0,0.0336,0.0,0.125,0.278,156.0
edm,0.695,0.743,-3.85,1.0,0.0786,0.0,0.0587,0.634,123.007
edm,0.604,0.661,-5.914,1.0,0.234,0.0,0.0951,0.506,107.016
edm,0.763,0.913,-4.1,0.0,0.234,0.453,0.11,0.363,125.999
edm,0.539,0.699,-7.754,0.0,0.0233,0.0,0.137,0.474,122.02
edm,0.296,0.719,-5.03,1.0,0.0161,0.0,0.328,0.121,159.926
edm,0.326,0.759,-5.019,1.0,0.016,0.000878,0.0804,0.0797,154.555
edm,0.532,0.625,-7.472,0.0,0.12,3.35e-05,0.103,0.297,145.857
edm,0.737,0.792,-4.117,0.0,0.102,0.0,0.0532,0.543,104.013
edm,0.484,0.943,-4.364,0.0,3.77e-05,0.00452,0.593,0.345,143.933
edm,0.705,0.531,-8.391,1.0,0.0282,0.0132,0.221,0.143,125.992
edm,0.577,0.789,-7.537,1.0,0.00757,0.0264,0.17,0.624,160.1
edm,0.751,0.718,-3.005,0.0,0.000182,0.0891,0.0592,0.173,128.055
edm,0.52,0.798,-5.498,0.0,0.101,0.0,0.0932,0.168,101.944
edm,0.543,0.875,-5.069,0.0,0.0622,0.0,0.157,0.415,122.058
edm,0.817,0.63,-4.631,1.0,0.00237,0.35,0.202,0.432,122.933
edm,0.698,0.931,-4.32,0.0,0.0237,0.852,0.0767,0.0825,128.004
edm,0.52,0.884,-4.809,1.0,0.0253,0.000143,0.112,0.513,144.961
edm,0.64,0.903,-3.042,0.0,0.00105,0.0503,0.171,0.152,128.079
edm,0.458,0.67,-4.993,1.0,0.025,3.78e-06,0.358,0.107,160.05
edm,0.622,0.717,-6.437,0.0,0.078,8.82e-06,0.785,0.329,124.043
edm,0.668,0.953,-1.784,0.0,0.0193,0.000118,0.0834,0.254,100.001
edm,0.609,0.834,-5.588,0.0,0.00924,0.000243,0.307,0.351,126.077
edm,0.608,0.798,-5.092,0.0,0.0736,0.0,0.156,0.5,92.946
edm,0.544,0.728,-5.358,0.0,0.00264,0.00959,0.427,0.281,174.983
edm,0.47,0.85,-2.825,0.0,0.0627,0.0,0.118,0.148,149.876
edm,0.724,0.986,-2.04,0.0,0.00136,0.0,0.363,0.564,128.072
edm,0.624,0.768,-5.397,0.0,0.0018,0.647,0.0965,0.12,128.012
edm,0.554,0.8,-5.519,1.0,0.00246,0.704,0.104,0.206,115.064
edm,0.8,0.789,-5.804,1.0,0.106,0.0621,0.357,0.533,105.995
edm,0.78,0.916,-4.773,1.0,0.00127,0.193,0.0611,0.426,126.006
edm,0.676,0.9,-6.469,1.0,0.0105,0.0136,0.0942,0.482,122.984
edm,0.827,0.518,-8.156,0.0,0.164,0.375,0.61,0.584,80.729
edm,0.608,0.845,-2.292,1.0,0.136,0.0,0.111,0.322,98.976
edm,0.778,0.566,-6.959,0.0,0.672,0.000197,0.0698,0.479,117.971
edm,0.639,0.72,-9.639,1.0,0.133,0.0231,0.098,0.569,134.985
edm,0.696,0.439,-8.77,0.0,0.0636,0.0,0.127,0.229,149.923
edm,0.489,0.597,-6.633,0.0,0.27,0.0,0.105,0.324,95.012
edm,0.595,0.817,-6.187,0.0,0.000712,0.0386,0.142,0.483,144.961
edm,0.65,0.733,-4.626,0.0,0.0761,0.00027,0.238,0.358,149.966
edm,0.579,0.716,-7.64,0.0,0.113,0.219,0.145,0.133,122.023
edm,0.801,0.985,-2.69,1.0,0.0205,6.86e-06,0.297,0.72,127.99
edm,0.655,0.923,-3.5,1.0,0.0581,0.00259,0.382,0.45,99.961
edm,0.775,0.85,-6.105,0.0,0.0158,0.557,0.344,0.692,127.996
edm,0.657,0.67,-8.179,1.0,0.0644,0.0,0.432,0.299,109.966
edm,0.514,0.648,-5.456,1.0,0.27,0.0,0.14,0.0816,144.942
edm,0.552,0.564,-5.941,1.0,0.0686,0.0131,0.34,0.321,164.952
edm,0.721,0.738,-4.77,1.0,0.00226,4.41e-06,0.118,0.637,119.976
edm,0.47,0.905,-2.832,0.0,0.0126,2.02e-06,0.514,0.055,127.06
edm,0.968,0.87,-4.805,1.0,0.00416,0.00628,0.0789,0.567,130.052
edm,0.635,0.841,-1.212,0.0,0.0304,0.00177,0.0347,0.188,149.996
edm,0.739,0.717,-5.123,1.0,0.0611,0.0,0.206,0.529,98.047
edm,0.768,0.908,-5.014,0.0,0.184,0.546,0.0583,0.423,120.042
edm,0.557,0.793,-6.723,0.0,0.000513,0.75,0.494,0.0869,127.944
edm,0.677,0.808,-5.307,0.0,0.432,0.285,0.141,0.273,124.984
edm,0.58,0.745,-4.915,0.0,0.383,0.0,0.25,0.612,150.103
edm,0.633,0.818,-5.437,1.0,0.0114,0.0,0.259,0.337,121.975
edm,0.724,0.648,-6.522,0.0,0.0551,3.33e-05,0.298,0.369,151.051
edm,0.659,0.345,-8.464,1.0,0.106,0.0,0.107,0.338,84.761
edm,0.425,0.774,-3.695,1.0,0.000209,3.84e-05,0.169,0.209,179.998
edm,0.631,0.918,-4.92,0.0,0.00116,0.387,0.101,0.338,112.489
edm,0.687,0.792,-2.749,1.0,0.191,0.0,0.167,0.671,100.011
edm,0.572,0.75,-5.042,0.0,0.0946,0.0,0.378,0.475,144.081
edm,0.699,0.866,-3.842,0.0,0.0398,1.77e-06,0.0505,0.569,95.063
edm,0.657,0.768,-4.628,1.0,0.108,0.0,0.144,0.759,75.025
edm,0.628,0.565,-7.702,1.0,0.141,0.00916,0.106,0.153,120.042
edm,0.737,0.636,-4.546,0.0,0.0441,6.66e-05,0.35,0.565,105.005
edm,0.453,0.643,-9.842,1.0,0.0855,0.000621,0.0891,0.318,91.992
edm,0.62,0.748,-5.36,0.0,0.0151,0.016,0.0729,0.417,125.999
hip-hop,0.899,0.626,-4.228,0.0,0.076,0.0,0.0631,0.873,88.007
hip-hop,0.828,0.719,-7.755,0.0,0.0919,0.000488,0.051,0.748,124.006
hip-hop,0.549,0.619,-6.924,0.0,0.372,7.67e-06,0.146,0.407,90.034
hip-hop,0.758,0.573,-6.221,0.0,0.0888,0.000677,0.0834,0.284,110.983
hip-hop,0.775,0.618,-6.133,1.0,0.2,0.0,0.468,0.654,93.98
hip-hop,0.901,0.464,-9.789,0.0,0.368,1.71e-05,0.238,0.638,109.004
hip-hop,0.82,0.491,-8.562,1.0,0.237,0.0,0.102,0.547,120.059
hip-hop,0.805,0.878,-3.826,1.0,0.0754,0.00329,0.0656,0.922,124.994
hip-hop,0.797,0.533,-9.74,0.0,0.0172,0.000152,0.103,0.329,131.036
hip-hop,0.537,0.367,-9.362,1.0,0.815,0.0,0.132,0.348,90.953
hip-hop,0.413,0.419,-10.592,0.0,0.602,0.000113,0.13,0.264,149.658
hip-hop,0.907,0.652,-7.733,1.0,0.284,0.000337,0.135,0.93,107.946
hip-hop,0.627,0.562,-6.268,0.0,0.0628,0.0,0.31,0.389,95.054
hip-hop,0.726,0.994,-2.433,0.0,0.021,0.0108,0.222,0.779,129.989
hip-hop,0.838,0.7,-4.301,0.0,0.0513,0.0,0.262,0.216,124.048
hip-hop,0.674,0.514,-10.956,1.0,0.0126,0.0,0.158,0.192,99.901
hip-hop,0.81,0.916,-2.649,0.0,0.312,7.63e-06,0.347,0.794,116.009
hip-hop,0.376,0.657,-4.658,1.0,0.0858,0.0,0.0884,0.203,80.565
hip-hop,0.552,0.667,-8.024,1.0,0.0381,0.0,0.0777,0.348,174.889
hip-hop,0.831,0.818,-7.827,1.0,0.0245,0.000319,0.0892,0.819,95.022
hip-hop,0.809,0.583,-8.771,1.0,0.356,0.0,0.0622,0.478,96.049
hip-hop,0.693,0.935,-4.323,1.0,0.18,0.0,0.179,0.391,80.882
hip-hop,0.813,0.706,-4.569,1.0,0.139,0.0,0.0994,0.44,163.191
hip-hop,0.623,0.638,-6.315,0.0,0.322,0.0,0.321,0.659,84.019
hip-hop,0.737,0.857,-5.806,1.0,0.0588,1.17e-05,0.281,0.817,126.005
hip-hop,0.655,0.941,-5.185,1.0,0.476,3.22e-06,0.215,0.344,88.073
hip-hop,0.73,0.58,-7.976,1.0,0.0399,2.48e-05,0.0703,0.55,167.915
hip-hop,0.708,0.626,-5.008,1.0,0.605,0.0,0.115,0.569,90.004
hip-hop,0.605,0.552,-7.875,1.0,0.479,0.0,0.0916,0.313,83.958
hip-hop,0.781,0.768,-5.525,0.0,0.744,5.92e-06,0.11,0.816,143.156
hip-hop,0.878,0.575,-8.732,1.0,0.00293,0.0,0.273,0.399,144.918
hip-hop,0.802,0.755,-3.138,0.0,0.0215,0.0,0.295,0.58,130.027
hip-hop,0.504,0.409,-12.067,1.0,0.347,3.09e-05,0.112,0.137,133.701
hip-hop,0.909,0.365,-9.954,1.0,0.0996,0.0,0.261,0.739,119.983
hip-hop,0.69,0.575,-5.763,0.0,0.345,0.0,0.309,0.509,87.967
hip-hop,0.628,0.703,-4.27,0.0,0.0263,0.0,0.26,0.594,99.783
hip-hop,0.428,0.577,-5.629,1.0,0.842,0.0,0.0954,0.244,159.796
hip-hop,0.871,0.553,-5.168,0.0,0.346,1.43e-05,0.11,0.53,100.042
hip-hop,0.7,0.49,-5.187,1.0,0.186,0.0,0.117,0.569,79.982
hip-hop,0.753,0.687,-6.375,0.0,0.52,2.32e-06,0.0663,0.754,90.621
hip-hop,0.738,0.599,-7.102,1.0,0.434,0.0,0.13,0.575,120.052
hip-hop,0.717,0.79,-6.418,0.0,0.308,0.0,0.0871,0.536,128.123
hip-hop,0.79,0.628,-4.055,1.0,0.182,7.06e-06,0.338,0.267,170.023
hip-hop,0.726,0.624,-7.741,1.0,0.156,0.0,0.601,0.421,139.594
hip-hop,0.792,0.813,-3.687,1.0,0.388,2.29e-05,0.0541,0.868,130.058
hip-hop,0.801,0.346,-13.455,0.0,0.0468,0.00169,0.112,0.653,159.986
hip-hop,0.906,0.811,-5.862,1.0,0.393,1.28e-05,0.0703,0.667,130.024
hip-hop,0.955,0.538,-8.394,1.0,0.132,0.00146,0.0704,0.837,116.977
hip-hop,0.837,0.717,-7.749,0.0,0.0842,0.0,0.149,0.494,94.984
hip-hop,0.515,0.766,-7.291,0.0,0.464,3.12e-06,0.136,0.346,112.466
hip-hop,0.782,0.669,-4.58,1.0,0.0733,0.0,0.111,0.598,143.992
hip-hop,0.827,0.78,-5.623,1.0,0.356,0.0,0.0651,0.938,130.033
hip-hop,0.57,0.793,-5.366,0.0,0.183,0.0,0.664,0.472,172.068
hip-hop,0.814,0.723,-5.638,1.0,0.178,0.0,0.0445,0.768,74.981
hip-hop,0.754,0.845,-2.554,0.0,0.126,0.0,0.603,0.793,86.978
hip-hop,0.888,0.782,-6.195,0.0,0.23,0.0,0.315,0.82,118.017
hip-hop,0.69,0.399,-11.202,1.0,0.202,0.0,0.247,0.311,89.975
hip-hop,0.802,0.737,-4.306,1.0,0.309,0.0,0.0815,0.577,116.955
hip-hop,0.768,0.444,-8.079,1.0,0.112,0.00314,0.145,0.563,92.078
hip-hop,0.706,0.695,-7.103,0.0,0.461,0.0,0.306,0.489,141.974
hip-hop,0.684,0.687,-4.673,1.0,0.0164,0.0,0.253,0.265,184.034
hip-hop,0.416,0.363,-8.371,1.0,0.512,1.3e-05,0.106,0.469,140.061
hip-hop,0.772,0.803,-3.035,1.0,0.187,0.0,0.434,0.853,94.98
hip-hop,0.708,0.631,-5.977,1.0,0.646,0.0,0.342,0.851,83.813
hip-hop,0.428,0.832,-3.455,1.0,0.303,0.0,0.142,0.157,85.594
hip-hop,0.665,0.539,-7.213,0.0,0.825,5.85e-06,0.121,0.368,110.101
hip-hop,0.676,0.935,-3.499,0.0,0.00917,0.0,0.097,0.802,144.944
hip-hop,0.808,0.745,-5.26,0.0,0.145,0.0,0.292,0.829,165.995
hip-hop,0.59,0.414,-12.391,1.0,0.781,0.000522,0.146,0.292,82.002
hip-hop,0.877,0.881,-3.713,0.0,0.421,0.000345,0.12,0.874,123.024
hip-hop,0.857,0.664,-6.189,1.0,0.00519,0.000492,0.134,0.637,118.972
hip-hop,0.727,0.647,-7.383,0.0,0.0329,0.0,0.246,0.529,159.959
hip-hop,0.804,0.902,-3.067,0.0,0.265,0.000402,0.065,0.72,155.98
hip-hop,0.594,0.587,-8.705,1.0,0.413,0.00013,0.0904,0.448,85.002
hip-hop,0.766,0.74,-10.363,1.0,0.0193,0.0784,0.229,0.183,118.008
hip-hop,0.473,0.562,-8.624,1.0,0.65,0.000117,0.12,0.316,74.653
hip-hop,0.762,0.79,-3.944,0.0,0.109,2.73e-06,0.172,0.748,129.988
hip-hop,0.721,0.746,-5.135,0.0,0.0241,0.0,0.143,0.23,175.813
hip-hop,0.841,0.728,-3.37,1.0,0.0847,0.0,0.149,0.43,130.049
hip-hop,0.669,0.588,-6.902,1.0,0.177,0.0,0.179,0.237,97.026
hip-hop,0.62,0.813,-4.833,1.0,0.449,1.48e-06,0.21,0.37,139.587
hip-hop,0.936,0.791,-3.605,1.0,0.355,0.00628,0.168,0.746,102.02
hip-hop,0.665,0.596,-6.969,0.0,0.293,3.67e-05,0.247,0.644,110.055
hip-hop,0.479,0.598,-5.807,0.0,0.0536,0.0,0.456,0.244,110.456
hip-hop,0.908,0.669,-2.827,1.0,0.00286,0.0,0.237,0.662,112.238
hip-hop,0.765,0.816,-3.99,1.0,0.124,8.19e-05,0.197,0.624,89.005
hip-hop,0.787,0.858,-4.152,0.0,0.405,2.95e-06,0.133,0.814,105.0
hip-hop,0.763,0.53,-6.348,1.0,0.368,3.41e-06,0.154,0.296,119.998
hip-hop,0.746,0.522,-6.807,0.0,0.0306,0.0,0.2,0.361,140.051
hip-hop,0.792,0.647,-5.447,0.0,0.0299,0.0,0.119,0.638,89.029
hip-hop,0.841,0.593,-7.846,1.0,0.418,0.0,0.124,0.808,124.917
hip-hop,0.759,0.885,-4.516,1.0,0.351,3.68e-05,0.468,0.673,89.966
hip-hop,0.775,0.828,-3.972,1.0,0.289,0.0,0.434,0.571,79.992
hip-hop,0.754,0.674,-7.212,1.0,0.623,0.0,0.129,0.517,116.96
hip-hop,0.833,0.8,-4.56,0.0,0.262,0.0,0.435,0.685,124.982
hip-hop,0.699,0.917,-4.897,1.0,0.078,0.0,0.065,0.889,130.04
hip-hop,0.595,0.817,-6.187,0.0,0.000712,0.0386,0.142,0.483,144.961
hip-hop,0.73,0.748,-4.371,0.0,0.0936,0.0,0.282,0.694,155.861
hip-hop,0.776,0.969,-0.079,0.0,0.0149,0.000153,0.352,0.802,94.018
hip-hop,0.711,0.702,-10.048,1.0,0.00487,0.0163,0.0932,0.674,180.219
hip-hop,0.834,0.738,-6.904,0.0,0.2,0.0,0.0797,0.656,89.99
hip-hop,0.643,0.605,-5.968,0.0,0.0336,0.0,0.112,0.145,84.216
hip-hop,0.435,0.658,-5.949,0.0,0.699,0.0,0.125,0.524,77.17
hip-hop,0.777,0.816,-3.884,1.0,0.349,0.0,0.195,0.667,139.68
hip-hop,0.889,0.449,-7.63,1.0,0.0313,0.0,0.0581,0.911,137.941
hip-hop,0.746,0.69,-7.956,1.0,0.247,0.0,0.101,0.497,89.979
hip-hop,0.811,0.587,-10.091,1.0,0.0829,0.0,0.173,0.758,110.027
hip-hop,0.726,0.652,-7.764,0.0,0.00451,3.32e-05,0.226,0.803,163.879
hip-hop,0.886,0.708,-5.915,0.0,0.107,0.0114,0.044,0.965,109.976
hip-hop,0.721,0.714,-5.436,0.0,0.107,0.0,0.562,0.506,94.002
hip-hop,0.598,0.427,-8.764,0.0,0.0546,5.83e-06,0.21,0.0605,76.469
hip-hop,0.75,0.856,-5.802,1.0,0.0778,3.65e-05,0.117,0.94,130.034
hip-hop,0.959,0.598,-5.534,1.0,0.0358,0.0,0.358,0.408,127.028
hip-hop,0.614,0.797,-4.243,1.0,0.197,0.0,0.113,0.608,133.007
hip-hop,0.752,0.861,-3.582,0.0,0.327,0.0,0.126,0.666,113.396
hip-hop,0.905,0.563,-6.135,1.0,0.0254,9.71e-06,0.113,0.324,106.998
hip-hop,0.524,0.601,-6.112,0.0,0.663,0.0,0.114,0.598,72.048
hip-hop,0.806,0.777,-6.338,0.0,0.122,2.81e-05,0.0725,0.803,89.972
hip-hop,0.767,0.867,-2.931,0.0,0.109,0.0,0.155,0.786,151.965
hip-hop,0.72,0.711,-6.926,0.0,0.309,0.0,0.492,0.713,148.223
hip-hop,0.655,0.629,-7.231,1.0,0.00109,0.063,0.0752,0.193,131.966
hip-hop,0.571,0.818,-3.926,0.0,0.0966,0.0,0.16,0.781,160.036
hip-hop,0.886,0.749,-4.142,0.0,0.185,0.0,0.0983,0.833,131.924
hip-hop,0.69,0.683,-7.186,0.0,0.076,0.000113,0.134,0.549,160.088
hip-hop,0.647,0.581,-7.678,0.0,0.0029,7.76e-06,0.119,0.113,150.149
hip-hop,0.891,0.913,-4.453,1.0,0.394,0.000173,0.373,0.772,130.045
hip-hop,0.774,0.783,-4.247,1.0,0.0173,0.0,0.19,0.206,93.959
hip-hop,0.725,0.725,-6.067,0.0,0.0119,0.0,0.086,0.515,140.003
hip-hop,0.677,0.68,-5.19,0.0,0.0616,4.49e-05,0.0812,0.473,189.954
hip-hop,0.698,0.505,-8.242,0.0,0.354,0.0,0.0995,0.396,95.868
hip-hop,0.437,0.592,-9.726,1.0,0.181,6.45e-06,0.331,0.632,75.493
hip-hop,0.471,0.873,-5.503,0.0,0.47,8.13e-05,0.146,0.737,78.434
hip-hop,0.799,0.542,-7.142,1.0,0.0858,1.5e-06,0.126,0.673,107.993
hip-hop,0.614,0.842,-4.109,1.0,0.00814,1.33e-05,0.212,0.915,156.051
hip-hop,0.736,0.878,-3.604,0.0,0.0682,6.4e-05,0.756,0.662,100.024
hip-hop,0.701,0.607,-6.723,0.0,0.04,0.0,0.353,0.544,91.747
hip-hop,0.727,0.714,-4.494,1.0,0.0209,0.0,0.153,0.618,164.003
hip-hop,0.668,0.88,-7.057,1.0,0.217,1.95e-06,0.114,0.399,90.946
hip-hop,0.902,0.669,-5.049,1.0,0.161,0.0,0.0728,0.628,139.949
hip-hop,0.756,0.855,-3.352,0.0,0.222,0.0,0.188,0.525,92.905
hip-hop,0.637,0.807,-5.193,0.0,0.133,3.89e-06,0.249,0.774,156.954
hip-hop,0.736,0.604,-7.357,0.0,0.0654,6.43e-05,0.124,0.574,155.004
hip-hop,0.713,0.727,-7.166,0.0,0.183,1.22e-06,0.0756,0.515,97.025
hip-hop,0.715,0.89,-5.438,0.0,0.00111,0.000837,0.0297,0.891,134.994
hip-hop,0.81,0.66,-8.791,1.0,0.141,0.0,0.173,0.443,140.081
hip-hop,0.569,0.919,-5.378,1.0,0.00089,9.44e-05,0.0524,0.256,95.073
hip-hop,0.824,0.543,-8.667,0.0,0.101,0.0,0.178,0.548,124.018
hip-hop,0.571,0.732,-6.068,0.0,0.116,0.0,0.378,0.584,82.825
hip-hop,0.77,0.824,-6.491,0.0,0.485,0.0,0.318,0.49,172.006
hip-hop,0.826,0.779,-5.609,1.0,0.35,0.0,0.0657,0.936,130.091
hip-hop,0.691,0.614,-8.991,0.0,0.027,0.106,0.158,0.061,77.489
hip-hop,0.877,0.781,-4.459,0.0,0.0315,0.000397,0.239,0.373,102.994
hip-hop,0.517,0.707,-5.474,1.0,0.0164,0.0,0.453,0.264,82.859
hip-hop,0.589,0.716,-5.651,0.0,0.354,0.0,0.109,0.327,84.384
hip-hop,0.489,0.595,-3.788,0.0,0.262,0.0,0.0813,0.459,144.859
hip-hop,0.685,0.755,-6.045,0.0,0.102,0.194,0.159,0.422,158.932
hip-hop,0.896,0.678,-2.546,0.0,0.0137,4.1e-05,0.11,0.604,130.024
hip-hop,0.557,0.794,-5.698,0.0,0.179,0.0,0.106,0.432,91.366
hip-hop,0.679,0.697,-4.75,1.0,0.232,0.0,0.178,0.287,137.816
hip-hop,0.737,0.832,-5.199,0.0,0.26,0.0,0.108,0.67,160.022
hip-hop,0.808,0.811,-3.856,0.0,0.163,0.0,0.148,0.753,95.982
hip-hop,0.897,0.662,-6.903,0.0,0.0852,0.0,0.534,0.39,112.509
hip-hop,0.861,0.886,-5.413,0.0,0.182,1.29e-06,0.0559,0.898,124.031
hip-hop,0.811,0.655,-7.118,0.0,0.0947,1.63e-06,0.068,0.925,117.979
hip-hop,0.408,0.533,-6.871,0.0,0.235,0.0,0.345,0.239,140.069
hip-hop,0.826,0.581,-6.425,0.0,0.518,2.49e-06,0.0703,0.787,92.434
hip-hop,0.739,0.706,-3.461,0.0,0.141,0.0,0.299,0.784,94.965
hip-hop,0.899,0.479,-10.432,1.0,0.0126,0.0,0.142,0.309,85.005
hip-hop,0.467,0.826,-3.885,0.0,0.298,0.0,0.204,0.417,160.025
hip-hop,0.854,0.569,-8.151,0.0,0.0609,0.0816,0.1,0.294,80.015
hip-hop,0.764,0.652,-6.448,1.0,0.103,0.000107,0.129,0.417,89.99
hip-hop,0.585,0.641,-4.269,0.0,0.0286,0.0,0.316,0.266,88.284
hip-hop,0.909,0.906,-3.701,1.0,0.09,1.25e-05,0.287,0.625,121.996
hip-hop,0.69,0.521,-8.492,0.0,0.324,0.0,0.0534,0.494,100.028
hip-hop,0.801,0.623,-7.861,1.0,0.107,0.00393,0.0853,0.801,104.982
hip-hop,0.827,0.717,-7.755,0.0,0.0908,0.000523,0.0511,0.772,123.987
hip-hop,0.74,0.613,-4.88,1.0,0.258,0.00372,0.123,0.473,75.023
hip-hop,0.568,0.62,-6.874,0.0,0.489,2.16e-05,0.108,0.347,89.98
hip-hop,0.751,0.67,-4.587,1.0,0.0796,0.00018,0.0908,0.766,156.062
hip-hop,0.584,0.698,-6.61,0.0,0.447,0.0,0.0699,0.436,79.993
hip-hop,0.348,0.636,-4.139,0.0,0.467,0.0,0.0944,0.466,73.416
hip-hop,0.567,0.585,-9.32,0.0,0.517,4.84e-06,0.115,0.374,99.935
hip-hop,0.833,0.639,-6.964,1.0,0.152,0.0,0.101,0.448,102.989
hip-hop,0.752,0.518,-8.798,0.0,0.0422,0.0,0.196,0.548,85.058
hip-hop,0.716,0.803,-5.14,0.0,0.03,0.0,0.0817,0.325,124.961
hip-hop,0.612,0.829,-4.225,1.0,0.0606,0.0,0.38,0.694,94.961
hip-hop,0.754,0.449,-9.211,1.0,0.0332,8.29e-05,0.552,0.357,77.169
hip-hop,0.674,0.508,-10.56,0.0,0.159,0.000361,0.348,0.322,139.966
hip-hop,0.835,0.767,-5.181,0.0,0.0716,0.000187,0.173,0.786,89.972
hip-hop,0.904,0.601,-5.561,1.0,0.0305,0.0,0.615,0.761,87.037
hip-hop,0.697,0.66,-5.459,0.0,0.472,0.0,0.243,0.301,93.011
hip-hop,0.484,0.948,-4.296,0.0,0.0473,0.0,0.0565,0.686,125.645
hip-hop,0.737,0.846,-4.51,0.0,0.00614,0.0,0.0486,0.546,87.981
hip-hop,0.832,0.657,-7.755,1.0,0.0433,2.93e-05,0.0752,0.756,104.005
hip-hop,0.792,0.804,-4.752,1.0,0.537,0.0,0.342,0.807,96.041
hip-hop,0.689,0.856,-3.394,0.0,0.0493,0.0,0.232,0.706,126.108
hip-hop,0.431,0.794,-5.78,0.0,0.0759,0.0,0.85,0.448,75.028
hip-hop,0.833,0.652,-6.942,1.0,0.00161,0.0985,0.106,0.405,158.022
hip-hop,0.834,0.688,-7.494,1.0,0.175,0.0,0.174,0.876,117.949
hip-hop,0.833,0.67,-7.313,1.0,0.046,0.0,0.0468,0.7,92.991
hip-hop,0.914,0.497,-7.488,0.0,0.114,2.9e-05,0.282,0.324,140.003
hip-hop,0.859,0.599,-9.738,1.0,0.511,0.0,0.11,0.183,98.008
hip-hop,0.622,0.431,-8.26,0.0,0.0955,0.0,0.088,0.365,117.919
hip-hop,0.615,0.748,-8.788,0.0,0.412,0.000288,0.0621,0.505,135.071
hip-hop,0.836,0.649,-6.442,1.0,0.0716,0.0,0.0943,0.294,95.084
hip-hop,0.698,0.633,-4.946,1.0,0.0605,0.000194,0.0926,0.552,96.924
hip-hop,0.533,0.389,-9.175,1.0,0.18,0.0,0.112,0.248,145.894
hip-hop,0.727,0.672,-4.782,0.0,0.181,0.0,0.189,0.135,94.006
hip-hop,0.689,0.481,-7.503,1.0,0.369,1.03e-06,0.0649,0.283,80.025
hip-hop,0.79,0.672,-4.955,0.0,0.1,0.0,0.215,0.49,95.827
hip-hop,0.713,0.747,-4.492,0.0,0.117,5.51e-06,0.451,0.711,88.058
hip-hop,0.708,0.672,-7.493,0.0,0.322,0.0,0.135,0.399,93.886
hip-hop,0.54,0.56,-8.176,1.0,0.0466,0.0,0.218,0.727,116.498
hip-hop,0.726,0.809,-4.192,1.0,0.47,0.0,0.3,0.622,79.969
hip-hop,0.945,0.582,-8.357,0.0,0.114,0.0,0.103,0.907,108.025
hip-hop,0.829,0.852,-5.4,1.0,0.00698,0.000278,0.055,0.912,131.989
hip-hop,0.83,0.623,-4.056,1.0,0.0219,0.0,0.0812,0.614,101.036
hip-hop,0.785,0.523,-5.853,1.0,0.144,0.0,0.117,0.134,100.002
hip-hop,0.759,0.492,-10.338,0.0,0.736,0.0102,0.107,0.561,104.973
hip-hop,0.41,0.907,-3.105,0.0,0.0689,0.0,0.247,0.793,194.179
hip-hop,0.789,0.71,-4.574,0.0,0.37,0.0,0.155,0.826,95.178
hip-hop,0.849,0.758,-7.498,1.0,0.499,0.695,0.147,0.0684,115.058
hip-hop,0.705,0.73,-7.886,1.0,0.159,0.000239,0.154,0.819,140.14
hip-hop,0.659,0.666,-4.757,0.0,0.0988,0.0,0.278,0.326,91.952
hip-hop,0.799,0.818,-4.628,1.0,0.113,0.00315,0.0942,0.951,175.998
hip-hop,0.566,0.862,-6.02,0.0,0.0246,0.0,0.103,0.455,147.974
hip-hop,0.666,0.618,-5.875,0.0,0.218,0.0,0.197,0.56,175.94
hip-hop,0.607,0.843,-8.15,0.0,0.103,4.42e-05,0.107,0.582,133.131
hip-hop,0.842,0.776,-4.195,1.0,0.0898,0.0,0.215,0.287,99.019
hip-hop,0.496,0.549,-8.067,0.0,0.128,0.00226,0.237,0.372,80.03
hip-hop,0.797,0.782,-4.658,0.0,0.00335,0.0,0.138,0.503,99.999
hip-hop,0.675,0.735,-10.894,0.0,0.136,0.0,0.152,0.139,95.0
hip-hop,0.726,0.818,-6.522,0.0,0.538,1.01e-06,0.111,0.812,92.033
hip-hop,0.619,0.84,-5.427,1.0,0.082,0.275,0.28,0.0805,105.987
hip-hop,0.825,0.904,-5.414,0.0,0.257,1.21e-05,0.0715,0.528,129.036
hip-hop,0.652,0.66,-5.319,1.0,0.000724,0.000963,0.134,0.255,104.991
hip-hop,0.733,0.859,-5.087,1.0,0.0431,0.0,0.822,0.845,170.047
hip-hop,0.788,0.87,-5.217,1.0,0.123,1.43e-05,0.0692,0.884,109.974
hip-hop,0.673,0.663,-10.026,1.0,0.0648,1.79e-05,0.117,0.678,124.002
hip-hop,0.835,0.462,-6.227,1.0,0.513,0.0,0.0875,0.702,78.99
hip-hop,0.512,0.854,-4.572,1.0,0.000778,0.0069,0.195,0.514,191.939
hip-hop,0.675,0.392,-10.11,0.0,0.773,0.0,0.109,0.534,123.935
hip-hop,0.752,0.97,-4.167,1.0,0.0556,1.21e-06,0.0999,0.537,119.97
hip-hop,0.802,0.499,-5.881,1.0,0.454,0.0,0.143,0.763,92.055
hip-hop,0.899,0.713,-2.752,0.0,0.255,0.0,0.0708,0.777,90.051
hip-hop,0.781,0.728,-7.612,1.0,0.179,0.000206,0.73,0.363,103.27
hip-hop,0.645,0.534,-5.428,0.0,0.147,4.3e-06,0.0858,0.302,90.024
hip-hop,0.837,0.575,-7.971,0.0,0.0361,7.23e-06,0.457,0.655,105.015
hip-hop,0.534,0.592,-6.149,0.0,0.453,0.0,0.193,0.405,79.34
hip-hop,0.681,0.738,-4.726,1.0,0.225,0.0,0.532,0.624,151.026
hip-hop,0.771,0.779,-3.748,0.0,0.251,0.0,0.125,0.535,94.962
hip-hop,0.698,0.828,-5.92,0.0,0.0868,0.0,0.212,0.86,160.169
hip-hop,0.875,0.846,-5.276,1.0,0.137,1.15e-05,0.123,0.697,114.981
hip-hop,0.723,0.456,-7.679,0.0,0.137,2.95e-05,0.081,0.0383,101.139
hip-hop,0.843,0.579,-7.505,1.0,0.278,0.0174,0.384,0.395,141.73
hip-hop,0.395,0.425,-7.616,0.0,0.719,0.0,0.175,0.457,167.863
hip-hop,0.78,0.904,-5.509,0.0,0.163,8.54e-05,0.0662,0.664,129.966
hip-hop,0.9,0.795,-5.056,1.0,0.107,0.00631,0.131,0.745,101.978
hip-hop,0.87,0.479,-7.779,1.0,0.161,0.000157,0.209,0.717,104.059
hip-hop,0.765,0.725,-3.391,0.0,0.00471,0.000194,0.154,0.578,75.003
hip-hop,0.384,0.658,-5.125,1.0,0.201,0.0,0.245,0.67,82.43
hip-hop,0.82,0.504,-9.113,0.0,0.261,7e-06,0.104,0.275,85.016
hip-hop,0.862,0.886,-5.423,0.0,0.184,1.33e-06,0.0565,0.896,124.031
hip-hop,0.646,0.879,-3.668,1.0,0.00659,0.0607,0.117,0.429,123.849
hip-hop,0.707,0.625,-7.638,0.0,0.709,2.77e-06,0.298,0.477,123.028
hip-hop,0.649,0.525,-11.94,1.0,0.245,1.2e-05,0.17,0.494,101.987
hip-hop,0.739,0.839,-4.175,0.0,0.475,0.0,0.341,0.904,112.062
hip-hop,0.498,0.679,-7.252,0.0,0.256,0.000325,0.0589,0.743,99.702
hip-hop,0.877,0.477,-7.379,0.0,0.307,0.0,0.0929,0.552,127.026
hip-hop,0.85,0.573,-6.759,1.0,0.0439,0.0,0.0871,0.49,88.05
hip-hop,0.812,0.764,-3.39,0.0,0.59,0.0,0.253,0.431,100.082
hip-hop,0.804,0.329,-8.711,0.0,0.22,0.0,0.105,0.214,121.969
hip-hop,0.473,0.837,-7.101,1.0,0.0968,0.912,0.297,0.212,97.261
hip-hop,0.657,0.836,-3.399,0.0,0.376,0.0,0.0919,0.837,88.014
hip-hop,0.813,0.734,-5.464,0.0,0.072,0.0,0.118,0.652,107.967
hip-hop,0.592,0.457,-6.081,0.0,0.661,0.000331,0.146,0.225,146.04
hip-hop,0.649,0.57,-6.17,0.0,0.174,1.01e-05,0.496,0.506,110.061
hip-hop,0.592,0.548,-6.483,0.0,0.436,1.59e-05,0.296,0.583,109.946
hip-hop,0.712,0.776,-7.424,0.0,0.541,2.17e-06,0.0896,0.96,89.934
hip-hop,0.735,0.76,-6.572,0.0,0.366,1.52e-05,0.606,0.687,140.068
hip-hop,0.717,0.699,-5.665,0.0,0.223,0.0,0.139,0.689,100.147
hip-hop,0.687,0.769,-5.604,0.0,0.105,0.256,0.159,0.413,158.953
hip-hop,0.725,0.821,-5.147,1.0,0.103,3e-06,0.118,0.135,91.821
hip-hop,0.753,0.72,-7.686,0.0,0.063,0.0,0.237,0.613,140.125
hip-hop,0.736,0.672,-5.877,0.0,0.435,0.0,0.132,0.616,80.039
hip-hop,0.761,0.554,-8.119,0.0,0.193,0.00844,0.0802,0.555,92.52
hip-hop,0.593,0.791,-5.162,0.0,0.0343,0.0,0.0654,0.881,171.935
hip-hop,0.77,0.84,-4.022,1.0,0.515,0.00452,0.145,0.192,96.012
hip-hop,0.637,0.715,-4.971,0.0,0.148,0.0,0.0892,0.308,141.872
hip-hop,0.708,0.843,-2.66,1.0,0.397,0.0,0.799,0.625,148.14
hip-hop,0.497,0.489,-7.724,0.0,0.0576,9.91e-05,0.122,0.231,171.853
hip-hop,0.734,0.519,-9.483,0.0,0.00814,0.141,0.311,0.685,82.983
hip-hop,0.815,0.676,-3.04,0.0,0.0664,0.0,0.0578,0.836,168.051
hip-hop,0.871,0.608,-5.486,1.0,0.142,0.0,0.0876,0.818,129.784
hip-hop,0.737,0.86,-2.652,0.0,0.11,1.94e-06,0.0574,0.656,93.989
hip-hop,0.786,0.579,-14.913,1.0,0.186,0.0,0.118,0.481,90.012
hip-hop,0.584,0.847,-5.106,1.0,0.00105,0.000525,0.333,0.371,170.983
hip-hop,0.526,0.701,-6.574,0.0,0.444,2.74e-06,0.0883,0.683,79.744
hip-hop,0.507,0.752,-4.337,1.0,0.52,0.0,0.258,0.953,124.96
hip-hop,0.72,0.607,-4.168,1.0,0.0543,0.0,0.113,0.828,121.223
hip-hop,0.793,0.308,-10.414,0.0,0.613,1.68e-05,0.0953,0.46,135.143
hip-hop,0.813,0.786,-4.133,0.0,0.107,0.0,0.238,0.828,175.908
hip-hop,0.663,0.694,-8.627,0.0,0.0253,0.0,0.0698,0.525,167.953
hip-hop,0.937,0.632,-7.407,1.0,0.0265,0.0,0.111,0.542,96.499
hip-hop,0.678,0.449,-9.379,0.0,0.477,0.0,0.536,0.606,100.033
hip-hop,0.826,0.712,-5.219,0.0,0.095,0.0,0.105,0.49,93.029
hip-hop,0.721,0.769,-4.111,1.0,0.0922,0.0,0.0817,0.915,155.932
hip-hop,0.676,0.488,-5.091,1.0,0.0613,0.0,0.0707,0.151,97.036
hip-hop,0.77,0.51,-5.469,0.0,0.137,0.000106,0.0346,0.533,188.067
hip-hop,0.461,0.5,-9.828,1.0,0.00245,0.03,0.116,0.572,76.176
hip-hop,0.833,0.434,-8.795,1.0,0.0102,0.0219,0.165,0.281,150.062
hip-hop,0.746,0.599,-6.428,0.0,0.407,0.0,0.162,0.283,141.95
hip-hop,0.621,0.515,-9.019,1.0,0.616,0.000137,0.11,0.657,109.891
hip-hop,0.658,0.603,-6.552,0.0,0.472,0.0,0.124,0.519,146.864
hip-hop,0.707,0.795,-5.7,0.0,0.537,0.0,0.0922,0.612,187.927
hip-hop,0.848,0.735,-4.661,1.0,0.291,0.0,0.0713,0.57,98.973
hip-hop,0.714,0.72,-4.722,1.0,0.102,0.0,0.344,0.592,143.877
hip-hop,0.463,0.642,-4.474,1.0,0.314,0.0,0.0686,0.339,83.389
hip-hop,0.744,0.535,-9.499,0.0,0.279,0.0,0.143,0.106,132.86
hip-hop,0.548,0.847,-3.237,1.0,0.0622,0.0,0.0816,0.1,171.447
hip-hop,0.86,0.541,-6.51,0.0,0.165,0.163,0.0663,0.952,114.984
hip-hop,0.896,0.517,-7.834,0.0,0.112,0.0,0.117,0.816,135.917
hip-hop,0.655,0.473,-9.806,1.0,0.842,0.0323,0.167,0.572,92.962
hip-hop,0.922,0.906,-8.513,1.0,0.339,0.000163,0.099,0.808,111.963
hip-hop,0.7,0.917,-4.897,1.0,0.0773,0.0,0.065,0.888,130.04
hip-hop,0.658,0.761,-6.645,1.0,0.0531,0.0,0.216,0.843,165.543
hip-hop,0.797,0.71,-6.815,0.0,0.343,0.906,0.0932,0.502,99.981
hip-hop,0.868,0.635,-6.352,0.0,0.164,0.0,0.0898,0.621,90.019
hip-hop,0.699,0.633,-6.733,0.0,0.397,0.0,0.0864,0.534,159.955
hip-hop,0.793,0.719,-3.698,0.0,0.352,0.0,0.574,0.435,83.925
hip-hop,0.817,0.512,-6.943,1.0,0.037,0.0,0.216,0.17,130.04
hip-hop,0.515,0.508,-6.66,0.0,0.633,0.0,0.203,0.235,131.731
hip-hop,0.584,0.739,-4.951,1.0,0.117,0.0,0.0534,0.361,200.105
hip-hop,0.782,0.51,-5.724,0.0,0.143,0.0,0.115,0.118,99.993
hip-hop,0.779,0.705,-5.891,0.0,0.00471,0.0,0.0971,0.196,140.005
hip-hop,0.709,0.733,-4.051,1.0,0.164,0.0,0.113,0.212,140.006
hip-hop,0.75,0.789,-5.058,1.0,0.0148,0.0,0.501,0.467,135.954
hip-hop,0.766,0.909,-6.181,0.0,0.196,0.0,0.106,0.51,99.958
hip-hop,0.585,0.635,-7.219,0.0,0.0964,0.0,0.134,0.55,76.089
hip-hop,0.829,0.615,-5.223,1.0,0.0657,0.0,0.0683,0.525,83.93
hip-hop,0.756,0.858,-4.05,0.0,0.035,0.000254,0.061,0.764,101.984
hip-hop,0.807,0.628,-8.988,1.0,0.0146,0.0,0.0598,0.718,104.978
hip-hop,0.862,0.619,-6.645,0.0,0.0434,0.0,0.117,0.512,95.036
hip-hop,0.503,0.665,-6.302,0.0,0.124,0.000155,0.175,0.597,174.974
hip-hop,0.792,0.625,-5.609,1.0,0.00776,0.0018,0.329,0.37,103.967
hip-hop,0.815,0.427,-7.521,1.0,0.59,0.0,0.0648,0.167,95.172
hip-hop,0.685,0.862,-4.611,1.0,0.00757,0.0014,0.0226,0.884,128.032
hip-hop,0.612,0.853,-3.585,0.0,0.00522,0.0,0.422,0.566,166.884
hip-hop,0.674,0.566,-8.551,0.0,0.77,0.0,0.181,0.186,95.045
hip-hop,0.9,0.509,-6.647,1.0,0.115,1.67e-06,0.0937,0.765,100.007
hip-hop,0.525,0.68,-7.252,0.0,0.254,0.000348,0.0601,0.734,132.857
hip-hop,0.698,0.799,-4.774,0.0,0.0322,0.0,0.334,0.746,79.204
hip-hop,0.732,0.463,-6.972,0.0,0.374,0.0,0.194,0.397,95.971
hip-hop,0.776,0.651,-7.41,1.0,0.0136,2.72e-06,0.0771,0.747,92.015
hip-hop,0.789,0.786,-4.788,1.0,0.596,0.0,0.0997,0.39,119.957
hip-hop,0.815,0.801,-4.271,0.0,0.229,1.14e-05,0.0762,0.533,96.473
hip-hop,0.878,0.619,-5.56,1.0,0.0533,0.0,0.113,0.639,136.041
hip-hop,0.691,0.894,-1.681,0.0,0.291,0.0,0.104,0.623,184.018
hip-hop,0.836,0.743,-6.305,0.0,0.0995,0.0,0.335,0.722,108.966
hip-hop,0.956,0.519,-7.832,1.0,0.0712,0.0,0.106,0.529,132.058
hip-hop,0.613,0.583,-6.068,0.0,0.143,0.0,0.114,0.565,183.982
hip-hop,0.845,0.854,-5.897,0.0,0.0376,1.45e-05,0.343,0.636,102.008
hip-hop,0.78,0.758,-6.414,0.0,0.115,0.0,0.183,0.711,92.016
hip-hop,0.774,0.672,-4.351,1.0,0.276,1.82e-05,0.111,0.307,107.956
hip-hop,0.721,0.867,-5.429,0.0,0.0885,0.000119,0.0372,0.87,170.091
hip-hop,0.709,0.726,-7.129,1.0,0.0977,0.0,0.301,0.405,92.014
hip-hop,0.839,0.907,-4.259,1.0,0.101,0.0,0.332,0.737,121.048
hip-hop,0.666,0.465,-8.545,1.0,0.0503,0.0,0.215,0.292,167.937
hip-hop,0.661,0.576,-6.025,0.0,0.026,0.0,0.0623,0.924,123.425
hip-hop,0.821,0.753,-5.27,0.0,0.0148,6.13e-06,0.109,0.364,114.983
hip-hop,0.718,0.891,-3.494,0.0,0.00175,0.0146,0.138,0.828,124.981
hip-hop,0.753,0.701,-5.249,0.0,0.00291,7.77e-06,0.151,0.517,161.657
hip-hop,0.855,0.954,-1.19,0.0,0.529,0.0,0.205,0.668,114.635
hip-hop,0.749,0.925,-5.034,1.0,0.241,0.0,0.52,0.641,86.989
hip-hop,0.795,0.565,-4.457,0.0,0.131,0.0,0.0802,0.55,87.925
hip-hop,0.607,0.782,-4.179,1.0,0.305,0.0,0.062,0.747,64.935
hip-hop,0.741,0.787,-6.228,1.0,0.217,0.0179,0.0835,0.771,91.993
hip-hop,0.527,0.591,-7.632,0.0,0.626,0.00798,0.385,0.543,119.932
hip-hop,0.776,0.82,-4.405,0.0,0.287,0.000361,0.242,0.773,89.982
hip-hop,0.767,0.869,-3.381,0.0,0.14,0.0,0.221,0.751,98.208
hip-hop,0.692,0.488,-10.96,0.0,0.0508,0.0,0.154,0.299,171.9
hip-hop,0.812,0.855,-3.725,1.0,0.0789,0.000167,0.108,0.573,90.04
hip-hop,0.52,0.856,-4.228,1.0,0.000193,0.0,0.157,0.47,160.083
hip-hop,0.804,0.609,-8.481,0.0,0.375,1.74e-06,0.109,0.652,169.819
hip-hop,0.688,0.541,-10.899,1.0,0.178,0.127,0.252,0.731,102.736
hip-hop,0.918,0.673,-5.084,1.0,0.314,0.0,0.0555,0.828,99.952
hip-hop,0.653,0.446,-7.867,1.0,0.546,4.52e-05,0.109,0.472,100.018
hip-hop,0.723,0.772,-6.784,1.0,0.00524,1.15e-05,0.367,0.58,102.004
hip-hop,0.592,0.728,-6.098,1.0,0.00148,0.0,0.379,0.577,113.17
hip-hop,0.645,0.798,-6.227,0.0,0.204,0.000198,0.318,0.386,109.973
hip-hop,0.595,0.689,-6.822,1.0,0.00463,0.0,0.154,0.519,176.069
hip-hop,0.697,0.663,-7.246,1.0,0.0701,1.04e-05,0.112,0.407,96.968
hip-hop,0.401,0.406,-7.647,1.0,0.0327,0.0,0.296,0.102,187.399
hip-hop,0.455,0.774,-7.744,0.0,0.843,0.0,0.131,0.215,142.032
hip-hop,0.557,0.471,-9.414,0.0,0.517,2.6e-06,0.112,0.26,162.904
hip-hop,0.798,0.636,-10.52,1.0,0.327,0.0,0.128,0.799,139.98
hip-hop,0.793,0.348,-8.5,0.0,0.214,0.0,0.0964,0.155,121.919
hip-hop,0.731,0.727,-6.001,0.0,0.0907,2.67e-05,0.852,0.79,176.042
hip-hop,0.806,0.93,-3.404,0.0,0.253,1.94e-05,0.106,0.666,100.016
hip-hop,0.598,0.804,-5.39,1.0,0.0576,0.0,0.252,0.322,139.737
hip-hop,0.593,0.503,-6.725,0.0,0.293,0.0,0.405,0.71,178.781
hip-hop,0.438,0.689,-5.387,1.0,0.117,7.23e-06,0.154,0.507,120.668
hip-hop,0.515,0.766,-7.291,0.0,0.46,3.27e-06,0.136,0.346,112.457
hip-hop,0.658,0.87,-5.228,0.0,0.0113,0.0,0.351,0.376,90.235
hip-hop,0.767,0.745,-6.144,1.0,0.45,0.0,0.281,0.448,97.076
hip-hop,0.679,0.687,-5.522,1.0,0.0779,0.0,0.704,0.424,127.961
hip-hop,0.734,0.531,-5.662,1.0,0.196,0.0,0.119,0.199,130.025
hip-hop,0.71,0.522,-9.102,1.0,0.615,0.0,0.11,0.37,96.448
hip-hop,0.724,0.6,-12.024,0.0,0.636,0.0,0.133,0.731,77.549
hip-hop,0.743,0.655,-5.228,0.0,0.0391,0.0,0.118,0.164,91.004
hip-hop,0.596,0.473,-9.381,0.0,0.0273,0.0,0.203,0.365,157.0
hip-hop,0.905,0.962,-3.197,1.0,0.0299,0.0,0.0272,0.906,129.969
hip-hop,0.676,0.739,-5.319,0.0,0.137,0.0,0.233,0.755,146.056
hip-hop,0.706,0.674,-5.932,1.0,0.3,0.0,0.202,0.359,83.001
hip-hop,0.687,0.854,-5.368,0.0,0.0619,0.000645,0.147,0.721,214.016
hip-hop,0.518,0.664,-5.168,0.0,0.374,0.0,0.336,0.44,83.953
hip-hop,0.494,0.786,-4.289,1.0,0.165,0.0,0.783,0.594,81.175
hip-hop,0.627,0.673,-6.539,1.0,0.337,0.0,0.0646,0.735,163.842
hip-hop,0.896,0.764,-4.271,1.0,0.174,2.36e-05,0.0677,0.601,100.516
hip-hop,0.686,0.735,-4.616,1.0,0.00921,0.00066,0.342,0.0596,171.355
hip-hop,0.512,0.695,-6.349,1.0,0.0265,0.00815,0.146,0.351,145.957
hip-hop,0.643,0.874,-3.604,1.0,0.253,0.00198,0.127,0.118,169.982
hip-hop,0.863,0.741,-4.294,0.0,0.302,0.0,0.215,0.682,105.037
hip-hop,0.693,0.956,-5.012,0.0,0.289,0.0,0.294,0.665,90.005
hip-hop,0.591,0.648,-7.556,0.0,0.449,0.0,0.382,0.423,107.978
hip-hop,0.685,0.909,-4.034,0.0,0.0471,0.0,0.35,0.922,95.004
hip-hop,0.631,0.818,-3.922,1.0,0.11,0.0,0.091,0.551,108.065
hip-hop,0.847,0.583,-8.631,1.0,0.12,0.0,0.555,0.837,83.996
hip-hop,0.834,0.788,-7.294,0.0,0.359,0.27,0.396,0.705,130.032
hip-hop,0.888,0.622,-3.875,1.0,0.16,0.0,0.101,0.664,91.977
hip-hop,0.818,0.598,-5.948,0.0,0.0573,1.32e-06,0.634,0.331,111.052
hip-hop,0.66,0.926,-3.452,0.0,0.0948,0.0,0.248,0.731,109.997
hip-hop,0.912,0.677,-4.212,1.0,0.193,0.0,0.0939,0.94,115.061
hip-hop,0.847,0.558,-5.855,0.0,0.325,0.0,0.135,0.495,98.062
hip-hop,0.823,0.603,-6.783,0.0,0.00212,4.27e-06,0.245,0.225,180.072
hip-hop,0.608,0.757,-6.945,1.0,0.259,0.00216,0.259,0.625,124.078
hip-hop,0.616,0.844,-4.674,1.0,0.124,0.0,0.255,0.785,177.916
hip-hop,0.873,0.658,-8.031,0.0,0.00858,0.0061,0.0999,0.483,104.033
hip-hop,0.771,0.905,-3.268,0.0,0.11,7.46e-06,0.656,0.858,163.978
hip-hop,0.854,0.611,-6.26,0.0,0.223,0.0,0.119,0.417,100.024
hip-hop,0.645,0.947,-7.239,0.0,0.426,2.26e-06,0.463,0.823,156.828
hip-hop,0.45,0.647,-9.067,0.0,0.26,5.8e-05,0.402,0.122,139.933
hip-hop,0.706,0.627,-2.94,0.0,0.193,0.0,0.126,0.38,158.041
hip-hop,0.796,0.572,-7.03,0.0,0.416,2.55e-05,0.0975,0.304,98.967
hip-hop,0.746,0.988,-4.565,0.0,0.29,0.00218,0.131,0.61,130.042
hip-hop,0.765,0.613,-7.276,0.0,0.0512,0.0,0.205,0.254,159.81
hip-hop,0.41,0.449,-13.323,0.0,0.576,4.59e-06,0.757,0.235,139.449
hip-hop,0.79,0.616,-7.397,0.0,0.0865,2.34e-05,0.22,0.312,92.967
hip-hop,0.588,0.443,-6.197,0.0,0.583,0.0,0.136,0.642,89.749
hip-hop,0.644,0.77,-4.807,1.0,0.0541,0.0,0.22,0.367,93.989
hip-hop,0.65,0.783,-6.197,0.0,0.22,3.71e-06,0.182,0.302,109.959
hip-hop,0.677,0.81,-6.192,0.0,0.643,3e-06,0.168,0.614,110.044
hip-hop,0.636,0.435,-7.577,1.0,0.0613,0.0,0.289,0.0831,94.025
hip-hop,0.706,0.693,-5.502,1.0,0.0123,0.0,0.346,0.838,141.794
hip-hop,0.742,0.675,-6.551,1.0,0.139,0.0,0.167,0.679,145.989
hip-hop,0.719,0.945,-4.977,1.0,0.033,7.26e-05,0.0857,0.748,109.014
hip-hop,0.447,0.6,-3.718,0.0,0.324,0.0,0.0962,0.434,80.044
hip-hop,0.617,0.298,-9.527,1.0,0.684,0.0,0.393,0.579,78.016
hip-hop,0.736,0.704,-7.409,0.0,0.0203,0.0,0.0501,0.894,149.995
hip-hop,0.764,0.776,-5.329,0.0,0.124,0.000512,0.327,0.772,119.92
hip-hop,0.79,0.892,-4.038,0.0,0.228,1.18e-06,0.206,0.896,131.991
hip-hop,0.61,0.925,-4.01,1.0,0.00804,0.767,0.131,0.442,101.992
hip-hop,0.681,0.549,-10.269,0.0,0.66,0.0,0.0936,0.549,106.652
hip-hop,0.766,0.618,-8.552,0.0,0.0187,0.000115,0.181,0.513,95.054
hip-hop,0.824,0.733,-5.474,1.0,0.0362,0.0,0.325,0.395,97.971
hip-hop,0.81,0.69,-8.257,0.0,0.0102,0.0,0.292,0.585,129.239
hip-hop,0.747,0.758,-6.289,0.0,0.0568,0.0,0.331,0.56,149.776
hip-hop,0.656,0.925,-8.13,1.0,0.00898,0.0101,0.108,0.0793,100.032
hip-hop,0.787,0.872,-2.117,1.0,0.0067,0.000193,0.136,0.696,92.025
hip-hop,0.843,0.789,-2.801,1.0,0.0028,2.41e-05,0.0322,0.571,125.071
hip-hop,0.753,0.89,-5.022,1.0,0.44,6.82e-06,0.0854,0.283,87.015
hip-hop,0.871,0.496,-9.29,1.0,0.035,2.83e-05,0.0742,0.287,93.033
hip-hop,0.557,0.821,-7.794,0.0,0.0189,0.0,0.0863,0.184,170.022
hip-hop,0.788,0.752,-3.823,1.0,0.0711,0.0,0.61,0.236,140.032
hip-hop,0.817,0.774,-4.341,0.0,0.543,1.61e-05,0.394,0.884,140.008
hip-hop,0.661,0.654,-6.084,1.0,0.363,0.000115,0.165,0.0372,85.166
hip-hop,0.712,0.473,-10.99,0.0,0.782,1.38e-06,0.229,0.489,117.963
hip-hop,0.552,0.668,-9.111,1.0,0.421,0.0117,0.159,0.152,95.032
hip-hop,0.79,0.67,-5.527,1.0,0.377,2.32e-06,0.119,0.408,139.956
hip-hop,0.696,0.854,-5.123,0.0,0.268,0.0,0.219,0.921,129.97
hip-hop,0.781,0.684,-8.303,1.0,0.011,0.0,0.0971,0.543,100.587
hip-hop,0.765,0.685,-4.727,1.0,0.024,0.0,0.0303,0.608,159.872
hip-hop,0.704,0.563,-4.739,0.0,0.594,0.0,0.133,0.0739,94.037
hip-hop,0.786,0.797,-4.063,1.0,0.233,0.0,0.0861,0.453,95.014
hip-hop,0.898,0.744,-4.524,1.0,0.000253,0.0,0.268,0.299,147.991
hip-hop,0.922,0.763,-5.948,0.0,0.261,0.0672,0.464,0.478,128.032
hip-hop,0.77,0.786,-3.909,1.0,0.189,0.0,0.129,0.837,126.764
hip-hop,0.771,0.526,-6.844,1.0,0.0804,0.0,0.663,0.182,104.036
hip-hop,0.756,0.538,-6.625,0.0,0.654,0.0,0.172,0.516,92.023
hip-hop,0.663,0.412,-8.195,0.0,0.00434,0.019,0.215,0.356,98.023
hip-hop,0.778,0.695,-6.865,0.0,0.175,0.0,0.15,0.472,149.996
hip-hop,0.533,0.757,-6.73,0.0,0.00733,0.0,0.111,0.358,169.975
hip-hop,0.791,0.586,-6.343,1.0,0.181,0.0,0.105,0.643,93.505
hip-hop,0.696,0.847,-5.627,0.0,0.344,0.0,0.171,0.68,100.017
hip-hop,0.42,0.872,-2.221,0.0,0.243,0.0,0.346,0.397,108.006
hip-hop,0.544,0.531,-6.899,0.0,0.761,0.0,0.115,0.471,79.993
hip-hop,0.868,0.572,-6.217,0.0,0.101,0.0,0.103,0.485,96.985
hip-hop,0.585,0.901,-5.785,1.0,0.479,0.0,0.248,0.62,99.929
hip-hop,0.778,0.743,-4.506,0.0,0.356,0.0,0.259,0.834,121.956
hip-hop,0.824,0.589,-4.961,0.0,0.257,0.0,0.254,0.565,88.027
hip-hop,0.74,0.648,-5.171,0.0,0.659,0.0,0.11,0.4,122.03
hip-hop,0.874,0.69,-6.373,1.0,0.121,0.0,0.249,0.735,95.025
hip-hop,0.78,0.725,-6.032,1.0,0.288,0.0,0.0851,0.431,100.92
hip-hop,0.786,0.667,-8.272,1.0,0.0112,0.053,0.074,0.688,102.046
hip-hop,0.662,0.413,-7.357,1.0,0.213,0.0,0.134,0.467,93.005
hip-hop,0.71,0.698,-6.489,0.0,0.108,0.0,0.098,0.0823,91.976
hip-hop,0.797,0.627,-7.095,0.0,0.0143,0.0,0.324,0.526,92.017
hip-hop,0.722,0.673,-4.613,0.0,0.492,0.0,0.114,0.919,140.915
hip-hop,0.703,0.609,-7.3,0.0,0.111,0.0,0.0515,0.696,89.929
hip-hop,0.751,0.739,-6.977,0.0,0.2,0.0,0.0926,0.405,95.003
hip-hop,0.769,0.832,-5.038,0.0,0.111,0.0,0.574,0.34,84.981
hip-hop,0.757,0.745,-3.085,1.0,0.395,0.0,0.308,0.598,119.8
hip-hop,0.886,0.579,-7.231,1.0,0.236,4.23e-06,0.0586,0.427,105.028
hip-hop,0.779,0.854,-4.958,1.0,0.0462,0.0,0.21,0.379,91.992
hip-hop,0.818,0.726,-6.694,0.0,0.0916,1.01e-06,0.106,0.345,92.013
hip-hop,0.649,0.947,-4.087,1.0,0.218,0.383,0.0532,0.579,164.943
hip-hop,0.745,0.599,-6.428,0.0,0.407,0.0,0.162,0.283,141.985
hip-hop,0.593,0.776,-4.343,0.0,0.216,2.94e-05,0.329,0.634,81.992
hip-hop,0.584,0.76,-6.509,1.0,0.0532,0.0,0.109,0.327,79.826
hip-hop,0.895,0.839,-4.51,1.0,0.217,2.89e-06,0.239,0.754,149.952
hip-hop,0.828,0.533,-5.779,0.0,0.214,2.8e-05,0.307,0.605,93.021
hip-hop,0.41,0.881,-3.502,1.0,0.000406,4.26e-05,0.922,0.357,165.006
hip-hop,0.638,0.842,-5.305,0.0,0.174,0.000356,0.126,0.145,169.901
hip-hop,0.964,0.555,-6.245,0.0,0.0301,0.000563,0.128,0.338,130.019
hip-hop,0.34,0.96,-5.427,1.0,0.238,4.32e-06,0.0378,0.475,150.04
hip-hop,0.659,0.345,-8.464,1.0,0.106,0.0,0.107,0.338,84.761
hip-hop,0.853,0.511,-6.451,0.0,0.188,0.0,0.223,0.795,90.171
hip-hop,0.621,0.782,-5.548,1.0,0.0125,0.033,0.23,0.55,128.033
hip-hop,0.794,0.884,-5.931,1.0,0.0634,0.0,0.319,0.716,93.064
hip-hop,0.78,0.768,-4.325,0.0,0.0371,2.34e-06,0.518,0.507,80.063
hip-hop,0.632,0.629,-7.392,1.0,0.151,0.00382,0.114,0.456,87.998
hip-hop,0.908,0.621,-6.638,0.0,0.000282,5.39e-05,0.0958,0.421,150.011
hip-hop,0.524,0.632,-7.285,0.0,0.255,0.0,0.277,0.416,169.989
hip-hop,0.626,0.769,-5.296,0.0,0.00291,0.0,0.0598,0.237,127.949
hip-hop,0.929,0.667,-6.789,0.0,0.0185,0.0,0.1,0.274,126.998
hip-hop,0.459,0.563,-6.369,0.0,0.39,1.98e-06,0.107,0.0961,101.996
hip-hop,0.921,0.537,-5.723,0.0,0.556,0.00404,0.102,0.711,128.009
hip-hop,0.726,0.769,-5.043,1.0,0.0293,0.0101,0.104,0.733,97.985
hip-hop,0.468,0.742,-8.229,0.0,0.333,1.39e-05,0.0825,0.372,147.014
hip-hop,0.919,0.622,-7.384,1.0,0.23,4.24e-06,0.122,0.423,140.022
hip-hop,0.8,0.771,-6.638,0.0,0.0531,0.0,0.229,0.886,118.991
hip-hop,0.721,0.687,-5.189,1.0,0.00957,0.0041,0.0462,0.619,128.013
hip-hop,0.825,0.414,-6.634,1.0,0.00265,0.0,0.357,0.106,72.993
hip-hop,0.875,0.555,-5.871,1.0,0.179,0.0,0.124,0.59,99.997
hip-hop,0.735,0.906,-3.658,0.0,0.0342,0.0,0.292,0.71,92.023
hip-hop,0.711,0.346,-10.162,1.0,0.766,0.0,0.212,0.771,91.993
hip-hop,0.648,0.52,-8.543,1.0,0.674,0.00129,0.0821,0.492,102.975
hip-hop,0.651,0.827,-5.108,0.0,0.00162,0.0902,0.0803,0.851,114.918
hip-hop,0.554,0.509,-9.429,1.0,0.149,1.86e-05,0.094,0.718,199.874
hip-hop,0.731,0.694,-4.314,0.0,0.721,0.0,0.154,0.656,62.995
hip-hop,0.773,0.422,-4.572,0.0,0.00783,0.00693,0.129,0.488,77.502
hip-hop,0.643,0.952,-4.15,1.0,0.276,0.49,0.0588,0.585,164.784
hip-hop,0.726,0.654,-3.932,0.0,0.436,0.0,0.156,0.388,149.872
hip-hop,0.718,0.58,-5.149,0.0,0.602,0.0,0.196,0.31,97.979
hip-hop,0.488,0.585,-4.39,0.0,0.664,0.0,0.386,0.399,143.96
hip-hop,0.537,0.768,-4.412,0.0,0.139,0.0,0.108,0.508,171.997
hip-hop,0.892,0.848,-4.818,1.0,0.242,0.013,0.0992,0.523,105.013
hip-hop,0.832,0.477,-6.949,1.0,0.00725,6.47e-05,0.205,0.844,101.997
hip-hop,0.589,0.731,-6.343,1.0,0.0534,0.0,0.308,0.191,87.908
hip-hop,0.84,0.837,-6.18,0.0,0.229,0.0,0.105,0.881,141.999
hip-hop,0.733,0.812,-3.505,0.0,0.0872,0.0,0.136,0.535,167.995
hip-hop,0.679,0.724,-5.217,1.0,0.121,0.79,0.164,0.0764,137.942
hip-hop,0.684,0.489,-8.625,1.0,0.639,0.0,0.105,0.375,87.104
hip-hop,0.763,0.735,-3.9,0.0,0.154,0.0,0.391,0.532,89.967
hip-hop,0.811,0.844,-4.395,1.0,0.31,0.0,0.731,0.889,93.48
hip-hop,0.329,0.408,-10.672,1.0,0.575,0.0,0.115,0.408,182.961
hip-hop,0.706,0.913,-3.284,0.0,0.115,0.0,0.256,0.712,149.886
hip-hop,0.594,0.568,-7.268,1.0,0.147,4.01e-05,0.339,0.407,132.348
hip-hop,0.817,0.475,-5.627,0.0,0.356,8.85e-06,0.26,0.736,121.05
hip-hop,0.804,0.902,-3.067,0.0,0.265,0.000413,0.0651,0.72,155.98
hip-hop,0.509,0.791,-6.222,1.0,0.216,0.0,0.0576,0.798,114.604
hip-hop,0.69,0.745,-8.848,1.0,0.167,0.0,0.184,0.666,155.992
hip-hop,0.576,0.889,-3.211,0.0,0.185,0.0,0.71,0.623,175.969
hip-hop,0.744,0.871,-5.123,1.0,0.145,0.000498,0.0752,0.902,172.03
hip-hop,0.658,0.815,-5.898,1.0,0.00132,0.0106,0.178,0.559,179.993
hip-hop,0.609,0.639,-4.662,0.0,0.357,0.0,0.239,0.211,91.249
hip-hop,0.731,0.73,-6.302,1.0,0.411,0.0,0.052,0.503,79.999
hip-hop,0.716,0.934,-2.431,1.0,0.0561,7.33e-06,0.147,0.749,99.983
hip-hop,0.368,0.571,-7.475,0.0,0.557,0.0,0.889,0.286,99.916
hip-hop,0.832,0.522,-7.244,1.0,0.012,0.079,0.377,0.253,150.044
hip-hop,0.664,0.834,-3.761,0.0,0.0326,0.0,0.273,0.47,86.025
hip-hop,0.827,0.737,-5.473,0.0,0.0316,0.000322,0.211,0.873,121.99
hip-hop,0.679,0.77,-3.537,1.0,0.0583,0.0,0.0825,0.839,161.721
hip-hop,0.771,0.72,-11.742,1.0,0.203,0.0011,0.335,0.492,94.968
hip-hop,0.753,0.758,-7.845,0.0,0.0901,0.0,0.0717,0.794,92.063
hip-hop,0.877,0.607,-6.736,1.0,0.00181,1.69e-05,0.107,0.131,100.995
hip-hop,0.692,0.624,-6.492,0.0,0.368,0.0,0.108,0.487,132.896
hip-hop,0.659,0.712,-5.585,0.0,0.584,0.0,0.201,0.883,143.792
hip-hop,0.904,0.723,-5.224,0.0,0.0631,0.0,0.185,0.835,145.013
hip-hop,0.734,0.805,-2.848,0.0,0.246,0.0,0.108,0.71,171.899
hip-hop,0.783,0.607,-7.268,0.0,0.091,0.0,0.0986,0.862,92.109
hip-hop,0.488,0.572,-7.29,0.0,0.138,0.000235,0.27,0.415,132.45
hip-hop,0.753,0.831,-4.702,0.0,0.148,2.32e-05,0.0902,0.684,180.054
hip-hop,0.901,0.352,-10.038,1.0,0.585,0.0,0.122,0.199,111.065
hip-hop,0.732,0.635,-7.891,1.0,0.493,7.02e-06,0.388,0.581,147.025
hip-hop,0.575,0.895,-3.417,0.0,0.0521,0.00142,0.104,0.648,102.02
hip-hop,0.635,0.731,-5.703,1.0,0.163,7.61e-06,0.0874,0.611,187.997
hip-hop,0.816,0.781,-4.237,0.0,0.692,0.00928,0.0835,0.937,99.95
hip-hop,0.723,0.831,-6.685,1.0,0.543,0.0,0.0755,0.839,143.885
hip-hop,0.762,0.964,-2.981,1.0,0.353,0.00278,0.489,0.846,140.034
hip-hop,0.708,0.893,-2.002,0.0,0.0188,5.47e-05,0.471,0.753,100.031
hip-hop,0.821,0.636,-4.479,1.0,0.142,0.0,0.233,0.163,127.961
hip-hop,0.754,0.914,-1.999,0.0,0.424,2.62e-05,0.116,0.865,136.032
hip-hop,0.817,0.715,-5.13,1.0,0.183,0.0,0.214,0.398,100.002
hip-hop,0.846,0.573,-6.005,0.0,0.0437,0.0,0.0856,0.553,134.144
hip-hop,0.771,0.69,-7.379,1.0,0.0267,5.09e-06,0.0647,0.423,165.951
hip-hop,0.722,0.655,-6.425,1.0,0.0525,0.0,0.115,0.532,95.022
hip-hop,0.814,0.786,-5.178,0.0,0.069,0.0,0.0976,0.797,93.025
hip-hop,0.816,0.922,-2.963,0.0,0.178,0.0,0.373,0.887,95.006
hip-hop,0.724,0.728,-4.146,0.0,0.0459,5.84e-06,0.122,0.47,172.059
hip-hop,0.786,0.797,-4.063,1.0,0.233,0.0,0.0861,0.454,95.014
hip-hop,0.809,0.873,-2.455,0.0,0.00612,9.07e-06,0.0732,0.34,100.013
hip-hop,0.682,0.919,-3.18,0.0,0.256,0.0,0.443,0.535,95.983
hip-hop,0.47,0.513,-10.076,0.0,0.373,6.5e-06,0.123,0.477,95.015
hip-hop,0.68,0.698,-5.93,0.0,0.172,0.0,0.15,0.501,167.831
hip-hop,0.904,0.767,-1.909,1.0,0.0457,9.17e-06,0.072,0.656,87.989
hip-hop,0.837,0.691,-4.982,1.0,0.0207,0.00361,0.198,0.648,140.047
hip-hop,0.621,0.705,-5.604,0.0,0.195,4.19e-06,0.292,0.437,85.036
hip-hop,0.79,0.848,-7.798,1.0,0.364,0.00147,0.148,0.641,127.034
hip-hop,0.695,0.727,-2.289,1.0,0.221,0.0,0.0911,0.616,80.246
hip-hop,0.639,0.943,-3.542,1.0,0.0462,0.0,0.141,0.639,198.051
hip-hop,0.354,0.712,-6.109,0.0,0.358,4.19e-05,0.274,0.238,93.345
hip-hop,0.778,0.648,-4.722,0.0,0.238,0.0,0.278,0.678,155.836
hip-hop,0.745,0.549,-5.137,1.0,0.337,0.0,0.152,0.788,77.892
hip-hop,0.61,0.508,-6.682,0.0,0.297,0.0,0.384,0.758,178.818
hip-hop,0.591,0.764,-5.484,1.0,0.0383,0.0,0.103,0.478,169.928
hip-hop,0.64,0.813,-5.735,1.0,0.0418,0.0,0.801,0.553,91.834
hip-hop,0.775,0.736,-8.072,0.0,0.319,0.00116,0.127,0.362,100.988
hip-hop,0.788,0.894,-2.661,0.0,0.339,0.000253,0.0649,0.588,89.945
hip-hop,0.788,0.605,-5.586,1.0,0.00899,0.00275,0.318,0.427,103.94
hip-hop,0.819,0.897,-3.633,0.0,0.117,4.72e-06,0.311,0.805,116.019
hip-hop,0.59,0.822,-5.265,0.0,0.236,0.0,0.678,0.438,150.0
hip-hop,0.756,0.903,-2.088,0.0,0.232,0.0,0.0548,0.729,99.995
hip-hop,0.635,0.823,-5.437,0.0,0.0261,0.0,0.0481,0.457,151.047
hip-hop,0.486,0.494,-8.56,1.0,0.715,0.0,0.109,0.414,179.975
hip-hop,0.949,0.661,-4.244,0.0,0.0302,0.0,0.0454,0.76,104.504
hip-hop,0.942,0.566,-4.834,1.0,0.0773,0.0,0.11,0.479,132.858
hip-hop,0.863,0.387,-10.057,0.0,0.365,0.00238,0.06,0.39,100.013
hip-hop,0.816,0.775,-3.323,1.0,0.16,0.00031,0.0543,0.527,93.431
hip-hop,0.741,0.691,-7.395,0.0,0.0221,0.0,0.0476,0.892,150.087
hip-hop,0.578,0.556,-7.919,0.0,0.726,0.0012,0.171,0.116,129.303
hip-hop,0.648,0.45,-9.57,0.0,0.134,7.31e-05,0.137,0.472,99.932
hip-hop,0.705,0.852,-4.552,0.0,0.226,0.000626,0.14,0.671,185.964
hip-hop,0.709,0.716,-4.644,1.0,0.129,0.0,0.243,0.608,139.961
hip-hop,0.869,0.826,-4.186,1.0,0.211,0.0,0.0696,0.503,110.05
hip-hop,0.709,0.956,-4.695,1.0,0.622,1.1e-06,0.0982,0.664,94.945
hip-hop,0.705,0.678,-8.644,0.0,0.0483,7.01e-05,0.496,0.691,120.042
hip-hop,0.483,0.65,-6.752,0.0,0.573,2.97e-05,0.228,0.637,94.988
hip-hop,0.779,0.331,-10.115,1.0,0.411,0.00577,0.11,0.182,96.012
hip-hop,0.78,0.712,-3.624,0.0,0.155,0.0,0.334,0.0757,135.009
hip-hop,0.718,0.489,-7.406,1.0,0.0287,9.39e-06,0.058,0.582,173.915
hip-hop,0.71,0.772,-4.496,0.0,0.203,0.0,0.853,0.789,149.829
hip-hop,0.544,0.501,-7.152,0.0,0.455,0.0,0.108,0.517,97.922
hip-hop,0.708,0.637,-6.327,1.0,0.107,3.09e-06,0.102,0.187,149.98
hip-hop,0.843,0.768,-4.554,0.0,0.256,0.0,0.614,0.662,139.998
hip-hop,0.748,0.472,-9.266,0.0,0.596,1.1e-05,0.102,0.364,149.97
hip-hop,0.658,0.539,-7.043,1.0,0.857,1.45e-06,0.0999,0.461,80.088
hip-hop,0.64,0.86,-4.481,1.0,0.302,0.468,0.109,0.516,96.996
hip-hop,0.792,0.703,-4.343,1.0,0.195,0.0,0.072,0.634,105.995
hip-hop,0.699,0.304,-11.192,1.0,0.779,0.000993,0.137,0.271,119.705
hip-hop,0.783,0.84,-3.416,1.0,0.174,0.0,0.412,0.838,95.002
hip-hop,0.763,0.726,-6.405,1.0,0.259,0.0,0.0976,0.349,139.059
hip-hop,0.908,0.314,-9.614,1.0,0.0424,4.15e-05,0.0727,0.244,97.011
hip-hop,0.449,0.802,-5.55,0.0,0.22,0.0,0.0654,0.741,86.086
hip-hop,0.554,0.524,-7.248,0.0,0.325,0.0,0.0964,0.253,141.932
hip-hop,0.747,0.86,-4.071,0.0,0.301,0.0383,0.0743,0.625,90.445
hip-hop,0.762,0.649,-5.624,0.0,0.58,1.7e-05,0.0971,0.501,145.09
hip-hop,0.418,0.931,-4.584,1.0,0.0028,7.71e-05,0.332,0.707,129.994
hip-hop,0.819,0.645,-6.707,0.0,0.232,0.000863,0.178,0.724,94.998
hip-hop,0.721,0.65,-5.426,0.0,0.0361,0.0,0.358,0.502,156.008
hip-hop,0.549,0.751,-4.398,0.0,0.637,0.0,0.113,0.164,138.504
hip-hop,0.665,0.572,-9.611,0.0,0.37,0.0,0.282,0.634,146.9
hip-hop,0.537,0.712,-5.342,0.0,0.131,0.0,0.174,0.432,94.196
hip-hop,0.543,0.44,-8.595,1.0,0.795,0.0,0.224,0.726,125.53
hip-hop,0.569,0.459,-6.354,0.0,0.0648,0.0,0.168,0.0649,107.253
hip-hop,0.639,0.594,-6.497,1.0,0.131,0.0,0.119,0.378,80.034
hip-hop,0.761,0.532,-10.179,0.0,0.739,2.33e-06,0.306,0.932,80.004
hip-hop,0.443,0.668,-12.031,1.0,0.693,0.000443,0.0579,0.512,98.072
hip-hop,0.768,0.487,-8.936,0.0,0.24,0.0,0.175,0.722,137.034
hip-hop,0.857,0.8,-8.476,1.0,0.228,0.00517,0.298,0.488,106.566
hip-hop,0.685,0.841,-2.932,0.0,0.118,0.0,0.26,0.59,97.929
hip-hop,0.574,0.496,-7.153,0.0,0.431,0.0,0.399,0.61,109.935
hip-hop,0.73,0.939,-4.665,0.0,0.0347,0.0,0.335,0.939,121.001
hip-hop,0.619,0.429,-7.867,1.0,0.738,1.35e-05,0.136,0.545,90.058
hip-hop,0.688,0.841,-3.885,1.0,0.242,1.02e-06,0.134,0.748,183.539
hip-hop,0.828,0.642,-8.459,0.0,0.227,7.51e-06,0.275,0.726,158.028
hip-hop,0.69,0.48,-7.503,1.0,0.369,0.0,0.0649,0.286,80.025
hip-hop,0.816,0.754,-5.922,1.0,0.163,0.00199,0.105,0.703,92.023
hip-hop,0.401,0.488,-8.417,1.0,0.6,0.0,0.124,0.455,149.951
hip-hop,0.756,0.816,-1.418,0.0,0.3,0.0,0.172,0.899,100.04
hip-hop,0.711,0.731,-6.651,1.0,0.233,0.0,0.178,0.474,130.0
hip-hop,0.842,0.685,-8.08,1.0,0.0473,0.0,0.119,0.499,99.981
hip-hop,0.536,0.438,-12.894,1.0,0.119,0.0,0.129,0.127,144.626
hip-hop,0.737,0.613,-7.304,0.0,0.316,1.26e-06,0.343,0.493,170.14
hip-hop,0.718,0.655,-6.419,0.0,0.187,0.0,0.498,0.569,100.012
hip-hop,0.732,0.671,-5.037,0.0,0.00323,0.0,0.108,0.328,124.957
hip-hop,0.716,0.542,-6.195,1.0,0.358,0.0,0.106,0.571,77.502
hip-hop,0.572,0.533,-5.062,0.0,0.347,0.0,0.0794,0.441,155.69
hip-hop,0.779,0.693,-6.033,0.0,0.0832,0.0,0.0874,0.469,150.019
hip-hop,0.711,0.839,-6.288,1.0,0.0472,0.0,0.0806,0.932,179.936
hip-hop,0.727,0.791,-4.47,1.0,0.444,0.0,0.131,0.711,74.994
hip-hop,0.878,0.723,-6.66,0.0,0.145,0.0,0.708,0.534,119.04
hip-hop,0.822,0.744,-6.096,1.0,0.173,7.03e-05,0.0692,0.747,94.04
hip-hop,0.746,0.637,-5.816,0.0,0.00155,0.0,0.404,0.32,89.986
hip-hop,0.683,0.8,-4.874,0.0,0.431,0.0,0.357,0.748,172.024
hip-hop,0.457,0.542,-7.645,1.0,0.408,0.0,0.127,0.652,109.973
hip-hop,0.707,0.941,-2.606,0.0,0.0173,3.65e-05,0.134,0.337,99.013
hip-hop,0.719,0.861,-4.042,0.0,0.0881,0.00109,0.126,0.814,120.035
hip-hop,0.872,0.391,-9.144,0.0,0.469,4.13e-06,0.297,0.437,134.021
hip-hop,0.703,0.834,-5.491,1.0,0.0396,1.32e-06,0.178,0.537,127.944
hip-hop,0.918,0.362,-9.943,1.0,0.116,0.0,0.263,0.744,120.007
hip-hop,0.715,0.622,-3.046,0.0,0.11,0.0,0.123,0.407,158.088
hip-hop,0.653,0.725,-8.464,1.0,0.091,0.000426,0.251,0.349,125.956
hip-hop,0.734,0.57,-7.066,0.0,0.847,2.14e-05,0.112,0.689,129.953
hip-hop,0.833,0.664,-5.358,0.0,0.0537,0.0,0.0637,0.334,90.052
hip-hop,0.829,0.811,-5.693,1.0,0.321,0.0,0.056,0.919,130.034
hip-hop,0.794,0.862,-3.965,0.0,0.246,0.0,0.337,0.852,90.049
hip-hop,0.662,0.661,-5.689,1.0,0.417,0.0,0.0784,0.222,80.009
hip-hop,0.632,0.761,-5.958,0.0,0.173,0.579,0.113,0.0679,90.006
hip-hop,0.703,0.781,-6.876,0.0,0.194,0.000368,0.0928,0.679,94.014
hip-hop,0.82,0.785,-4.003,0.0,0.59,1.79e-05,0.372,0.894,140.013
hip-hop,0.633,0.776,-3.839,0.0,0.296,0.0,0.225,0.889,107.636
hip-hop,0.529,0.673,-4.711,1.0,0.000307,2.41e-06,0.093,0.366,165.921
hip-hop,0.95,0.891,-2.653,1.0,0.0645,1.77e-05,0.309,0.912,133.01
hip-hop,0.581,0.56,-7.932,0.0,0.835,0.0,0.372,0.445,102.935
hip-hop,0.617,0.649,-3.796,0.0,0.422,1.3e-06,0.244,0.487,85.018
hip-hop,0.709,0.829,-5.817,1.0,0.0698,0.0,0.561,0.654,137.954
hip-hop,0.692,0.746,-8.926,1.0,0.565,0.535,0.572,0.917,135.992
hip-hop,0.646,0.812,-6.861,1.0,0.237,0.0,0.777,0.829,104.232
hip-hop,0.821,0.69,-4.981,1.0,0.0202,0.00398,0.199,0.648,140.171
hip-hop,0.816,0.456,-8.281,0.0,0.529,0.0,0.189,0.534,95.992
hiphop,0.827,0.635,-6.77,0.0,0.278,0.000119,0.109,0.766,88.87
hiphop,0.885,0.414,-10.539,1.0,0.341,0.000289,0.0891,0.683,92.727
hiphop,0.358,0.889,-8.045,1.0,0.266,1.46e-05,0.172,0.666,85.61
hiphop,0.849,0.521,-12.999,0.0,0.304,1.65e-06,0.115,0.763,95.265
hiphop,0.825,0.575,-4.87,1.0,0.025,9.94e-06,0.205,0.65,153.954
hiphop,0.591,0.911,-4.853,0.0,0.0677,0.0,0.299,0.886,93.239
hiphop,0.301,0.497,-9.603,1.0,0.32,0.0,0.164,0.114,183.424
hiphop,0.884,0.807,-6.781,0.0,0.0607,0.00301,0.0949,0.357,92.972
hiphop,0.788,0.824,-5.718,1.0,0.0446,0.0,0.0951,0.703,172.986
hiphop,0.591,0.889,-3.839,1.0,0.0189,0.0,0.155,0.65,143.067
hiphop,0.824,0.705,-8.348,0.0,0.0215,1.32e-05,0.0479,0.709,89.7
hiphop,0.861,0.637,-7.701,0.0,0.392,0.0,0.0929,0.754,87.006
hiphop,0.569,0.74,-6.235,1.0,0.251,2.68e-06,0.134,0.721,180.559
hiphop,0.808,0.516,-8.101,1.0,0.268,4.6e-05,0.122,0.65,96.035
hiphop,0.706,0.888,-6.959,1.0,0.119,9.64e-05,0.07,0.714,121.549
hiphop,0.752,0.818,-6.265,1.0,0.0873,0.00165,0.112,0.431,142.363
hiphop,0.852,0.764,-5.315,0.0,0.362,2.39e-06,0.133,0.853,97.998
hiphop,0.919,0.515,-14.289,0.0,0.0751,0.0,0.0556,0.91,102.841
hiphop,0.893,0.624,-7.337,0.0,0.141,0.0,0.388,0.811,90.116
hiphop,0.91,0.444,-8.126,0.0,0.022,0.0,0.137,0.53,149.953
hiphop,0.585,0.662,-5.861,0.0,0.000492,3.08e-05,0.0794,0.931,93.674
hiphop,0.682,0.559,-5.545,1.0,0.174,0.0,0.344,0.137,202.015
hiphop,0.756,0.577,-7.127,1.0,0.00277,0.0,0.309,0.685,92.036
hiphop,0.779,0.487,-8.642,1.0,0.28,0.0,0.166,0.0915,127.049
hiphop,0.732,0.69,-4.992,0.0,0.291,0.0,0.116,0.758,143.072
hiphop,0.884,0.334,-18.943,0.0,0.0476,0.0588,0.107,0.571,98.315
hiphop,0.682,0.647,-7.332,1.0,0.000693,5.97e-06,0.0693,0.529,181.86
hiphop,0.853,0.884,-6.771,1.0,0.0394,6.83e-06,0.0313,0.668,124.542
hiphop,0.813,0.693,-8.0,0.0,0.0341,0.0,0.121,0.618,103.508
hiphop,0.729,0.557,-11.264,1.0,0.651,0.000123,0.262,0.897,92.814
hiphop,0.768,0.968,-2.798,1.0,0.0974,0.0,0.139,0.676,99.847
hiphop,0.704,0.707,-6.537,0.0,0.539,0.00106,0.318,0.761,93.145
hiphop,0.707,0.683,-8.728,1.0,0.184,0.00108,0.108,0.567,116.009
hiphop,0.652,0.671,-5.376,0.0,0.00402,2.89e-05,0.598,0.518,159.963
hiphop,0.8,0.832,-5.497,1.0,0.087,0.0,0.322,0.736,106.983
hiphop,0.814,0.481,-5.183,1.0,0.097,3.83e-05,0.0495,0.193,96.252
hiphop,0.797,0.563,-14.138,0.0,0.119,0.323,0.0969,0.687,108.369
hiphop,0.71,0.881,-6.648,0.0,0.00908,0.0,0.162,0.809,160.011
hiphop,0.908,0.763,-5.739,1.0,0.0395,0.0,0.0646,0.593,97.106
hiphop,0.88,0.458,-12.636,1.0,0.308,3.56e-05,0.107,0.287,98.033
hiphop,0.358,0.596,-11.906,0.0,0.147,0.0,0.212,0.484,178.008
hiphop,0.693,0.549,-8.141,1.0,0.0109,0.0,0.0677,0.605,80.028
hiphop,0.655,0.794,-6.113,0.0,0.0935,3.57e-05,0.383,0.608,172.106
hiphop,0.732,0.572,-6.157,1.0,0.00117,0.0,0.378,0.239,128.05
hiphop,0.618,0.836,-5.073,1.0,0.269,0.0,0.129,0.563,157.507
hiphop,0.491,0.956,-1.538,1.0,0.0295,0.0,0.46,0.811,173.585
hiphop,0.886,0.512,-11.825,0.0,0.207,0.0,0.0991,0.454,93.997
hiphop,0.731,0.499,-13.619,0.0,0.0527,0.0015,0.0362,0.47,202.675
hiphop,0.861,0.573,-10.184,1.0,0.0122,0.00455,0.0891,0.448,99.036
hiphop,0.653,0.91,-3.797,1.0,0.114,0.0,0.111,0.818,91.102
hiphop,0.815,0.781,-6.089,1.0,0.0354,0.0,0.159,0.962,140.082
hiphop,0.838,0.765,-6.299,1.0,0.0283,1.5e-05,0.0779,0.635,137.767
hiphop,0.758,0.642,-8.128,0.0,0.0753,0.0,0.191,0.7,142.076
hiphop,0.822,0.673,-6.141,0.0,0.144,0.0,0.323,0.85,120.02
hiphop,0.702,0.619,-8.332,0.0,0.0895,0.0,0.101,0.509,168.926
hiphop,0.764,0.648,-6.639,1.0,0.0563,0.0,0.414,0.391,90.1
hiphop,0.801,0.463,-8.141,0.0,0.0406,0.000749,0.101,0.465,84.603
hiphop,0.731,0.807,-6.492,0.0,0.181,0.751,0.319,0.765,114.759
hiphop,0.917,0.692,-11.665,1.0,0.185,1.09e-05,0.0686,0.819,111.782
hiphop,0.697,0.761,-7.647,0.0,0.157,0.0,0.789,0.666,81.728
hiphop,0.836,0.588,-13.478,1.0,0.0372,0.0,0.0506,0.722,102.93
hiphop,0.689,0.735,-7.26,0.0,0.463,0.0,0.103,0.736,117.171
hiphop,0.894,0.53,-9.995,0.0,0.121,0.012,0.353,0.627,95.864
hiphop,0.775,0.451,-9.164,1.0,0.296,6.31e-06,0.123,0.559,92.986
hiphop,0.837,0.658,-8.013,0.0,0.000213,0.122,0.243,0.586,95.027
hiphop,0.813,0.687,-10.178,1.0,0.0558,0.0,0.113,0.732,103.196
hiphop,0.877,0.534,-6.178,1.0,0.0339,1.67e-05,0.0441,0.89,108.17
hiphop,0.437,0.687,-9.171,1.0,0.125,0.000391,0.205,0.371,106.041
hiphop,0.693,0.648,-8.465,0.0,0.00958,3.23e-05,0.846,0.815,88.005
hiphop,0.97,0.463,-7.259,1.0,0.0957,0.0,0.151,0.46,108.003
hiphop,0.823,0.745,-6.637,0.0,0.00282,0.000332,0.323,0.58,91.919
hiphop,0.691,0.673,-4.004,1.0,0.0414,0.0,0.196,0.211,157.983
hiphop,0.841,0.802,-6.236,0.0,0.112,8.63e-06,0.528,0.7,112.669
hiphop,0.807,0.625,-6.57,0.0,0.585,6.47e-06,0.11,0.756,94.064
hiphop,0.771,0.513,-3.569,0.0,0.0446,0.0,0.0664,0.652,87.021
hiphop,0.916,0.519,-12.409,0.0,0.293,0.0,0.379,0.761,125.137
hiphop,0.725,0.823,-4.679,0.0,0.0647,0.0,0.326,0.561,85.821
hiphop,0.696,0.636,-6.915,0.0,0.158,1.28e-05,0.338,0.358,81.593
hiphop,0.785,0.793,-7.915,1.0,0.22,0.718,0.124,0.655,88.902
hiphop,0.783,0.633,-6.983,0.0,0.0969,0.000994,0.154,0.913,100.428
hiphop,0.889,0.594,-6.593,0.0,0.563,0.0,0.175,0.758,119.984
hiphop,0.813,0.544,-9.816,1.0,0.224,0.0,0.134,0.699,146.073
hiphop,0.514,0.961,-3.726,0.0,0.178,1.64e-06,0.146,0.686,87.211
hiphop,0.502,0.786,-4.378,0.0,0.255,0.0,0.65,0.739,169.021
hiphop,0.835,0.456,-10.195,0.0,0.38,0.00359,0.16,0.224,101.889
hiphop,0.605,0.602,-6.837,0.0,0.177,0.0,0.405,0.829,82.261
hiphop,0.671,0.705,-12.515,0.0,0.34,0.000839,0.105,0.784,97.18
hiphop,0.772,0.413,-8.193,0.0,0.0361,0.0,0.111,0.211,131.965
hiphop,0.763,0.505,-13.669,0.0,0.179,0.00107,0.0497,0.96,105.632
hiphop,0.831,0.721,-12.387,0.0,0.0221,0.00232,0.0943,0.734,89.935
hiphop,0.773,0.622,-9.249,1.0,0.00447,0.0,0.287,0.474,81.194
hiphop,0.645,0.916,-5.603,0.0,0.00199,0.0,0.155,0.738,96.817
hiphop,0.902,0.534,-13.823,0.0,0.0171,0.0,0.0665,0.657,90.367
hiphop,0.814,0.672,-9.176,0.0,0.00378,0.0,0.077,0.648,91.689
hiphop,0.687,0.793,-4.254,1.0,0.0603,0.0,0.582,0.751,107.045
hiphop,0.729,0.705,-7.27,0.0,0.227,0.0,0.109,0.626,91.582
hiphop,0.745,0.547,-7.409,0.0,0.00958,2.91e-05,0.0844,0.858,177.398
hiphop,0.676,0.811,-9.647,1.0,0.026,1.28e-05,0.28,0.942,156.636
hiphop,0.774,0.485,-10.955,1.0,0.00557,2.31e-06,0.107,0.392,156.001
hiphop,0.66,0.816,-7.465,1.0,0.0953,8.64e-05,0.155,0.722,88.32
hiphop,0.591,0.513,-11.151,0.0,0.0285,0.782,0.208,0.263,172.208
hiphop,0.856,0.419,-12.526,1.0,0.213,0.0,0.234,0.42,90.385
hiphop,0.717,0.386,-7.052,0.0,0.0554,5.16e-06,0.0353,0.863,205.006
hiphop,0.716,0.58,-12.747,0.0,0.0694,6.71e-06,0.906,0.707,99.077
hiphop,0.761,0.727,-12.655,1.0,0.0362,0.00498,0.0461,0.739,103.013
hiphop,0.924,0.75,-6.582,1.0,0.007,0.000198,0.0638,0.672,99.034
hiphop,0.674,0.608,-6.628,0.0,0.0119,0.0,0.103,0.464,124.952
hiphop,0.889,0.713,-4.845,1.0,0.0181,0.0,0.0715,0.436,102.028
hiphop,0.512,0.598,-4.959,0.0,0.611,0.0,0.0881,0.345,70.189
hiphop,0.707,0.689,-7.097,0.0,0.0255,0.0,0.383,0.41,119.987
hiphop,0.482,0.562,-13.15,0.0,0.0649,0.853,0.31,0.516,83.981
hiphop,0.867,0.646,-4.674,0.0,0.303,0.0,0.279,0.67,88.634
hiphop,0.846,0.48,-8.618,0.0,0.269,0.0,0.0989,0.419,143.029
hiphop,0.636,0.61,-9.665,1.0,0.25,0.000121,0.113,0.296,125.227
hiphop,0.663,0.643,-8.132,0.0,0.529,7.55e-05,0.119,0.279,137.841
hiphop,0.699,0.909,-6.72,0.0,0.13,0.000195,0.34,0.691,171.877
hiphop,0.598,0.774,-7.727,0.0,0.657,4.44e-05,0.575,0.752,92.286
hiphop,0.563,0.885,-3.183,1.0,0.12,1.19e-05,0.441,0.364,88.586
hiphop,0.705,0.479,-9.217,0.0,0.499,0.000425,0.114,0.431,80.009
hiphop,0.755,0.751,-7.631,1.0,0.00654,0.0,0.0582,0.381,93.058
hiphop,0.773,0.728,-5.364,1.0,0.0617,0.0,0.281,0.642,205.66
hiphop,0.521,0.625,-7.47,1.0,0.0301,0.0,0.121,0.136,101.019
hiphop,0.691,0.64,-6.441,1.0,0.511,0.0,0.409,0.163,138.672
hiphop,0.596,0.815,-5.668,0.0,0.0111,0.0,0.174,0.459,165.015
hiphop,0.709,0.589,-7.776,0.0,0.0507,0.0,0.0585,0.58,133.922
hiphop,0.585,0.597,-7.499,1.0,0.339,0.0404,0.195,0.227,100.051
hiphop,0.914,0.461,-9.759,0.0,0.119,1.24e-06,0.163,0.746,100.059
hiphop,0.628,0.618,-8.4,0.0,0.0113,0.0,0.109,0.362,110.007
hiphop,0.69,0.672,-9.38,0.0,0.0395,1.71e-06,0.802,0.736,96.332
hiphop,0.878,0.635,-5.811,0.0,0.0289,0.0,0.276,0.331,135.035
hiphop,0.768,0.456,-8.676,1.0,0.0691,0.0,0.162,0.39,77.582
hiphop,0.596,0.661,-6.239,0.0,0.31,0.0,0.0847,0.86,129.491
hiphop,0.933,0.561,-5.961,1.0,0.0275,0.0,0.102,0.586,139.976
hiphop,0.75,0.465,-7.343,0.0,0.45,0.000561,0.107,0.762,90.071
hiphop,0.863,0.717,-3.143,0.0,0.278,0.0826,0.0991,0.357,152.05
hiphop,0.682,0.483,-7.718,1.0,0.00103,0.0,0.159,0.108,84.012
hiphop,0.513,0.826,-3.651,0.0,0.106,0.0,0.0675,0.889,76.91
hiphop,0.673,0.614,-5.426,1.0,0.0782,0.0,0.139,0.362,176.052
hiphop,0.814,0.568,-7.482,1.0,0.0256,0.0,0.575,0.56,97.977
hiphop,0.927,0.678,-5.41,0.0,0.0471,0.0,0.0479,0.374,101.18
hiphop,0.618,0.688,-5.867,0.0,0.409,6.32e-06,0.3,0.561,78.311
hiphop,0.798,0.574,-6.548,1.0,0.024,0.0,0.122,0.309,155.964
hiphop,0.815,0.364,-11.834,0.0,0.14,0.0255,0.121,0.723,84.898
hiphop,0.61,0.458,-11.336,1.0,0.696,0.000103,0.0852,0.246,192.099
hiphop,0.484,0.852,-4.442,0.0,0.0317,0.0,0.0547,0.766,103.578
hiphop,0.846,0.326,-13.909,1.0,0.0134,3.97e-05,0.28,0.367,88.988
hiphop,0.889,0.496,-6.365,0.0,0.259,0.0,0.252,0.544,86.003
hiphop,0.901,0.697,-3.439,1.0,0.145,0.0,0.287,0.67,93.941
hiphop,0.559,0.733,-5.659,0.0,0.314,0.0,0.284,0.611,145.115
hiphop,0.926,0.512,-6.179,1.0,0.407,0.0,0.031,0.749,100.037
hiphop,0.738,0.778,-9.035,0.0,0.0458,0.0,0.13,0.893,89.599
hiphop,0.83,0.797,-6.627,1.0,0.00257,0.0,0.272,0.886,90.229
hiphop,0.718,0.663,-5.154,1.0,0.013,0.0,0.0631,0.488,95.728
hiphop,0.776,0.735,-14.78,0.0,0.0532,0.00687,0.286,0.619,110.105
hiphop,0.866,0.534,-9.201,1.0,0.184,0.266,0.0929,0.841,98.243
hiphop,0.607,0.599,-6.886,1.0,0.33,0.0,0.199,0.562,86.491
hiphop,0.579,0.818,-7.635,0.0,0.241,0.0,0.775,0.753,173.832
hiphop,0.498,0.625,-10.678,1.0,0.145,0.00481,0.113,0.403,129.779
hiphop,0.821,0.908,-11.392,1.0,0.0432,0.00398,0.111,0.77,119.562
hiphop,0.517,0.429,-9.236,1.0,0.448,0.0,0.109,0.436,172.004
hiphop,0.727,0.605,-8.303,0.0,0.00781,0.83,0.224,0.687,181.539
hiphop,0.662,0.714,-5.68,0.0,0.312,0.0,0.179,0.464,147.997
hiphop,0.876,0.71,-12.908,1.0,0.0654,0.00312,0.918,0.724,98.305
hiphop,0.479,0.686,-8.257,0.0,0.0335,0.0,0.158,0.468,182.515
hiphop,0.66,0.536,-8.786,0.0,0.233,0.00669,0.111,0.775,159.963
hiphop,0.765,0.601,-9.326,0.0,0.0225,0.0,0.385,0.368,85.928
hiphop,0.716,0.568,-8.904,1.0,0.278,1.98e-06,0.385,0.905,136.894
hiphop,0.794,0.44,-7.861,0.0,0.0806,0.0,0.198,0.276,138.024
hiphop,0.866,0.861,-3.34,1.0,0.037,2.29e-05,0.0264,0.714,100.749
hiphop,0.879,0.564,-7.682,0.0,0.0474,9.43e-06,0.0519,0.523,93.908
hiphop,0.737,0.597,-7.333,1.0,0.292,0.0,0.13,0.449,92.049
hiphop,0.797,0.697,-3.39,1.0,0.0636,0.0,0.338,0.488,99.638
hiphop,0.651,0.61,-6.078,0.0,0.109,1.1e-05,0.169,0.741,166.079
hiphop,0.877,0.647,-9.652,1.0,0.00158,0.0618,0.126,0.334,98.404
hiphop,0.743,0.321,-11.308,0.0,0.41,8.82e-05,0.168,0.458,92.007
hiphop,0.854,0.706,-9.5,0.0,0.162,7.22e-06,0.0994,0.747,104.214
hiphop,0.827,0.619,-10.173,0.0,0.00365,0.0108,0.337,0.73,111.083
hiphop,0.938,0.687,-3.932,0.0,0.00353,0.0,0.0903,0.426,120.129
hiphop,0.644,0.725,-4.618,1.0,0.0112,0.0,0.146,0.584,77.977
hiphop,0.7,0.538,-5.952,1.0,0.000204,0.0,0.105,0.189,136.518
hiphop,0.752,0.525,-9.034,0.0,0.252,0.0,0.115,0.151,154.961
hiphop,0.882,0.701,-5.104,1.0,0.0492,0.0121,0.0867,0.767,103.606
hiphop,0.89,0.716,-9.673,1.0,0.174,0.000589,0.0657,0.656,99.987
hiphop,0.633,0.779,-6.968,1.0,0.645,0.0,0.112,0.72,82.992
hiphop,0.831,0.626,-4.467,1.0,0.0684,2.21e-06,0.283,0.665,93.31
hiphop,0.908,0.621,-6.638,0.0,0.000282,5.39e-05,0.0958,0.421,150.011
hiphop,0.791,0.639,-3.01,0.0,0.088,0.0,0.114,0.5,169.942
hiphop,0.847,0.554,-10.598,1.0,0.519,0.0,0.0532,0.625,92.661
hiphop,0.873,0.728,-7.543,1.0,0.266,0.0,0.208,0.809,100.059
hiphop,0.793,0.489,-10.984,0.0,0.25,0.000101,0.432,0.47,120.097
hiphop,0.632,0.746,-6.257,0.0,0.0354,0.000895,0.115,0.381,90.045
hiphop,0.68,0.687,-6.162,0.0,0.0161,0.0,0.261,0.467,150.053
hiphop,0.843,0.51,-9.345,1.0,0.196,0.00318,0.111,0.658,117.955
hiphop,0.731,0.857,-13.358,1.0,0.0798,8.8e-06,0.0772,0.691,95.879
hiphop,0.779,0.641,-11.228,1.0,0.134,8.19e-06,0.0831,0.885,164.976
hiphop,0.851,0.742,-10.19,1.0,0.02,0.0,0.0854,0.787,97.592
hiphop,0.812,0.555,-10.879,0.0,0.0236,0.0,0.132,0.698,92.062
hiphop,0.508,0.528,-9.456,0.0,0.00553,0.0,0.291,0.0969,130.924
hiphop,0.756,0.674,-6.518,0.0,0.0184,0.0,0.158,0.389,111.995
hiphop,0.785,0.498,-6.977,1.0,0.00248,1.23e-06,0.224,0.418,143.96
hiphop,0.74,0.841,-2.891,0.0,0.0232,0.0,0.111,0.673,83.007
hiphop,0.852,0.613,-8.09,1.0,0.00929,0.0,0.0886,0.547,133.899
hiphop,0.629,0.676,-7.088,0.0,0.53,0.000325,0.701,0.497,90.377
hiphop,0.915,0.807,-9.636,0.0,0.011,0.000122,0.201,0.708,127.35
hiphop,0.592,0.77,-3.402,1.0,0.122,1.22e-06,0.103,0.361,191.692
hiphop,0.549,0.853,-4.293,1.0,0.0285,0.000296,0.618,0.346,94.695
hiphop,0.743,0.679,-8.295,0.0,0.0757,0.0,0.347,0.618,147.752
hiphop,0.808,0.765,-7.363,0.0,0.00916,0.000196,0.0515,0.761,92.044
hiphop,0.756,0.532,-5.096,1.0,0.0948,8.93e-06,0.111,0.571,172.096
hiphop,0.746,0.687,-7.475,1.0,0.155,0.0,0.137,0.283,143.931
hiphop,0.705,0.511,-7.422,0.0,0.125,1.72e-06,0.153,0.581,82.011
hiphop,0.732,0.448,-12.116,1.0,0.177,0.0,0.101,0.824,90.05
hiphop,0.753,0.749,-6.132,0.0,0.0285,0.0,0.0845,0.832,93.79
hiphop,0.83,0.626,-7.601,1.0,0.00725,0.0,0.224,0.475,92.25
hiphop,0.782,0.589,-4.827,1.0,0.148,0.0,0.164,0.869,90.438
hiphop,0.517,0.811,-4.526,0.0,0.186,0.0,0.105,0.494,168.269
hiphop,0.686,0.926,-4.197,1.0,0.0658,1.88e-06,0.125,0.767,90.139
hiphop,0.743,0.591,-9.324,1.0,0.00984,0.0,0.116,0.184,94.254
hiphop,0.638,0.6,-5.84,0.0,0.114,0.0,0.187,0.0399,101.981
hiphop,0.894,0.615,-6.269,1.0,0.0308,0.00921,0.309,0.661,120.0
hiphop,0.41,0.864,-2.855,1.0,0.044,0.0,0.593,0.677,180.24
hiphop,0.697,0.687,-11.111,1.0,0.26,4.8e-05,0.403,0.866,90.247
hiphop,0.662,0.928,-4.688,1.0,0.00324,0.0,0.17,0.775,90.509
hiphop,0.958,0.566,-7.14,0.0,0.116,0.0,0.102,0.583,118.001
hiphop,0.938,0.647,-6.305,1.0,0.0888,2.94e-06,0.0733,0.682,97.007
hiphop,0.713,0.734,-4.894,0.0,0.548,0.0,0.0687,0.89,172.872
hiphop,0.836,0.728,-12.058,0.0,0.00569,0.000819,0.0649,0.599,100.842
hiphop,0.711,0.616,-11.647,0.0,0.191,1.7e-05,0.0791,0.548,168.383
hiphop,0.429,0.801,-7.307,1.0,0.408,0.0,0.0984,0.428,75.72
hiphop,0.51,0.503,-8.756,0.0,0.0216,0.002,0.108,0.193,153.582
hiphop,0.833,0.498,-12.859,0.0,0.0121,1.04e-05,0.0822,0.837,110.28
hiphop,0.871,0.741,-6.482,0.0,0.118,0.0,0.349,0.789,87.047
hiphop,0.645,0.839,-7.103,1.0,0.434,0.0,0.425,0.847,88.438
hiphop,0.813,0.703,-5.077,0.0,0.125,1.26e-06,0.237,0.241,94.828
hiphop,0.762,0.403,-10.423,0.0,0.0396,0.0113,0.256,0.346,80.476
hiphop,0.875,0.658,-3.641,1.0,0.275,0.0,0.122,0.661,92.038
hiphop,0.801,0.757,-8.01,1.0,0.478,1.32e-05,0.163,0.607,88.025
hiphop,0.504,0.811,-11.966,0.0,0.0276,0.0,0.388,0.382,82.01
hiphop,0.9,0.619,-6.518,0.0,0.203,0.00156,0.0647,0.864,94.121
hiphop,0.652,0.795,-5.192,0.0,0.156,0.0,0.123,0.788,135.018
hiphop,0.751,0.86,-3.57,1.0,0.454,4.1e-05,0.0849,0.655,162.06
hiphop,0.728,0.537,-10.66,0.0,0.000767,0.00529,0.296,0.966,142.029
hiphop,0.828,0.893,-4.567,0.0,0.117,0.0,0.217,0.711,85.95
hiphop,0.884,0.677,-5.603,1.0,0.0778,0.0,0.0732,0.584,101.868
hiphop,0.732,0.554,-8.403,0.0,0.206,0.0,0.1,0.951,161.233
hiphop,0.971,0.677,-6.895,1.0,0.0476,2.22e-05,0.112,0.58,120.027
hiphop,0.741,0.657,-9.589,0.0,0.00224,0.00756,0.0825,0.25,94.211
hiphop,0.637,0.503,-6.927,1.0,0.713,0.000113,0.109,0.661,81.061
hiphop,0.861,0.603,-5.788,0.0,0.0521,0.0,0.0924,0.504,98.043
hiphop,0.837,0.688,-7.307,0.0,0.0329,0.0,0.0999,0.708,95.565
hiphop,0.683,0.902,-7.389,0.0,0.219,0.000761,0.226,0.724,90.447
hiphop,0.835,0.447,-14.901,1.0,0.154,0.00876,0.108,0.839,113.083
hiphop,0.799,0.878,-2.282,1.0,0.0775,0.0,0.51,0.594,95.0
hiphop,0.861,0.56,-9.974,1.0,0.148,2.7e-05,0.439,0.634,88.299
hiphop,0.719,0.855,-5.977,0.0,0.384,0.0,0.0696,0.504,132.83
hiphop,0.849,0.61,-10.822,1.0,0.0204,4.76e-06,0.0454,0.566,99.01
hiphop,0.745,0.346,-7.709,1.0,0.00552,0.0,0.0881,0.112,203.911
hiphop,0.749,0.865,-5.228,1.0,0.00536,0.0,0.198,0.371,111.914
hiphop,0.767,0.909,-4.347,0.0,0.0794,0.0,0.389,0.389,102.068
hiphop,0.51,0.931,-3.302,1.0,0.0738,0.0,0.5,0.53,201.936
hiphop,0.744,0.604,-6.94,1.0,0.0388,6.16e-05,0.429,0.517,101.012
hiphop,0.662,0.657,-6.971,0.0,0.00729,0.0,0.077,0.301,93.09
hiphop,0.724,0.675,-5.267,1.0,0.0978,9.41e-06,0.351,0.325,160.048
hiphop,0.558,0.857,-7.423,1.0,0.0509,0.0,0.0816,0.54,88.131
hiphop,0.432,0.652,-8.745,1.0,0.00211,0.0,0.158,0.26,76.859
hiphop,0.723,0.68,-4.942,0.0,0.644,0.0,0.23,0.718,89.945
hiphop,0.854,0.738,-7.284,0.0,0.0581,0.0,0.106,0.847,100.0
hiphop,0.394,0.661,-8.684,1.0,0.00996,0.0,0.343,0.335,149.818
hiphop,0.847,0.645,-6.936,0.0,0.027,0.0,0.0965,0.89,99.954
hiphop,0.728,0.723,-7.441,0.0,0.024,3.71e-05,0.306,0.586,86.003
hiphop,0.9,0.761,-4.557,1.0,0.283,0.00019,0.32,0.966,93.429
hiphop,0.484,0.66,-11.224,1.0,0.079,3.51e-06,0.333,0.588,88.418
hiphop,0.877,0.853,-6.852,1.0,0.0125,0.00178,0.245,0.484,91.9
hiphop,0.946,0.772,-7.537,0.0,0.0512,2.26e-06,0.0612,0.743,116.972
hiphop,0.561,0.764,-6.645,0.0,0.373,0.0,0.157,0.598,145.158
hiphop,0.663,0.599,-13.299,1.0,0.0145,0.0,0.15,0.259,200.312
hiphop,0.844,0.846,-5.167,1.0,0.00487,0.0,0.0784,0.91,144.079
hiphop,0.708,0.447,-6.305,1.0,0.0271,0.000728,0.102,0.0384,89.62
hiphop,0.934,0.459,-7.654,1.0,0.0516,0.0,0.222,0.697,103.04
hiphop,0.751,0.766,-8.118,1.0,0.00727,0.0,0.216,0.595,96.704
hiphop,0.619,0.755,-8.439,0.0,0.225,0.0,0.468,0.191,93.703
hiphop,0.693,0.325,-5.831,1.0,0.874,0.00111,0.138,0.483,96.088
hiphop,0.711,0.508,-7.299,1.0,0.0355,0.0,0.141,0.663,98.098
hiphop,0.709,0.52,-9.365,0.0,0.0682,0.0,0.0629,0.453,134.173
hiphop,0.783,0.709,-7.776,1.0,0.0177,0.00188,0.0792,0.47,177.821
hiphop,0.859,0.75,-8.325,0.0,0.0193,0.0,0.0538,0.857,98.691
hiphop,0.893,0.564,-10.606,1.0,0.284,0.0,0.125,0.804,95.467
hiphop,0.699,0.793,-4.856,1.0,0.00514,2.75e-06,0.7,0.929,94.138
hiphop,0.545,0.684,-7.683,1.0,0.483,5.23e-05,0.237,0.669,80.612
hiphop,0.699,0.859,-9.966,0.0,0.167,0.000411,0.148,0.491,90.933
hiphop,0.775,0.795,-4.171,1.0,0.148,0.00119,0.0411,0.796,95.212
hiphop,0.539,0.987,-2.039,1.0,0.2,0.0,0.369,0.728,166.068
hiphop,0.803,0.597,-6.035,0.0,0.000619,4.5e-06,0.323,0.331,136.008
hiphop,0.678,0.479,-6.959,0.0,0.0812,0.0,0.207,0.762,171.12
hiphop,0.855,0.681,-4.955,1.0,0.0881,3.7e-06,0.0592,0.908,99.699
hiphop,0.81,0.613,-7.503,1.0,0.0624,0.0,0.353,0.45,87.042
hiphop,0.766,0.596,-12.973,1.0,0.00248,5.5e-05,0.184,0.458,104.576
hiphop,0.675,0.501,-6.183,1.0,0.0541,0.0,0.429,0.532,139.861
hiphop,0.794,0.502,-5.69,1.0,0.235,0.0639,0.108,0.212,84.415
hiphop,0.322,0.555,-8.726,0.0,0.208,0.00437,0.325,0.397,96.019
hiphop,0.816,0.471,-13.244,0.0,0.112,0.0,0.117,0.742,95.248
hiphop,0.699,0.932,-5.852,1.0,0.00574,1.86e-06,0.0954,0.874,122.053
hiphop,0.571,0.717,-8.333,1.0,0.359,3.12e-06,0.797,0.881,87.54
hiphop,0.61,0.577,-6.358,0.0,0.0221,0.0,0.0837,0.728,175.983
hiphop,0.706,0.326,-10.45,0.0,0.538,8.06e-06,0.171,0.705,145.976
hiphop,0.809,0.545,-6.678,1.0,0.392,0.0,0.151,0.244,97.008
hiphop,0.833,0.64,-5.674,0.0,0.0184,0.0,0.102,0.465,99.285
hiphop,0.862,0.648,-7.401,0.0,0.0455,0.0,0.0332,0.637,98.012
hiphop,0.875,0.63,-6.015,0.0,0.24,0.00011,0.0742,0.733,91.043
hiphop,0.586,0.877,-6.076,0.0,0.375,0.0,0.115,0.615,93.106
hiphop,0.848,0.666,-6.547,1.0,0.173,0.000699,0.129,0.744,96.662
hiphop,0.908,0.938,-5.682,1.0,0.0691,0.0,0.799,0.751,113.974
hiphop,0.789,0.757,-9.232,1.0,0.0088,0.00696,0.625,0.525,97.641
hiphop,0.784,0.712,-3.674,0.0,0.00874,0.00169,0.121,0.313,156.075
hiphop,0.675,0.71,-7.272,1.0,0.0355,0.00116,0.348,0.728,87.73
hiphop,0.949,0.661,-4.244,0.0,0.0302,0.0,0.0454,0.76,104.504
hiphop,0.62,0.574,-7.788,0.0,0.569,0.0,0.19,0.357,100.023
hiphop,0.703,0.488,-5.702,1.0,0.479,0.000961,0.168,0.725,96.032
hiphop,0.744,0.697,-14.753,1.0,0.039,0.0,0.171,0.683,119.955
hiphop,0.762,0.696,-4.795,0.0,0.0172,1.33e-06,0.22,0.532,147.123
hiphop,0.873,0.586,-5.184,1.0,0.191,0.0,0.0849,0.533,92.907
hiphop,0.795,0.637,-11.525,0.0,0.195,2.38e-05,0.381,0.346,92.802
hiphop,0.843,0.508,-13.918,1.0,0.00852,2.1e-06,0.648,0.704,91.094
hiphop,0.602,0.938,-3.378,0.0,0.0164,0.0,0.0612,0.562,168.417
hiphop,0.607,0.753,-7.344,0.0,0.556,0.0,0.623,0.703,88.981
hiphop,0.927,0.367,-7.797,1.0,0.325,0.0,0.132,0.576,99.053
hiphop,0.661,0.9,-5.0,0.0,0.0306,0.0,0.0937,0.459,91.841
hiphop,0.781,0.738,-8.876,0.0,0.23,0.0,0.261,0.838,96.895
hiphop,0.627,0.589,-9.056,1.0,0.497,7.05e-05,0.324,0.247,115.284
hiphop,0.719,0.863,-3.266,0.0,0.0572,1.51e-05,0.0603,0.503,94.249
hiphop,0.711,0.611,-5.453,1.0,0.00588,0.0,0.23,0.144,134.093
hiphop,0.851,0.625,-5.417,0.0,0.195,0.0,0.266,0.668,99.061
hiphop,0.883,0.807,-6.217,1.0,0.0759,0.0,0.233,0.83,106.654
hiphop,0.654,0.77,-6.091,0.0,0.00342,0.0,0.0887,0.272,137.616
hiphop,0.683,0.74,-6.041,0.0,0.00228,0.0,0.238,0.65,129.515
hiphop,0.613,0.94,-5.566,1.0,0.00896,0.0,0.83,0.35,94.957
hiphop,0.8,0.658,-9.591,0.0,0.00436,0.0,0.109,0.674,92.064
hiphop,0.729,0.442,-8.106,0.0,0.151,0.0,0.189,0.757,81.029
hiphop,0.752,0.53,-9.024,1.0,0.201,0.892,0.0932,0.545,103.094
hiphop,0.852,0.741,-5.435,0.0,0.0247,0.00106,0.0974,0.535,97.894
hiphop,0.669,0.768,-9.089,1.0,0.00215,8.93e-06,0.177,0.943,185.884
hiphop,0.803,0.578,-13.264,1.0,0.0103,0.812,0.199,0.499,92.175
hiphop,0.427,0.865,-5.059,1.0,0.0985,1.44e-05,0.371,0.839,93.427
hiphop,0.726,0.607,-7.68,1.0,0.0389,0.0,0.19,0.891,81.997
hiphop,0.71,0.515,-13.903,1.0,0.00523,1.75e-06,0.0895,0.388,200.045
hiphop,0.784,0.576,-8.171,0.0,0.00588,0.0,0.332,0.582,99.05
hiphop,0.904,0.577,-7.293,1.0,0.125,0.0,0.115,0.7,102.691
hiphop,0.759,0.825,-4.289,1.0,0.0923,0.00057,0.24,0.429,94.857
hiphop,0.693,0.975,-3.496,1.0,0.261,1.09e-06,0.162,0.451,93.229
hiphop,0.68,0.894,-4.86,1.0,0.0206,0.0,0.462,0.803,94.089
hiphop,0.643,0.6,-7.536,1.0,0.107,0.0,0.0828,0.878,177.834
hiphop,0.81,0.353,-9.931,0.0,0.588,0.0,0.102,0.0727,88.031
hiphop,0.925,0.453,-5.921,1.0,0.000862,5.99e-05,0.124,0.392,138.002
hiphop,0.895,0.5,-15.83,1.0,0.569,0.0,0.0937,0.462,113.811
hiphop,0.772,0.76,-9.316,1.0,0.0886,0.0,0.225,0.711,200.491
hiphop,0.784,0.474,-6.139,1.0,0.333,0.0,0.278,0.64,128.012
hiphop,0.873,0.457,-11.558,1.0,0.288,1.12e-06,0.093,0.74,137.543
hiphop,0.866,0.613,-6.385,1.0,0.0293,0.0,0.104,0.359,98.001
hiphop,0.758,0.814,-3.668,1.0,0.0166,1.03e-05,0.636,0.626,109.902
hiphop,0.706,0.747,-3.901,0.0,0.00533,0.0,0.204,0.505,95.547
hiphop,0.671,0.833,-5.152,0.0,0.0825,0.0,0.0726,0.702,79.351
hiphop,0.754,0.718,-4.209,0.0,0.0122,0.000111,0.0923,0.576,169.116
hiphop,0.83,0.817,-6.539,0.0,0.00096,0.000677,0.112,0.622,107.908
hiphop,0.805,0.653,-11.251,0.0,0.138,0.0,0.1,0.257,100.349
hiphop,0.779,0.51,-3.629,0.0,0.262,0.0,0.0865,0.591,90.025
hiphop,0.727,0.489,-7.98,1.0,0.105,0.0,0.0666,0.227,96.413
hiphop,0.82,0.809,-6.759,0.0,0.443,0.00175,0.0613,0.737,83.011
hiphop,0.729,0.619,-6.798,1.0,0.204,0.0,0.0948,0.649,88.02
hiphop,0.803,0.565,-4.711,0.0,0.0558,0.0,0.141,0.474,163.085
hiphop,0.913,0.351,-13.57,0.0,0.0102,0.0,0.401,0.727,91.499
hiphop,0.837,0.78,-10.449,0.0,0.0527,4.58e-05,0.0894,0.645,93.556
hiphop,0.763,0.786,-6.472,0.0,0.0146,0.0114,0.0817,0.504,93.857
hiphop,0.747,0.398,-12.932,0.0,0.211,1.42e-06,0.113,0.428,117.901
hiphop,0.875,0.907,-11.434,0.0,0.0166,0.0,0.36,0.743,94.005
hiphop,0.427,0.525,-8.035,0.0,0.14,7.34e-05,0.602,0.578,171.793
hiphop,0.801,0.91,-6.566,1.0,0.00239,0.000891,0.0737,0.805,87.277
hiphop,0.822,0.661,-10.234,0.0,0.0241,3.95e-06,0.315,0.67,99.883
hiphop,0.767,0.551,-7.328,1.0,0.00364,0.0,0.0451,0.796,100.904
hiphop,0.7,0.402,-9.93,0.0,0.0498,1.04e-06,0.16,0.499,77.871
hiphop,0.817,0.817,-4.911,0.0,0.098,1.61e-06,0.0798,0.854,90.194
hiphop,0.503,0.627,-12.764,0.0,0.224,0.0,0.102,0.197,85.91
hiphop,0.418,0.903,-4.727,1.0,0.0928,0.0,0.0588,0.654,115.811
hiphop,0.802,0.573,-3.956,1.0,0.169,0.0,0.0632,0.66,93.465
hiphop,0.761,0.711,-7.989,1.0,0.0174,0.000101,0.0652,0.947,105.448
hiphop,0.718,0.708,-5.229,1.0,0.0807,0.0,0.132,0.49,191.601
hiphop,0.427,0.706,-6.533,1.0,0.0305,0.0,0.323,0.508,173.913
hiphop,0.769,0.675,-13.326,1.0,0.000722,0.000149,0.0904,0.803,101.884
hiphop,0.878,0.311,-17.401,1.0,0.0953,0.0,0.0808,0.486,117.759
hiphop,0.817,0.775,-4.767,0.0,0.277,0.0,0.108,0.806,126.984
hiphop,0.865,0.699,-6.062,0.0,0.0867,0.0,0.295,0.705,144.949
hiphop,0.641,0.584,-8.775,0.0,0.327,0.000248,0.116,0.167,169.953
hiphop,0.84,0.571,-7.421,1.0,0.16,0.0,0.406,0.617,116.59
hiphop,0.58,0.523,-9.779,1.0,0.173,0.0647,0.334,0.488,89.964
hiphop,0.665,0.91,-4.682,0.0,0.0394,0.0,0.227,0.887,84.099
hiphop,0.642,0.901,-3.688,0.0,0.0168,1.97e-06,0.0887,0.352,100.039
hiphop,0.679,0.468,-11.768,0.0,0.0149,1.46e-06,0.203,0.503,94.126
hiphop,0.712,0.483,-12.122,0.0,0.208,0.0,0.655,0.717,90.1
hiphop,0.523,0.714,-7.552,0.0,0.466,0.00359,0.113,0.359,128.968
hiphop,0.582,0.72,-9.362,0.0,0.8,0.0,0.238,0.693,89.994
hiphop,0.736,0.705,-6.231,1.0,0.0579,0.0,0.321,0.557,86.404
hiphop,0.812,0.783,-7.945,1.0,0.164,0.0,0.0758,0.88,177.649
hiphop,0.712,0.895,-4.212,0.0,0.181,1.8e-05,0.108,0.727,96.338
hiphop,0.635,0.766,-6.459,1.0,0.132,0.0,0.122,0.685,93.603
hiphop,0.558,0.559,-9.222,1.0,0.371,7.49e-06,0.109,0.62,78.558
hiphop,0.612,0.961,-3.078,0.0,0.107,4.17e-05,0.0413,0.867,129.873
hiphop,0.838,0.72,-6.593,0.0,0.0312,1.11e-05,0.422,0.845,93.76
hiphop,0.854,0.569,-8.151,0.0,0.0609,0.0816,0.1,0.294,80.015
hiphop,0.767,0.735,-10.296,1.0,0.0825,0.0,0.108,0.789,100.014
hiphop,0.907,0.625,-5.557,1.0,0.0042,0.0,0.151,0.605,99.918
hiphop,0.948,0.786,-8.44,0.0,0.00267,0.000586,0.1,0.909,138.108
hiphop,0.634,0.908,-2.654,1.0,0.168,0.0,0.101,0.701,88.875
hiphop,0.865,0.752,-2.461,1.0,0.39,7.96e-05,0.106,0.791,95.377
hiphop,0.688,0.88,-5.044,1.0,0.0564,0.0,0.154,0.618,140.904
hiphop,0.87,0.498,-12.095,0.0,0.000671,0.000389,0.0551,0.489,92.887
hiphop,0.632,0.767,-4.002,0.0,0.0216,0.0,0.378,0.622,140.14
hiphop,0.75,0.849,-3.097,1.0,0.0803,0.0,0.333,0.771,89.501
hiphop,0.54,0.695,-8.131,1.0,0.0155,0.313,0.135,0.369,178.181
hiphop,0.803,0.806,-7.805,1.0,0.00761,0.00544,0.101,0.624,94.994
hiphop,0.889,0.818,-4.639,1.0,0.47,0.0,0.179,0.782,96.063
hiphop,0.677,0.946,-2.887,1.0,0.185,3.56e-06,0.274,0.948,96.011
hiphop,0.756,0.867,-3.626,1.0,0.155,0.00285,0.33,0.666,129.983
hiphop,0.447,0.957,-2.954,0.0,0.0228,0.0,0.487,0.484,106.458
hiphop,0.61,0.75,-5.811,1.0,0.201,0.0,0.946,0.627,95.048
hiphop,0.751,0.82,-5.189,0.0,0.0914,1.07e-06,0.0406,0.718,192.026
hiphop,0.651,0.629,-8.907,0.0,0.385,5.59e-06,0.122,0.577,85.083
hiphop,0.693,0.533,-10.954,0.0,0.107,0.0,0.0695,0.568,127.661
hiphop,0.754,0.767,-5.586,1.0,0.0216,0.0,0.172,0.828,83.014
hiphop,0.843,0.7,-3.249,0.0,0.127,0.0,0.876,0.675,95.05
hiphop,0.663,0.7,-7.819,0.0,0.00782,1.09e-05,0.137,0.484,83.951
hiphop,0.848,0.556,-10.046,1.0,0.000183,0.0,0.335,0.362,93.498
hiphop,0.649,0.645,-12.109,1.0,0.00128,0.0361,0.294,0.631,165.731
hiphop,0.896,0.744,-5.239,0.0,0.192,1.19e-06,0.108,0.744,92.91
hiphop,0.839,0.706,-6.104,0.0,0.208,0.0,0.242,0.839,96.673
hiphop,0.842,0.691,-4.128,0.0,0.0173,0.0,0.346,0.697,95.038
hiphop,0.881,0.557,-8.194,0.0,0.0468,0.0,0.0818,0.914,100.021
hiphop,0.604,0.417,-12.598,0.0,0.0681,0.0,0.0425,0.558,74.57
hiphop,0.783,0.457,-9.747,0.0,0.0442,0.0,0.121,0.539,91.996
hiphop,0.747,0.912,-3.324,0.0,0.139,0.0,0.271,0.59,127.096
hiphop,0.619,0.561,-5.351,0.0,0.0087,6.74e-05,0.304,0.285,90.36
hiphop,0.763,0.484,-7.482,0.0,0.0721,0.0,0.245,0.6,145.058
hiphop,0.722,0.486,-17.081,1.0,0.0332,0.0,0.111,0.625,170.626
hiphop,0.885,0.551,-9.794,1.0,0.116,0.00864,0.0736,0.66,96.1
hiphop,0.925,0.785,-5.164,1.0,0.14,5.12e-06,0.145,0.868,93.011
hiphop,0.842,0.738,-5.114,0.0,0.159,5.71e-05,0.0917,0.597,85.873
hiphop,0.626,0.615,-6.142,1.0,0.265,0.0,0.0812,0.611,52.145
hiphop,0.813,0.531,-11.559,1.0,0.0042,7.08e-05,0.27,0.252,95.187
hiphop,0.728,0.832,-6.827,1.0,0.327,0.0,0.504,0.825,95.051
hiphop,0.825,0.639,-6.607,1.0,0.0731,0.0225,0.0612,0.866,97.389
hiphop,0.753,0.594,-9.486,0.0,0.0711,0.0,0.391,0.562,112.568
hiphop,0.817,0.6,-11.35,0.0,0.072,0.0,0.681,0.285,94.041
hiphop,0.897,0.466,-9.053,0.0,0.187,1.35e-06,0.0757,0.884,100.01
hiphop,0.859,0.687,-14.9,1.0,0.0208,0.0,0.159,0.378,99.642
hiphop,0.49,0.449,-12.361,1.0,0.142,0.856,0.13,0.155,119.847
hiphop,0.797,0.844,-5.482,1.0,0.0651,0.0,0.087,0.52,170.142
hiphop,0.511,0.797,-7.561,1.0,0.00608,0.00452,0.344,0.444,83.951
hiphop,0.837,0.774,-8.707,1.0,0.0267,0.0,0.365,0.671,91.174
hiphop,0.677,0.539,-14.439,1.0,0.0455,1.84e-06,0.845,0.469,95.116
hiphop,0.83,0.625,-3.678,1.0,0.226,0.0,0.302,0.884,138.046
hiphop,0.73,0.837,-5.359,0.0,0.385,0.0,0.321,0.867,92.127
hiphop,0.846,0.445,-10.933,0.0,0.0731,0.00939,0.112,0.746,94.228
hiphop,0.42,0.701,-7.582,0.0,0.832,0.0,0.103,0.671,79.716
hiphop,0.767,0.729,-3.89,1.0,0.0355,0.0,0.176,0.772,93.307
hiphop,0.76,0.595,-6.366,1.0,0.00544,0.0,0.241,0.361,131.497
hiphop,0.781,0.807,-5.574,1.0,0.0524,0.0,0.122,0.605,90.008
hiphop,0.831,0.749,-11.939,0.0,0.208,0.0,0.312,0.954,100.611
hiphop,0.641,0.753,-6.168,0.0,0.0455,5.69e-06,0.379,0.549,175.311
hiphop,0.641,0.314,-11.56,1.0,0.425,0.41,0.116,0.123,95.969
hiphop,0.765,0.412,-8.932,0.0,0.72,0.0,0.126,0.632,109.986
hiphop,0.545,0.362,-13.491,1.0,0.83,3.46e-05,0.112,0.707,79.288
hiphop,0.868,0.658,-8.945,1.0,0.0928,0.0,0.0846,0.769,94.125
hiphop,0.736,0.535,-8.564,1.0,0.31,1.13e-06,0.107,0.376,110.014
hiphop,0.733,0.861,-4.47,1.0,0.0655,2.02e-06,0.452,0.85,91.232
hiphop,0.778,0.934,-3.488,1.0,0.184,0.0,0.123,0.803,98.97
hiphop,0.852,0.874,-11.208,1.0,0.0168,0.45,0.133,0.666,129.029
hiphop,0.398,0.551,-11.852,0.0,0.0611,1.34e-05,0.117,0.327,83.1
hiphop,0.846,0.774,-4.209,0.0,0.0648,0.0,0.203,0.631,93.26
hiphop,0.836,0.484,-7.332,1.0,0.0454,0.0,0.0557,0.839,95.941
hiphop,0.737,0.89,-8.443,1.0,0.00556,0.00171,0.0801,0.809,105.848
hiphop,0.727,0.974,-2.261,0.0,0.103,0.000532,0.174,0.965,79.526
hiphop,0.734,0.776,-4.193,1.0,0.0406,0.193,0.0547,0.843,78.542
hiphop,0.77,0.656,-11.169,0.0,0.11,0.0,0.0793,0.788,98.82
hiphop,0.913,0.596,-12.477,0.0,0.00658,0.00349,0.078,0.973,127.215
hiphop,0.71,0.587,-8.939,1.0,0.0113,4.62e-06,0.44,0.84,94.002
hiphop,0.414,0.807,-4.12,0.0,0.0428,0.0,0.822,0.409,175.158
hiphop,0.779,0.608,-6.746,0.0,0.0918,0.000242,0.304,0.365,94.067
hiphop,0.727,0.902,-3.117,1.0,0.0186,2.36e-06,0.182,0.426,109.835
hiphop,0.769,0.695,-7.787,0.0,0.449,0.0,0.435,0.623,92.929
hiphop,0.777,0.662,-8.393,1.0,0.536,4.61e-06,0.593,0.634,111.13
hiphop,0.893,0.514,-5.08,1.0,0.18,0.0,0.0596,0.787,95.848
hiphop,0.66,0.867,-4.285,0.0,0.11,0.0,0.0368,0.377,93.033
hiphop,0.647,0.468,-10.87,1.0,0.649,0.00119,0.157,0.216,68.033
hiphop,0.794,0.95,-8.78,1.0,0.124,7.71e-05,0.133,0.324,94.984
hiphop,0.939,0.675,-7.232,1.0,0.0915,0.0,0.0565,0.795,96.918
hiphop,0.753,0.724,-6.524,1.0,0.37,0.00124,0.431,0.697,102.988
hiphop,0.704,0.803,-4.77,1.0,0.165,0.0,0.54,0.529,124.087
hiphop,0.897,0.684,-4.776,1.0,0.123,0.0,0.361,0.409,138.975
hiphop,0.751,0.708,-5.653,1.0,0.0482,1.85e-05,0.107,0.509,108.97
hiphop,0.917,0.517,-11.529,1.0,0.0778,0.0,0.194,0.794,90.814
hiphop,0.774,0.68,-9.17,0.0,0.109,0.0,0.0995,0.854,82.989
hiphop,0.651,0.695,-7.497,0.0,0.0714,0.498,0.585,0.543,92.981
hiphop,0.736,0.828,-5.835,0.0,0.477,0.0,0.251,0.899,91.224
hiphop,0.766,0.525,-10.217,1.0,0.182,3.56e-06,0.106,0.324,137.077
hiphop,0.777,0.542,-13.598,0.0,0.358,1.11e-06,0.0882,0.847,97.171
hiphop,0.855,0.874,-4.018,0.0,0.0363,0.0216,0.0869,0.861,89.449
hiphop,0.656,0.767,-7.032,0.0,0.191,0.0,0.641,0.739,181.33
hiphop,0.766,0.52,-9.371,1.0,0.00116,0.0189,0.3,0.556,79.838
hiphop,0.711,0.595,-12.99,1.0,0.0484,0.0327,0.208,0.836,107.473
hiphop,0.796,0.798,-7.456,0.0,0.0153,0.0,0.106,0.692,94.016
hiphop,0.841,0.732,-5.186,0.0,0.0115,2.18e-05,0.136,0.576,149.012
hiphop,0.789,0.881,-5.758,1.0,0.109,0.0,0.355,0.647,133.299
hiphop,0.385,0.757,-5.96,1.0,0.709,0.0,0.235,0.469,82.673
hiphop,0.918,0.36,-9.949,0.0,0.029,0.0,0.0799,0.243,91.959
hiphop,0.763,0.619,-10.222,0.0,0.0475,0.0407,0.0273,0.965,106.646
hiphop,0.645,0.705,-5.008,1.0,0.000813,0.0,0.128,0.376,137.133
hiphop,0.495,0.771,-9.752,1.0,0.502,7.29e-05,0.143,0.805,81.615
hiphop,0.728,0.607,-8.417,0.0,0.133,0.0,0.0864,0.445,129.938
hiphop,0.898,0.92,-7.859,1.0,0.0713,5.55e-05,0.0909,0.875,114.343
hiphop,0.887,0.485,-9.358,0.0,0.0392,0.0,0.141,0.328,125.987
hiphop,0.876,0.823,-9.972,1.0,0.000758,0.000489,0.0469,0.588,104.2
hiphop,0.65,0.515,-8.722,0.0,0.0196,0.0,0.0974,0.885,97.052
hiphop,0.744,0.849,-8.061,0.0,0.409,0.0,0.251,0.621,97.995
hiphop,0.693,0.935,-4.323,1.0,0.18,0.0,0.179,0.391,80.882
hiphop,0.932,0.54,-13.168,1.0,0.0362,7.48e-05,0.204,0.57,116.351
hiphop,0.797,0.75,-9.369,1.0,0.533,0.108,0.095,0.74,177.87
hiphop,0.794,0.448,-4.771,0.0,0.591,0.0,0.109,0.588,120.055
hiphop,0.934,0.495,-7.483,0.0,0.0544,0.0,0.0934,0.836,101.781
hiphop,0.894,0.458,-8.594,1.0,0.0654,0.0192,0.107,0.679,97.015
hiphop,0.456,0.76,-3.015,0.0,0.0337,0.0,0.228,0.189,148.063
hiphop,0.876,0.42,-18.246,0.0,0.188,0.00186,0.0668,0.706,98.304
hiphop,0.786,0.709,-8.162,0.0,0.121,0.00343,0.3,0.659,96.0
hiphop,0.776,0.706,-5.33,1.0,0.0773,0.0,0.0985,0.598,94.12
hiphop,0.933,0.959,-3.682,0.0,0.00337,1.23e-06,0.0416,0.734,110.141
hiphop,0.915,0.639,-14.095,1.0,0.22,0.0,0.312,0.551,101.821
hiphop,0.418,0.724,-3.724,1.0,0.213,0.0,0.112,0.604,78.521
hiphop,0.797,0.667,-6.095,0.0,0.545,0.0,0.0357,0.621,76.51
hiphop,0.721,0.949,-5.685,1.0,0.0495,0.0,0.327,0.835,83.028
hiphop,0.791,0.863,-6.118,0.0,0.317,1.13e-06,0.27,0.742,97.035
hiphop,0.934,0.562,-4.609,0.0,0.0476,1.31e-06,0.0608,0.712,96.792
hiphop,0.837,0.604,-6.822,0.0,0.0109,8.21e-06,0.123,0.505,83.714
hiphop,0.662,0.748,-3.041,0.0,0.688,8.43e-06,0.0841,0.535,82.331
hiphop,0.802,0.785,-4.781,1.0,0.14,0.0,0.123,0.435,99.998
hiphop,0.67,0.563,-6.749,1.0,0.0551,0.0,0.066,0.685,145.753
hiphop,0.902,0.41,-5.31,1.0,0.176,0.0,0.119,0.647,84.07
hiphop,0.767,0.553,-8.509,0.0,0.0775,0.312,0.0979,0.649,95.072
hiphop,0.848,0.838,-11.949,0.0,0.0326,4.63e-06,0.124,0.774,97.735
hiphop,0.676,0.695,-8.327,1.0,0.352,0.0,0.119,0.144,90.268
hiphop,0.492,0.747,-6.606,0.0,0.156,1.72e-06,0.361,0.62,90.219
hiphop,0.929,0.7,-5.595,0.0,0.144,0.0,0.349,0.802,120.009
hiphop,0.499,0.583,-6.628,0.0,0.227,0.0,0.103,0.137,84.03
hiphop,0.867,0.517,-13.222,0.0,0.00456,0.000339,0.0864,0.866,133.148
hiphop,0.785,0.479,-4.956,0.0,0.083,0.0,0.0937,0.364,75.889
hiphop,0.928,0.529,-6.602,1.0,0.0548,0.0,0.0701,0.567,106.364
hiphop,0.375,0.862,-3.363,0.0,0.071,0.0,0.211,0.478,159.841
hiphop,0.798,0.744,-5.328,0.0,0.33,0.000106,0.292,0.794,82.356
hiphop,0.935,0.519,-6.482,0.0,0.156,0.0,0.425,0.884,96.97
hiphop,0.862,0.663,-9.004,1.0,0.12,0.0,0.318,0.837,85.308
hiphop,0.866,0.648,-3.675,1.0,0.009,0.0,0.0967,0.0798,150.058
hiphop,0.528,0.595,-10.35,0.0,0.337,0.0,0.389,0.36,130.396
hiphop,0.854,0.71,-6.32,0.0,0.0113,9.06e-05,0.166,0.818,106.893
hiphop,0.546,0.796,-4.697,1.0,0.000373,0.0,0.0505,0.25,175.136
hiphop,0.799,0.623,-9.374,1.0,0.0141,0.0,0.43,0.773,103.649
hiphop,0.838,0.587,-6.604,0.0,0.208,0.0,0.199,0.535,75.485
hiphop,0.539,0.584,-10.616,0.0,0.234,0.0,0.198,0.674,86.441
hiphop,0.733,0.67,-3.532,0.0,0.119,0.0,0.442,0.763,86.983
hiphop,0.919,0.622,-7.384,1.0,0.228,4.24e-06,0.122,0.424,140.022
hiphop,0.727,0.483,-8.663,1.0,0.0838,0.0051,0.0711,0.695,92.878
hiphop,0.735,0.749,-3.103,0.0,0.0824,0.0,0.239,0.4,83.921
hiphop,0.539,0.937,-3.14,1.0,0.489,0.0,0.0723,0.523,85.037
hiphop,0.767,0.734,-4.297,0.0,0.148,0.0,0.923,0.846,93.108
hiphop,0.812,0.628,-6.164,0.0,0.0634,0.0,0.254,0.485,123.004
hiphop,0.833,0.808,-4.413,0.0,0.0643,0.000646,0.272,0.786,94.008
hiphop,0.859,0.785,-13.038,0.0,0.0393,0.00314,0.34,0.683,113.265
hiphop,0.916,0.727,-6.556,1.0,0.00214,0.000145,0.118,0.201,94.997
hiphop,0.63,0.694,-6.593,1.0,0.419,0.0,0.134,0.44,91.749
hiphop,0.864,0.788,-6.566,0.0,0.152,0.000128,0.0799,0.896,87.941
hiphop,0.653,0.675,-8.46,0.0,0.434,5.37e-06,0.112,0.513,152.129
hiphop,0.812,0.778,-13.957,0.0,0.6,4.39e-05,0.11,0.599,87.713
hiphop,0.824,0.684,-7.354,0.0,0.00278,1.45e-06,0.0481,0.87,101.152
hiphop,0.847,0.741,-6.609,1.0,0.0861,0.0,0.147,0.818,94.232
hiphop,0.757,0.679,-7.136,0.0,0.303,0.0,0.303,0.896,90.361
hiphop,0.749,0.839,-9.173,0.0,0.0364,0.0,0.134,0.64,87.587
hiphop,0.755,0.594,-5.906,1.0,0.241,0.0,0.107,0.237,178.929
hiphop,0.479,0.549,-10.551,0.0,0.57,0.0235,0.127,0.576,180.985
hiphop,0.897,0.611,-10.489,1.0,0.0291,0.186,0.0894,0.769,102.304
hiphop,0.68,0.513,-6.683,1.0,0.0302,0.000398,0.162,0.163,146.015
hiphop,0.901,0.464,-9.789,0.0,0.368,1.71e-05,0.238,0.638,109.004
hiphop,0.503,0.858,-6.296,1.0,0.00757,0.00234,0.0803,0.419,133.615
hiphop,0.763,0.88,-4.741,0.0,0.066,0.0,0.0549,0.779,95.005
hiphop,0.926,0.669,-11.271,1.0,0.0051,0.0,0.0887,0.642,128.462
hiphop,0.809,0.455,-13.11,0.0,0.066,0.00124,0.0734,0.688,92.426
hiphop,0.897,0.458,-11.01,1.0,0.0208,0.0,0.419,0.513,92.928
hiphop,0.908,0.557,-4.243,0.0,0.242,0.0,0.0709,0.897,90.032
hiphop,0.569,0.894,-4.931,0.0,0.00715,0.0,0.158,0.293,188.892
hiphop,0.725,0.783,-5.961,1.0,0.0173,0.000811,0.108,0.299,99.027
hiphop,0.816,0.841,-5.744,1.0,0.0395,1.4e-06,0.307,0.659,91.577
hiphop,0.879,0.595,-2.936,1.0,0.0152,0.0,0.391,0.355,125.994
hiphop,0.788,0.635,-4.886,1.0,0.042,0.0,0.0581,0.517,92.04
hiphop,0.7,0.554,-5.909,1.0,0.219,1.36e-06,0.419,0.0633,97.127
hiphop,0.525,0.724,-11.282,0.0,0.0106,1.15e-05,0.0563,0.91,186.531
hiphop,0.806,0.718,-4.213,0.0,0.131,0.0,0.398,0.586,98.526
hiphop,0.867,0.679,-12.028,0.0,0.0336,1.59e-06,0.0742,0.68,101.293
hiphop,0.656,0.88,-5.425,0.0,0.0421,0.0,0.294,0.758,85.565
hiphop,0.526,0.919,-4.702,0.0,0.194,0.0,0.037,0.704,180.069
hiphop,0.646,0.458,-8.064,1.0,0.000506,0.0,0.108,0.21,145.942
hiphop,0.828,0.487,-6.142,0.0,0.247,1.86e-05,0.136,0.761,85.027
hiphop,0.711,0.62,-10.174,0.0,0.0175,0.0,0.134,0.805,179.817
hiphop,0.758,0.957,-2.281,1.0,0.039,0.0,0.133,0.966,111.121
hiphop,0.78,0.575,-7.247,0.0,0.43,0.0,0.143,0.773,84.492
hiphop,0.934,0.735,-6.668,1.0,0.031,8.6e-06,0.107,0.768,101.368
hiphop,0.694,0.796,-3.696,1.0,0.0713,0.0163,0.096,0.592,78.033
hiphop,0.858,0.76,-7.895,0.0,0.0217,0.0,0.322,0.951,93.082
hiphop,0.941,0.727,-11.592,1.0,0.00472,0.000811,0.177,0.623,128.746
hiphop,0.728,0.647,-5.199,0.0,0.0354,1.7e-06,0.285,0.215,160.009
hiphop,0.708,0.552,-7.101,1.0,0.542,0.00377,0.175,0.596,87.195
hiphop,0.635,0.777,-6.018,1.0,0.181,0.0,0.357,0.177,128.09
hiphop,0.905,0.414,-8.112,0.0,0.105,0.000366,0.0914,0.758,99.133
hiphop,0.647,0.514,-10.05,1.0,0.0655,0.0,0.398,0.386,79.975
hiphop,0.65,0.9,-4.099,0.0,0.0252,0.0,0.176,0.659,89.788
hiphop,0.89,0.633,-5.475,1.0,0.0232,0.000343,0.0993,0.425,139.948
hiphop,0.57,0.993,-3.757,1.0,0.00628,0.00796,0.0876,0.405,87.0
hiphop,0.805,0.737,-7.284,1.0,0.34,0.0,0.901,0.486,92.929
hiphop,0.92,0.811,-2.892,0.0,0.159,0.0026,0.0935,0.602,97.117
hiphop,0.324,0.938,-7.332,0.0,0.032,0.0321,0.0961,0.543,168.131
hiphop,0.838,0.763,-11.132,0.0,0.0915,1.37e-05,0.123,0.544,104.958
hiphop,0.721,0.589,-7.272,1.0,0.00258,0.0229,0.354,0.717,90.002
hiphop,0.847,0.402,-9.952,1.0,0.0118,0.0,0.283,0.752,99.693
hiphop,0.782,0.51,-5.724,0.0,0.143,0.0,0.115,0.118,99.993
hiphop,0.897,0.767,-4.544,1.0,0.0679,0.000364,0.129,0.675,134.913
hiphop,0.6,0.649,-8.372,1.0,0.115,0.00019,0.824,0.877,174.13
hiphop,0.742,0.844,-4.622,1.0,0.000634,0.0,0.0659,0.416,131.986
hiphop,0.744,0.637,-7.297,0.0,0.249,0.0,0.0965,0.697,139.882
hiphop,0.794,0.668,-8.363,1.0,0.131,0.00037,0.113,0.634,86.929
hiphop,0.876,0.657,-11.17,0.0,0.0171,0.00188,0.217,0.595,88.966
hiphop,0.801,0.55,-11.044,0.0,0.365,0.0234,0.117,0.609,94.994
hiphop,0.771,0.912,-5.06,1.0,0.0136,1.38e-06,0.0632,0.616,92.516
hiphop,0.804,0.908,-5.823,0.0,0.113,0.0,0.815,0.922,110.537
hiphop,0.706,0.716,-8.661,1.0,0.374,0.00171,0.214,0.579,169.518
hiphop,0.694,0.771,-7.7,1.0,0.235,0.0,0.131,0.81,101.462
hiphop,0.805,0.822,-6.805,0.0,0.149,0.0,0.115,0.788,107.579
hiphop,0.916,0.746,-4.785,1.0,0.0308,0.0,0.0696,0.716,96.667
hiphop,0.912,0.416,-5.943,0.0,0.437,0.306,0.09,0.677,90.013
hiphop,0.512,0.887,-4.245,1.0,0.0166,0.0,0.0764,0.649,78.752
hiphop,0.831,0.631,-6.997,0.0,0.135,0.0,0.187,0.648,90.913
hiphop,0.871,0.743,-5.442,1.0,0.00212,0.0,0.141,0.576,130.977
hiphop,0.738,0.88,-5.364,0.0,0.0175,0.0604,0.087,0.771,86.99
hiphop,0.86,0.861,-7.131,0.0,0.0361,4.07e-05,0.113,0.79,143.184
hiphop,0.692,0.983,-3.469,1.0,0.0417,0.0,0.21,0.792,75.992
hiphop,0.754,0.825,-5.366,0.0,0.039,0.0,0.0744,0.64,95.073
hiphop,0.752,0.658,-6.297,1.0,0.0421,0.0,0.0927,0.387,151.951
hiphop,0.859,0.599,-5.254,1.0,0.000362,8.2e-06,0.13,0.319,140.005
hiphop,0.775,0.837,-4.965,0.0,0.0383,0.0,0.315,0.807,95.86
hiphop,0.502,0.652,-7.224,1.0,0.0848,0.0,0.0675,0.648,136.08
hiphop,0.795,0.775,-7.492,1.0,0.0294,0.139,0.0367,0.833,96.027
hiphop,0.789,0.858,-5.542,1.0,0.127,0.0,0.349,0.775,140.022
hiphop,0.681,0.529,-7.897,0.0,0.201,0.0,0.184,0.568,91.081
hiphop,0.851,0.849,-3.383,0.0,0.497,2.05e-06,0.116,0.844,120.014
hiphop,0.778,0.867,-6.586,1.0,0.171,0.0,0.13,0.547,94.978
hiphop,0.572,0.822,-6.015,0.0,0.207,0.0,0.359,0.472,94.812
hiphop,0.486,0.951,-1.649,1.0,0.231,8.4e-06,0.36,0.744,164.048
hiphop,0.913,0.444,-8.718,1.0,0.0281,4.17e-05,0.0626,0.628,94.984
hiphop,0.928,0.494,-8.778,0.0,0.0711,8.16e-05,0.0826,0.619,96.374
hiphop,0.694,0.923,-1.077,0.0,0.153,0.0,0.0582,0.676,119.097
hiphop,0.875,0.745,-5.878,1.0,0.0227,2.37e-06,0.287,0.749,95.201
hiphop,0.697,0.756,-7.971,0.0,0.0589,0.0,0.383,0.785,96.015
hiphop,0.965,0.857,-8.458,0.0,0.00131,0.0,0.0726,0.951,127.656
hiphop,0.438,0.85,-2.245,1.0,0.000221,0.000123,0.254,0.805,82.384
hiphop,0.849,0.499,-7.872,1.0,0.117,4.97e-05,0.268,0.504,92.982
hiphop,0.886,0.673,-7.306,1.0,0.0476,0.0,0.259,0.336,101.97
hiphop,0.669,0.667,-7.028,0.0,0.187,0.0,0.172,0.512,77.985
hiphop,0.551,0.608,-7.475,1.0,0.336,1.32e-06,0.0681,0.605,92.939
hiphop,0.575,0.905,-2.372,1.0,0.253,0.0,0.269,0.753,110.165
hiphop,0.857,0.663,-11.964,0.0,0.0508,0.0,0.0681,0.726,101.945
hiphop,0.875,0.508,-12.308,1.0,0.0209,0.00261,0.227,0.82,104.361
hiphop,0.679,0.885,-4.156,0.0,0.0844,0.0,0.334,0.654,96.643
hiphop,0.725,0.737,-7.453,1.0,0.000633,0.00417,0.109,0.219,77.162
hiphop,0.747,0.52,-10.523,0.0,0.0977,0.0537,0.142,0.601,92.869
hiphop,0.686,0.631,-7.458,0.0,0.583,0.0,0.329,0.65,86.276
hiphop,0.744,0.574,-9.445,0.0,0.165,1.27e-05,0.295,0.805,86.278
hiphop,0.553,0.652,-6.685,1.0,0.0897,0.0,0.111,0.551,94.505
hiphop,0.794,0.589,-4.48,0.0,0.0778,0.0,0.249,0.672,81.821
hiphop,0.788,0.646,-6.751,1.0,0.463,3.2e-05,0.0898,0.561,88.007
hiphop,0.814,0.814,-8.219,1.0,0.0246,0.0,0.189,0.837,123.274
hiphop,0.769,0.836,-4.15,1.0,0.0618,0.0,0.182,0.651,88.978
hiphop,0.881,0.361,-14.728,0.0,0.0502,0.00458,0.246,0.799,96.43
hiphop,0.787,0.832,-4.671,1.0,0.0347,0.0,0.0593,0.814,92.606
hiphop,0.534,0.596,-10.289,1.0,0.641,2.16e-05,0.276,0.908,185.733
hiphop,0.786,0.9,-0.839,1.0,0.0262,0.0235,0.306,0.627,91.984
hiphop,0.874,0.768,-4.086,1.0,0.0554,0.0,0.041,0.636,106.095
hiphop,0.644,0.751,-5.652,1.0,0.662,0.0,0.17,0.759,99.948
hiphop,0.748,0.645,-7.644,1.0,0.302,0.0,0.108,0.141,76.474
hiphop,0.879,0.731,-12.762,1.0,0.00216,0.0,0.252,0.638,104.914
hiphop,0.692,0.521,-8.465,0.0,0.301,0.0,0.0565,0.463,100.45
hiphop,0.733,0.521,-3.657,0.0,0.107,0.0,0.0692,0.525,112.913
hiphop,0.788,0.594,-4.864,0.0,0.0249,1.65e-05,0.0534,0.691,83.84
hiphop,0.774,0.48,-6.599,0.0,0.109,0.000661,0.313,0.332,96.067
hiphop,0.828,0.792,-5.435,0.0,0.182,0.0,0.281,0.777,134.199
hiphop,0.817,0.584,-9.785,1.0,0.432,0.00609,0.225,0.501,99.947
hiphop,0.831,0.64,-6.093,1.0,0.106,0.0,0.119,0.445,91.991
hiphop,0.748,0.767,-7.806,0.0,0.0267,0.0,0.334,0.519,133.929
hiphop,0.607,0.618,-5.697,1.0,0.0564,0.0,0.0877,0.504,186.991
hiphop,0.859,0.423,-10.698,0.0,0.543,0.0,0.104,0.563,125.89
hiphop,0.844,0.886,-1.681,0.0,0.199,0.0,0.471,0.546,86.868
hiphop,0.69,0.567,-10.875,0.0,0.599,9.2e-05,0.116,0.609,96.002
hiphop,0.88,0.428,-8.28,1.0,0.149,5.05e-05,0.114,0.333,100.007
hiphop,0.797,0.656,-11.601,1.0,0.00721,0.0,0.0377,0.948,99.828
hiphop,0.801,0.74,-7.162,0.0,0.293,0.0,0.369,0.828,92.042
hiphop,0.675,0.68,-5.01,0.0,0.0655,0.0,0.354,0.845,155.698
hiphop,0.91,0.576,-13.256,0.0,0.0987,0.0023,0.195,0.907,112.877
hiphop,0.743,0.675,-4.267,0.0,0.0251,0.000717,0.0685,0.59,92.909
hiphop,0.679,0.645,-7.777,0.0,0.0518,0.0,0.145,0.203,125.795
hiphop,0.721,0.621,-4.378,1.0,0.00469,0.0103,0.199,0.568,159.967
hiphop,0.576,0.726,-4.409,1.0,0.0236,0.000161,0.678,0.82,81.022
hiphop,0.76,0.755,-4.735,0.0,0.0163,2.95e-06,0.0909,0.517,101.993
hiphop,0.9,0.845,-7.306,0.0,0.465,0.0,0.0724,0.914,111.187
hiphop,0.765,0.821,-5.926,0.0,0.0918,0.0,0.217,0.962,162.519
hiphop,0.724,0.853,-3.895,0.0,0.0164,0.0,0.65,0.775,170.51
hiphop,0.78,0.634,-5.941,1.0,0.0199,2.98e-05,0.29,0.754,125.25
hiphop,0.84,0.56,-10.53,0.0,0.00195,0.00417,0.633,0.775,111.815
hiphop,0.566,0.395,-11.989,0.0,0.219,0.00851,0.635,0.672,89.926
hiphop,0.562,0.861,-4.552,1.0,0.0091,0.0,0.297,0.725,76.966
hiphop,0.836,0.812,-6.985,1.0,0.188,1.82e-06,0.0982,0.769,92.009
hiphop,0.752,0.853,-5.769,1.0,0.105,3.2e-06,0.409,0.635,104.585
hiphop,0.579,0.673,-6.798,1.0,0.185,0.0,0.559,0.677,87.951
hiphop,0.824,0.595,-11.954,1.0,0.00212,0.0,0.106,0.711,93.993
hiphop,0.718,0.488,-12.136,1.0,0.276,1.79e-06,0.667,0.669,92.059
hiphop,0.644,0.781,-6.572,0.0,0.356,0.0,0.374,0.96,75.832
hiphop,0.785,0.648,-6.907,1.0,0.0157,0.00198,0.1,0.506,92.08
hiphop,0.926,0.427,-10.731,1.0,0.0258,0.000281,0.329,0.634,98.73
hiphop,0.462,0.944,-2.938,1.0,0.312,0.000149,0.367,0.65,172.33
hiphop,0.782,0.627,-6.509,0.0,0.00233,1.27e-05,0.201,0.485,94.967
hiphop,0.876,0.519,-6.531,1.0,0.202,0.0,0.108,0.158,94.981
latin,0.764,0.685,-5.548,0.0,0.27,0.0,0.318,0.925,82.027
latin,0.677,0.502,-7.098,1.0,0.489,0.0,0.0992,0.526,96.515
latin,0.721,0.806,-6.279,0.0,0.146,0.000319,0.341,0.753,120.038
latin,0.744,0.885,-3.533,1.0,0.0162,0.000543,0.338,0.881,160.04
latin,0.734,0.896,-3.652,1.0,0.0391,0.0,0.117,0.649,96.007
latin,0.757,0.795,-4.562,1.0,0.216,3.04e-05,0.0668,0.921,118.012
latin,0.712,0.841,-5.432,0.0,0.0685,7.87e-05,0.0672,0.658,98.003
latin,0.737,0.944,-1.436,0.0,0.113,0.0,0.383,0.89,124.989
latin,0.732,0.758,-1.694,1.0,0.214,0.0,0.388,0.78,98.007
latin,0.733,0.653,-4.136,1.0,0.164,0.00191,0.107,0.776,176.003
latin,0.83,0.739,-5.395,0.0,0.136,2.11e-06,0.162,0.631,97.993
latin,0.811,0.695,-3.942,0.0,0.395,0.0,0.109,0.51,93.991
latin,0.897,0.732,-4.483,0.0,0.581,0.0,0.178,0.863,131.987
latin,0.714,0.734,-7.125,0.0,0.176,0.000618,0.115,0.68,123.57
latin,0.796,0.712,-7.097,1.0,0.359,1.17e-05,0.374,0.622,94.013
latin,0.462,0.765,-7.011,1.0,0.324,0.231,0.0757,0.399,81.513
latin,0.643,0.613,-6.372,1.0,0.0168,0.0,0.0913,0.759,176.314
latin,0.835,0.836,-3.788,0.0,0.0559,1.41e-06,0.343,0.438,94.976
latin,0.791,0.861,-3.994,1.0,0.319,1.58e-06,0.125,0.606,88.004
latin,0.742,0.859,-4.942,1.0,0.0824,0.0,0.359,0.652,95.046
latin,0.803,0.594,-9.845,0.0,0.00405,0.00107,0.174,0.713,95.012
latin,0.648,0.752,-4.13,1.0,0.315,0.0,0.201,0.405,178.24
latin,0.845,0.529,-5.259,0.0,0.206,2.56e-06,0.0536,0.718,92.027
latin,0.376,0.695,-3.683,1.0,0.168,9.24e-06,0.0954,0.328,70.171
latin,0.78,0.877,-3.683,0.0,0.148,2.36e-06,0.0627,0.909,133.263
latin,0.737,0.607,-3.599,1.0,0.194,0.11,0.132,0.528,179.957
latin,0.666,0.619,-7.131,1.0,0.00135,0.00958,0.111,0.471,137.977
latin,0.877,0.768,-6.962,0.0,0.0376,1.01e-06,0.0491,0.856,93.991
latin,0.691,0.658,-6.496,1.0,0.398,4.58e-05,0.112,0.617,97.68
latin,0.642,0.683,-5.168,0.0,0.542,0.0,0.122,0.796,174.166
latin,0.871,0.481,-9.068,1.0,0.52,5.54e-05,0.0809,0.664,103.063
latin,0.757,0.711,-4.643,0.0,0.36,0.0,0.121,0.817,139.962
latin,0.909,0.716,-6.628,1.0,0.359,0.00224,0.106,0.417,105.078
latin,0.678,0.698,-4.57,1.0,0.00214,4.94e-06,0.0945,0.812,192.005
latin,0.622,0.818,-6.784,1.0,0.0831,0.0,0.31,0.849,138.495
latin,0.671,0.939,-3.206,1.0,0.191,0.0,0.298,0.53,129.024
latin,0.581,0.834,-5.185,1.0,0.216,0.0,0.323,0.517,164.015
latin,0.567,0.888,-3.201,1.0,0.0228,0.0,0.279,0.41,129.962
latin,0.628,0.69,-5.83,1.0,0.443,0.0,0.113,0.66,179.908
latin,0.704,0.691,-5.414,1.0,0.255,0.0,0.129,0.427,143.982
latin,0.792,0.895,-3.112,0.0,0.165,0.0,0.0501,0.794,94.968
latin,0.902,0.561,-6.902,0.0,0.0916,8.73e-05,0.302,0.964,134.971
latin,0.794,0.822,-6.448,1.0,0.174,0.000954,0.0986,0.62,91.995
latin,0.698,0.845,-4.705,1.0,0.176,0.0,0.239,0.749,171.938
latin,0.659,0.433,-9.426,0.0,0.368,0.000312,0.13,0.572,80.115
latin,0.655,0.797,-4.787,1.0,0.198,0.0,0.067,0.839,177.928
latin,0.713,0.88,-4.807,0.0,0.0498,4.11e-06,0.0762,0.936,112.998
latin,0.673,0.664,-5.382,0.0,0.376,0.0,0.111,0.586,174.972
latin,0.758,0.778,-3.562,1.0,0.0806,0.0,0.198,0.532,92.983
latin,0.854,0.912,-2.87,0.0,0.304,7.67e-05,0.142,0.882,129.688
latin,0.613,0.513,-5.641,1.0,0.102,0.0,0.109,0.31,131.78
latin,0.775,0.776,-7.598,1.0,0.0499,2.01e-06,0.121,0.521,100.014
latin,0.622,0.689,-8.611,0.0,0.0123,0.0,0.203,0.809,159.934
latin,0.852,0.773,-2.921,0.0,0.187,3.05e-05,0.159,0.907,102.034
latin,0.615,0.608,-10.809,1.0,0.733,2.48e-06,0.118,0.653,98.025
latin,0.629,0.668,-6.974,1.0,0.0287,0.0,0.159,0.904,214.025
latin,0.849,0.941,-6.448,1.0,0.0269,0.00717,0.0596,0.765,134.479
latin,0.417,0.715,-5.448,1.0,0.424,0.0,0.952,0.188,137.704
latin,0.714,0.671,-5.119,1.0,0.292,0.0,0.325,0.641,169.727
latin,0.638,0.865,-5.369,0.0,0.00933,0.000549,0.0547,0.961,132.018
latin,0.721,0.714,-5.436,0.0,0.107,0.0,0.562,0.506,94.002
latin,0.795,0.868,-3.106,0.0,0.184,1.07e-05,0.0519,0.751,179.966
latin,0.66,0.742,-8.08,1.0,0.00151,4.04e-06,0.15,0.46,130.271
latin,0.652,0.595,-4.04,1.0,0.15,0.000106,0.0836,0.421,172.277
latin,0.479,0.477,-6.886,1.0,0.127,0.0,0.15,0.127,151.97
latin,0.756,0.8,-3.673,1.0,0.066,0.0,0.0646,0.718,128.022
latin,0.802,0.828,-3.601,1.0,0.0217,0.0,0.0692,0.722,91.983
latin,0.727,0.468,-7.744,0.0,0.69,0.0148,0.25,0.346,116.823
latin,0.755,0.767,-4.446,1.0,0.00459,8.28e-06,0.0618,0.321,93.959
latin,0.767,0.758,-8.116,0.0,0.111,0.0,0.376,0.84,76.498
latin,0.826,0.44,-6.895,1.0,0.781,0.0,0.107,0.803,124.76
latin,0.555,0.895,-4.364,1.0,0.000804,0.0,0.0764,0.642,144.962
latin,0.502,0.625,-7.072,1.0,0.139,0.0,0.332,0.694,126.826
latin,0.374,0.727,-4.352,1.0,0.237,0.0,0.134,0.283,155.127
latin,0.881,0.848,-3.747,0.0,0.353,0.0,0.272,0.848,115.001
latin,0.694,0.52,-8.758,1.0,0.412,1.26e-06,0.137,0.52,108.06
latin,0.591,0.862,-3.641,0.0,0.198,0.0,0.212,0.896,94.616
latin,0.512,0.607,-5.289,1.0,0.205,0.0,0.29,0.668,63.25
latin,0.616,0.989,-1.698,0.0,0.166,0.0,0.172,0.902,95.036
latin,0.475,0.788,-3.124,1.0,0.0517,0.0,0.0829,0.23,147.627
latin,0.853,0.904,-4.734,1.0,0.0414,0.0203,0.285,0.831,108.012
latin,0.81,0.757,-3.583,1.0,0.0157,0.0003,0.0811,0.511,100.017
latin,0.641,0.761,-8.329,0.0,0.0937,0.0,0.131,0.53,96.968
latin,0.654,0.672,-5.98,0.0,0.471,0.0,0.0781,0.343,181.857
latin,0.804,0.674,-5.453,0.0,0.294,1.18e-06,0.115,0.292,99.968
latin,0.704,0.702,-6.661,0.0,0.178,0.0,0.311,0.579,122.073
latin,0.648,0.442,-9.895,0.0,0.625,0.0,0.757,0.962,157.702
latin,0.559,0.519,-10.803,1.0,0.723,6.86e-05,0.316,0.892,140.434
latin,0.635,0.74,-6.762,1.0,0.0201,0.0,0.365,0.639,96.022
latin,0.795,0.854,-5.462,1.0,0.162,1.21e-06,0.0923,0.549,105.992
latin,0.395,0.529,-7.877,0.0,0.618,6.41e-05,0.115,0.308,173.693
latin,0.82,0.804,-7.226,1.0,0.175,0.00215,0.064,0.844,110.982
latin,0.645,0.822,-3.679,1.0,0.0493,0.0,0.193,0.837,179.994
latin,0.883,0.616,-8.235,1.0,0.321,4.04e-05,0.069,0.759,120.048
latin,0.656,0.877,-3.231,0.0,0.345,0.0,0.349,0.894,105.018
latin,0.635,0.731,-5.703,1.0,0.163,7.61e-06,0.0874,0.611,187.997
latin,0.691,0.631,-4.423,0.0,0.202,0.0,0.246,0.967,156.005
latin,0.716,0.657,-4.3,0.0,0.0351,0.0,0.0912,0.253,129.899
latin,0.795,0.914,-6.493,0.0,0.00293,1.09e-06,0.283,0.851,119.959
latin,0.755,0.844,-6.234,0.0,0.328,8.8e-06,0.555,0.745,171.867
latin,0.802,0.849,-5.351,1.0,0.16,0.0,0.105,0.945,96.035
latin,0.851,0.646,-5.304,0.0,0.0689,3.24e-06,0.0721,0.588,92.994
latin,0.784,0.818,-4.142,1.0,0.0459,0.0,0.086,0.727,94.941
latin,0.762,0.449,-12.41,1.0,0.142,0.0,0.0645,0.881,161.498
latin,0.676,0.872,-7.739,0.0,0.672,4.28e-05,0.0976,0.788,154.986
latin,0.795,0.684,-3.971,0.0,0.0225,0.0,0.658,0.419,114.011
latin,0.772,0.927,-3.8,1.0,0.0916,0.00672,0.242,0.84,82.027
latin,0.764,0.805,-3.814,0.0,0.0385,0.0,0.163,0.646,130.097
latin,0.653,0.816,-4.353,1.0,0.228,0.0,0.0967,0.816,178.085
latin,0.682,0.623,-4.495,1.0,0.649,0.0,0.141,0.476,93.857
latin,0.564,0.71,-6.836,0.0,0.577,5.06e-06,0.342,0.855,135.471
latin,0.543,0.456,-6.325,1.0,0.719,0.0,0.0925,0.573,140.0
latin,0.665,0.769,-6.532,1.0,0.0776,6.84e-06,0.0754,0.76,138.001
latin,0.936,0.679,-7.384,1.0,0.035,5.06e-06,0.05,0.765,97.159
latin,0.651,0.939,-3.606,1.0,0.00604,0.0,0.139,0.733,133.05
latin,0.653,0.682,-6.152,0.0,0.5,2.2e-05,0.789,0.717,79.289
latin,0.443,0.201,-14.603,1.0,0.655,0.0,0.135,0.266,132.104
latin,0.464,0.536,-8.372,0.0,0.159,0.0,0.0969,0.252,145.772
latin,0.785,0.615,-6.57,1.0,0.0526,8.8e-05,0.355,0.871,112.008
latin,0.81,0.784,-3.223,0.0,0.0874,0.000166,0.083,0.817,88.001
latin,0.712,0.727,-3.15,1.0,0.168,0.0,0.296,0.465,180.039
latin,0.658,0.915,-6.564,1.0,0.0816,0.000967,0.173,0.973,155.343
latin,0.552,0.676,-6.475,1.0,0.247,0.0,0.177,0.452,147.769
latin,0.642,0.747,-6.547,0.0,0.148,0.0,0.332,0.396,94.91
latin,0.735,0.581,-10.768,0.0,0.042,0.00208,0.236,0.616,123.527
latin,0.789,0.713,-4.964,1.0,0.318,0.0,0.159,0.902,126.996
latin,0.877,0.661,-6.254,0.0,0.274,0.0,0.0854,0.434,89.998
latin,0.514,0.657,-7.125,1.0,0.263,0.0,0.197,0.172,129.946
latin,0.531,0.365,-7.708,1.0,0.732,0.0,0.101,0.26,135.976
latin,0.893,0.851,-6.42,1.0,0.0809,0.00143,0.0246,0.837,110.005
latin,0.901,0.512,-12.077,0.0,0.327,0.001,0.103,0.753,144.968
latin,0.821,0.602,-6.628,1.0,0.108,0.0,0.246,0.628,90.035
latin,0.78,0.725,-6.032,1.0,0.288,0.0,0.0851,0.431,100.92
latin,0.675,0.919,-6.075,0.0,0.0606,0.00653,0.103,0.726,97.017
latin,0.337,0.643,-7.122,1.0,0.467,1.86e-06,0.0857,0.167,175.875
latin,0.86,0.516,-5.518,0.0,0.0616,0.0,0.0791,0.591,98.005
latin,0.761,0.915,-4.163,0.0,0.297,0.0,0.0991,0.375,107.66
latin,0.563,0.877,-2.082,0.0,0.0293,0.0,0.0749,0.646,93.832
latin,0.808,0.682,-7.128,1.0,0.171,1.42e-06,0.464,0.491,89.987
latin,0.699,0.917,-4.897,1.0,0.078,0.0,0.065,0.889,130.04
latin,0.651,0.86,-5.065,1.0,0.156,0.0181,0.127,0.543,122.906
latin,0.816,0.776,-4.405,1.0,0.238,4.36e-06,0.0642,0.704,94.996
latin,0.445,0.786,-3.5,1.0,0.318,0.0,0.199,0.53,191.964
latin,0.702,0.768,-5.58,0.0,0.715,1.3e-05,0.0684,0.817,101.091
latin,0.701,0.997,-1.955,0.0,0.0193,3.02e-06,0.0922,0.93,131.889
latin,0.814,0.635,-7.434,1.0,0.574,0.0,0.0919,0.961,127.029
latin,0.69,0.902,-4.269,0.0,0.112,0.0,0.175,0.786,92.988
latin,0.499,0.495,-9.166,0.0,0.263,4.48e-05,0.104,0.473,99.957
latin,0.748,0.832,-7.526,1.0,0.167,6.7e-05,0.26,0.969,114.119
latin,0.517,0.428,-8.261,1.0,0.325,0.000175,0.124,0.27,76.773
latin,0.696,0.668,-5.063,1.0,0.361,0.0038,0.311,0.761,184.332
latin,0.786,0.604,-7.608,0.0,0.221,0.0166,0.063,0.81,97.461
latin,0.711,0.839,-6.288,1.0,0.0472,0.0,0.0806,0.932,179.936
latin,0.778,0.75,-5.456,0.0,0.0663,0.0,0.0917,0.636,167.936
latin,0.93,0.837,-4.632,0.0,0.256,2.37e-06,0.239,0.821,111.898
latin,0.546,0.46,-6.356,1.0,0.0422,0.0,0.139,0.27,143.947
latin,0.327,0.945,-2.633,0.0,0.0103,1.65e-06,0.157,0.712,189.298
latin,0.545,0.89,-3.129,1.0,0.546,0.0,0.139,0.891,177.086
latin,0.611,0.804,-5.61,0.0,0.058,0.0,0.651,0.67,90.738
latin,0.378,0.619,-6.794,1.0,0.305,0.0,0.413,0.349,87.387
latin,0.756,0.839,-7.309,1.0,0.365,4.04e-05,0.128,0.939,120.209
latin,0.771,0.885,-3.66,1.0,0.222,0.0,0.0918,0.826,128.031
latin,0.758,0.858,-7.69,1.0,0.289,0.0,0.0879,0.914,133.181
latin,0.757,0.688,-4.546,1.0,0.226,0.0,0.237,0.704,155.994
latin,0.676,0.91,-5.096,1.0,0.257,0.0,0.153,0.716,120.022
latin,0.62,0.754,-2.155,1.0,0.0578,0.0,0.0993,0.828,90.064
latin,0.541,0.544,-7.559,0.0,0.28,0.0115,0.289,0.456,98.015
latin,0.841,0.878,-4.772,0.0,0.0484,3.18e-06,0.335,0.966,115.973
latin,0.585,0.75,-3.974,1.0,0.203,0.0,0.3,0.619,179.881
latin,0.905,0.746,-6.034,0.0,0.127,0.0,0.278,0.524,95.009
latin,0.894,0.766,-4.441,1.0,0.118,9.8e-06,0.272,0.936,129.997
latin,0.793,0.525,-7.338,0.0,0.462,0.0,0.0601,0.784,133.703
latin,0.714,0.671,-5.119,1.0,0.289,0.0,0.325,0.641,169.732
latin,0.549,0.597,-7.813,1.0,0.0925,0.0,0.0721,0.593,168.092
latin,0.753,0.72,-4.223,0.0,0.383,0.0,0.0554,0.84,173.906
latin,0.786,0.696,-5.343,0.0,0.183,0.0,0.123,0.591,97.956
latin,0.696,0.82,-4.511,0.0,0.0712,0.0,0.132,0.43,100.064
latin,0.919,0.579,-7.338,0.0,0.226,0.000288,0.0776,0.941,130.205
latin,0.473,0.657,-6.278,1.0,0.0454,2.41e-06,0.068,0.294,74.996
latin,0.652,0.891,-6.858,1.0,0.396,0.0022,0.0767,0.934,179.604
latin,0.814,0.651,-7.041,1.0,0.302,0.00048,0.107,0.592,97.978
latin,0.687,0.907,-5.917,1.0,0.00105,0.000149,0.26,0.661,127.971
latin,0.666,0.921,-5.462,1.0,0.226,0.0,0.15,0.723,120.03
latin,0.578,0.666,-6.475,1.0,0.426,0.0,0.0969,0.863,100.771
latin,0.77,0.737,-4.5,1.0,0.0158,0.00793,0.0295,0.735,129.963
latin,0.804,0.745,-5.805,0.0,0.112,0.0,0.0925,0.512,95.024
latin,0.633,0.689,-7.105,0.0,0.0556,0.0,0.533,0.784,183.999
latin,0.601,0.464,-6.173,0.0,0.479,0.0,0.113,0.218,129.912
latin,0.684,0.808,-2.737,1.0,0.0518,1.02e-05,0.0858,0.712,173.905
latin,0.725,0.86,-3.726,1.0,0.422,0.000284,0.0674,0.791,175.896
latin,0.808,0.903,-4.871,0.0,0.144,0.0,0.224,0.884,92.0
latin,0.83,0.837,-4.789,0.0,0.0784,5.87e-05,0.0824,0.744,115.976
latin,0.394,0.508,-3.522,1.0,0.795,3.87e-06,0.0627,0.167,89.222
latin,0.755,0.88,-3.003,1.0,0.162,1.32e-05,0.132,0.812,94.022
latin,0.7,0.773,-5.258,0.0,0.455,0.0023,0.383,0.9,129.982
latin,0.346,0.641,-5.627,1.0,0.136,8.4e-06,0.108,0.159,77.281
latin,0.627,0.675,-7.125,0.0,0.125,0.0,0.0784,0.961,79.31
latin,0.76,0.678,-11.776,0.0,0.511,0.00936,0.0846,0.965,122.45
latin,0.71,0.833,-9.13,1.0,0.0171,0.0258,0.0645,0.89,132.012
latin,0.769,0.701,-1.971,0.0,0.167,1.31e-06,0.0726,0.349,130.011
latin,0.634,0.84,-5.933,1.0,0.00168,0.0237,0.207,0.393,97.998
latin,0.343,0.436,-11.224,1.0,0.513,0.0,0.071,0.334,75.535
latin,0.714,0.85,-7.864,1.0,0.228,0.0,0.108,0.855,102.009
latin,0.739,0.797,-9.92,1.0,0.266,0.341,0.15,0.836,94.994
latin,0.832,0.74,-4.862,1.0,0.101,0.0,0.339,0.714,90.045
latin,0.949,0.614,-4.719,1.0,0.6,0.0,0.236,0.954,133.026
latin,0.648,0.456,-8.401,1.0,0.611,1.55e-06,0.209,0.961,141.189
latin,0.654,0.695,-3.987,0.0,0.0643,0.0,0.098,0.582,81.153
latin,0.874,0.628,-6.41,0.0,0.0666,1.19e-05,0.15,0.323,113.048
latin,0.681,0.907,-8.181,1.0,0.0497,0.0,0.715,0.94,149.938
latin,0.728,0.689,-5.718,1.0,0.293,1.26e-05,0.109,0.431,170.089
latin,0.621,0.918,-3.01,0.0,0.0753,0.0,0.13,0.838,151.988
latin,0.663,0.882,-4.628,1.0,0.0178,0.000147,0.423,0.789,117.718
latin,0.647,0.498,-8.199,1.0,0.203,1.25e-06,0.105,0.449,78.0
latin,0.839,0.643,-5.252,0.0,0.0756,0.000143,0.305,0.735,129.104
latin,0.74,0.892,-2.756,0.0,0.025,0.0,0.188,0.826,105.003
latin,0.626,0.769,-5.296,0.0,0.00291,0.0,0.0598,0.237,127.949
latin,0.585,0.633,-12.271,1.0,0.374,2.08e-06,0.06,0.937,175.325
latin,0.747,0.698,-5.825,0.0,0.458,0.0,0.0712,0.827,92.918
latin,0.933,0.882,-6.394,0.0,0.146,0.00923,0.0974,0.822,134.09
latin,0.474,0.401,-8.32,1.0,0.332,0.0,0.105,0.326,143.658
latin,0.699,0.818,-8.969,1.0,0.0885,3e-05,0.289,0.803,137.387
latin,0.721,0.776,-6.256,1.0,0.0491,0.0,0.237,0.771,120.006
latin,0.506,0.674,-4.546,1.0,0.209,0.0,0.105,0.313,139.967
latin,0.787,0.679,-4.913,1.0,0.416,0.0,0.15,0.876,89.996
latin,0.899,0.626,-4.228,0.0,0.076,0.0,0.0631,0.873,88.007
latin,0.737,0.708,-6.122,0.0,0.253,1.92e-05,0.0661,0.459,136.019
latin,0.656,0.665,-1.387,1.0,0.149,8.33e-06,0.16,0.569,189.984
latin,0.47,0.652,-3.343,1.0,0.658,6.66e-06,0.0987,0.505,144.739
latin,0.415,0.711,-6.247,1.0,0.0271,0.00176,0.361,0.649,83.561
latin,0.727,0.362,-13.524,0.0,0.447,0.00186,0.303,0.929,76.528
latin,0.864,0.826,-5.64,0.0,0.251,3.85e-05,0.465,0.617,90.031
latin,0.792,0.693,-5.93,1.0,0.338,0.0,0.189,0.879,134.098
latin,0.631,0.457,-9.287,1.0,0.389,0.0,0.283,0.384,120.226
latin,0.782,0.666,-5.085,1.0,0.139,0.0,0.315,0.801,90.043
latin,0.738,0.85,-5.818,0.0,0.0775,0.0,0.162,0.678,94.999
latin,0.795,0.736,-5.219,1.0,0.0737,0.0,0.0817,0.93,129.02
latin,0.726,0.836,-3.791,1.0,0.0262,0.0177,0.229,0.962,122.019
latin,0.631,0.955,-2.681,1.0,0.00227,0.0406,0.413,0.824,122.984
latin,0.677,0.946,-4.813,1.0,0.156,0.00833,0.191,0.934,193.962
latin,0.671,0.609,-5.03,1.0,0.143,0.0,0.141,0.701,175.98
latin,0.776,0.844,-5.305,1.0,0.0277,0.000244,0.135,0.868,125.972
latin,0.531,0.548,-5.469,1.0,0.763,0.0,0.115,0.328,78.097
latin,0.806,0.736,-5.874,1.0,0.0649,1.63e-06,0.0421,0.729,96.001
latin,0.829,0.951,-13.509,1.0,0.24,0.262,0.172,0.858,129.995
latin,0.596,0.71,-5.815,1.0,0.243,0.0,0.204,0.632,117.871
latin,0.909,0.785,-3.648,0.0,0.248,3.55e-06,0.228,0.903,96.984
latin,0.773,0.917,-2.166,0.0,0.0946,0.000106,0.0885,0.763,105.964
latin,0.516,0.286,-8.687,1.0,0.893,0.0,0.114,0.419,168.103
latin,0.532,0.935,-3.126,1.0,0.00644,0.0,0.11,0.662,139.887
latin,0.786,0.695,-5.343,0.0,0.185,0.0,0.123,0.591,97.957
latin,0.626,0.714,-3.824,1.0,0.507,0.000851,0.101,0.484,99.907
latin,0.847,0.814,-4.431,0.0,0.399,1.23e-05,0.0661,0.895,144.28
latin,0.796,0.866,-6.087,0.0,0.096,0.00025,0.0561,0.877,94.991
latin,0.665,0.689,-7.344,0.0,0.111,0.0,0.0657,0.782,177.879
latin,0.668,0.571,-5.642,0.0,0.126,0.0,0.193,0.379,135.016
latin,0.889,0.641,-4.494,1.0,0.0515,2.75e-05,0.19,0.588,87.99
latin,0.658,0.815,-6.834,1.0,0.0168,0.0,0.341,0.837,99.276
latin,0.825,0.807,-5.753,1.0,0.0741,4.79e-06,0.138,0.816,103.053
latin,0.775,0.828,-3.972,1.0,0.289,0.0,0.434,0.571,79.992
latin,0.361,0.408,-9.807,1.0,0.842,0.0,0.116,0.315,81.057
latin,0.602,0.811,-3.128,1.0,0.0766,0.0,0.273,0.807,159.829
latin,0.548,0.568,-4.46,0.0,0.675,0.0,0.0916,0.735,83.308
latin,0.496,0.715,-7.766,1.0,0.0954,0.0,0.338,0.667,195.763
latin,0.791,0.841,-3.267,0.0,0.0913,0.0,0.0913,0.828,97.037
latin,0.427,0.586,-5.325,1.0,0.324,0.0,0.0818,0.509,178.058
latin,0.632,0.896,-7.635,1.0,0.0717,1.32e-05,0.37,0.924,141.374
latin,0.722,0.86,-2.99,1.0,0.498,0.0,0.161,0.757,122.001
latin,0.688,0.62,-8.029,0.0,0.753,5.32e-06,0.157,0.727,170.011
latin,0.616,0.702,-8.467,0.0,0.00321,0.0,0.391,0.41,78.728
latin,0.698,0.881,-3.106,0.0,0.133,0.0,0.315,0.83,123.991
latin,0.827,0.781,-5.914,1.0,0.188,0.000759,0.249,0.961,95.411
latin,0.733,0.859,-5.087,1.0,0.0431,0.0,0.822,0.845,170.047
latin,0.831,0.789,-5.498,1.0,0.121,0.0,0.328,0.826,101.037
latin,0.733,0.897,-3.652,1.0,0.0391,0.0,0.117,0.649,96.006
latin,0.598,0.251,-13.057,1.0,0.894,0.00247,0.0996,0.179,122.838
latin,0.744,0.608,-5.791,1.0,0.0743,1.08e-06,0.0902,0.785,107.941
latin,0.913,0.816,-3.908,0.0,0.415,0.000186,0.138,0.964,129.97
latin,0.531,0.834,-3.944,1.0,0.277,0.0,0.131,0.526,142.026
latin,0.724,0.32,-9.727,1.0,0.331,0.0,0.0725,0.426,134.048
latin,0.61,0.948,-2.013,1.0,0.0435,7.78e-05,0.931,0.572,138.539
latin,0.903,0.817,-3.972,1.0,0.0272,0.000311,0.242,0.732,102.014
latin,0.707,0.843,-4.036,0.0,0.0268,0.0,0.374,0.766,100.021
latin,0.562,0.755,-4.367,0.0,0.0967,2.25e-05,0.143,0.609,83.997
latin,0.682,0.533,-8.151,1.0,0.53,0.0,0.0829,0.761,144.394
latin,0.746,0.852,-4.329,1.0,0.5,3.95e-06,0.165,0.904,102.088
latin,0.603,0.661,-5.857,0.0,0.221,0.000303,0.0997,0.919,92.135
latin,0.712,0.816,-9.123,0.0,0.00704,9.06e-05,0.456,0.559,100.009
latin,0.783,0.748,-4.683,1.0,0.147,0.0,0.173,0.806,93.222
latin,0.673,0.563,-5.41,0.0,0.153,0.00356,0.0559,0.698,121.503
latin,0.912,0.395,-8.971,0.0,0.834,0.113,0.0712,0.927,128.092
latin,0.878,0.799,-2.029,1.0,0.09,6e-06,0.392,0.85,110.044
latin,0.733,0.68,-8.09,0.0,0.335,1.5e-05,0.094,0.818,145.092
latin,0.674,0.774,-6.004,0.0,0.325,1.52e-06,0.323,0.702,129.951
latin,0.743,0.804,-6.327,1.0,0.0231,0.0,0.0494,0.425,104.822
latin,0.751,0.788,-6.011,1.0,0.267,0.0,0.189,0.939,133.294
latin,0.694,0.853,-4.207,0.0,0.0367,9.89e-05,0.352,0.74,93.08
latin,0.741,0.552,-6.193,0.0,0.417,1.37e-06,0.117,0.444,94.987
latin,0.924,0.782,-4.55,0.0,0.246,0.0,0.0659,0.745,95.01
latin,0.5,0.871,-6.251,0.0,0.71,9.67e-06,0.0795,0.675,94.446
latin,0.857,0.772,-4.737,0.0,0.188,0.00181,0.0851,0.589,94.03
latin,0.651,0.884,-3.986,0.0,0.0242,5.36e-06,0.202,0.285,125.941
latin,0.704,0.698,-4.679,0.0,0.238,0.0,0.109,0.61,177.867
latin,0.688,0.812,-4.355,1.0,0.243,0.0,0.0742,0.834,89.01
latin,0.727,0.815,-2.454,1.0,0.0258,0.0,0.231,0.677,176.075
latin,0.749,0.815,-6.381,0.0,0.228,0.00117,0.0838,0.866,102.218
latin,0.613,0.307,-11.374,1.0,0.605,0.000143,0.148,0.29,131.001
latin,0.778,0.864,-3.043,1.0,0.135,0.0,0.312,0.903,96.771
latin,0.898,0.543,-8.317,0.0,0.343,0.000623,0.338,0.359,98.992
latin,0.739,0.627,-6.063,0.0,0.293,0.0,0.477,0.251,134.045
latin,0.845,0.832,-7.289,1.0,0.0558,4.83e-06,0.0765,0.773,115.029
latin,0.539,0.566,-8.21,1.0,0.188,0.0,0.101,0.628,74.997
latin,0.605,0.737,-5.601,1.0,0.177,0.0,0.116,0.825,74.882
latin,0.847,0.844,-5.825,0.0,0.00803,0.000144,0.0729,0.849,95.986
latin,0.869,0.63,-7.058,1.0,0.198,7.38e-05,0.0749,0.844,124.017
latin,0.872,0.872,-6.328,1.0,0.0476,0.00112,0.0543,0.809,116.948
latin,0.729,0.762,-6.748,1.0,0.298,0.0,0.161,0.783,95.957
latin,0.766,0.788,-3.128,0.0,0.105,5.81e-06,0.142,0.609,179.984
latin,0.724,0.77,-4.024,1.0,0.184,3.7e-05,0.243,0.935,176.243
latin,0.898,0.669,-6.618,1.0,0.0835,1.92e-06,0.0837,0.84,125.136
latin,0.908,0.813,-2.749,0.0,0.305,0.0,0.278,0.924,97.018
latin,0.7,0.534,-6.113,1.0,0.167,0.0,0.102,0.368,157.987
latin,0.857,0.846,-4.334,1.0,0.131,1.53e-06,0.081,0.901,137.033
latin,0.954,0.621,-4.773,0.0,0.106,0.0,0.0877,0.953,113.13
latin,0.722,0.893,-4.937,1.0,0.291,0.0,0.0967,0.685,110.024
latin,0.816,0.71,-3.728,1.0,0.165,0.0,0.292,0.784,93.02
latin,0.463,0.298,-12.221,1.0,0.751,0.0,0.144,0.392,143.982
latin,0.699,0.83,-10.935,1.0,0.275,0.00241,0.121,0.731,92.855
latin,0.77,0.373,-6.931,1.0,0.317,0.0,0.217,0.293,131.975
latin,0.704,0.533,-6.94,0.0,0.587,1.64e-05,0.254,0.695,94.056
latin,0.757,0.632,-6.83,1.0,0.499,0.0,0.0723,0.742,122.936
latin,0.727,0.848,-5.727,1.0,0.013,0.0,0.102,0.792,130.007
latin,0.745,0.61,-6.725,1.0,0.173,0.000626,0.147,0.476,95.033
latin,0.759,0.664,-4.519,0.0,0.0801,8.83e-05,0.0665,0.623,96.992
latin,0.79,0.606,-7.699,1.0,0.014,0.00488,0.133,0.903,135.276
latin,0.822,0.708,-4.651,0.0,0.169,1.84e-05,0.114,0.456,94.974
latin,0.904,0.686,-5.923,0.0,0.0908,4.6e-05,0.0669,0.896,132.107
latin,0.705,0.86,-4.684,1.0,0.102,3.01e-05,0.0842,0.952,93.519
latin,0.86,0.72,-6.191,0.0,0.0234,0.168,0.377,0.23,120.0
latin,0.593,0.691,-7.731,1.0,0.0303,0.0,0.0899,0.323,90.013
latin,0.681,0.599,-8.713,0.0,0.573,0.0225,0.154,0.839,95.974
latin,0.524,0.361,-6.21,1.0,0.725,0.00385,0.0975,0.203,172.002
latin,0.578,0.524,-4.447,1.0,0.186,0.0,0.126,0.196,135.739
latin,0.399,0.651,-6.348,1.0,0.0892,0.0,0.208,0.395,172.111
latin,0.826,0.745,-3.615,1.0,0.0187,0.0237,0.163,0.605,121.002
latin,0.866,0.86,-3.087,0.0,0.138,0.0,0.402,0.924,109.973
latin,0.543,0.436,-8.198,1.0,0.756,2.26e-05,0.146,0.525,143.389
latin,0.74,0.592,-6.388,1.0,0.218,0.0,0.0726,0.549,126.914
latin,0.74,0.894,-5.445,1.0,0.231,0.0,0.111,0.6,130.01
latin,0.784,0.461,-9.546,0.0,0.662,5.9e-05,0.107,0.733,102.165
latin,0.801,0.58,-7.132,0.0,0.307,0.0,0.0814,0.642,95.014
latin,0.815,0.66,-7.68,0.0,0.381,0.0,0.128,0.643,101.006
latin,0.734,0.737,-6.254,0.0,0.199,0.0,0.128,0.831,172.058
latin,0.746,0.506,-7.945,1.0,0.159,0.0,0.273,0.35,101.361
latin,0.521,0.884,-2.739,0.0,0.000371,0.0182,0.0659,0.61,75.019
latin,0.747,0.74,-4.325,0.0,0.0165,9.94e-05,0.101,0.552,176.062
latin,0.759,0.656,-6.598,1.0,0.0256,0.00705,0.346,0.554,132.019
latin,0.421,0.863,-4.319,0.0,0.0083,0.0,0.302,0.748,179.874
latin,0.798,0.821,-6.143,1.0,0.0985,5.84e-06,0.178,0.526,95.004
latin,0.59,0.799,-6.603,1.0,0.181,3.69e-06,0.211,0.326,108.007
latin,0.619,0.896,-4.233,0.0,0.223,0.0,0.101,0.952,136.648
latin,0.781,0.959,-2.648,1.0,0.23,1.09e-06,0.0429,0.903,144.995
latin,0.637,0.572,-6.913,0.0,0.113,0.0,0.0645,0.615,138.177
latin,0.829,0.878,-5.951,1.0,0.0959,0.0,0.776,0.883,87.991
latin,0.747,0.534,-7.163,1.0,0.382,0.0,0.0606,0.36,98.025
latin,0.694,0.81,-3.556,0.0,0.122,0.0,0.141,0.824,137.968
latin,0.666,0.751,-4.417,1.0,0.451,0.0,0.355,0.733,140.008
latin,0.625,0.55,-6.916,1.0,0.301,0.0,0.11,0.353,83.007
latin,0.64,0.818,-4.61,0.0,0.00818,1.25e-05,0.275,0.763,137.003
latin,0.835,0.703,-4.177,0.0,0.56,0.0,0.144,0.502,94.211
latin,0.834,0.945,-6.527,1.0,0.187,0.0775,0.0731,0.934,130.418
latin,0.849,0.438,-10.388,0.0,0.385,8e-05,0.15,0.785,125.497
latin,0.55,0.488,-6.287,1.0,0.773,0.0,0.118,0.153,118.134
latin,0.794,0.576,-12.111,1.0,0.225,0.00381,0.0854,0.914,94.993
latin,0.733,0.783,-4.788,1.0,0.156,0.0,0.286,0.634,93.018
latin,0.673,0.869,-4.566,1.0,0.513,0.0,0.157,0.728,119.106
latin,0.859,0.763,-8.598,1.0,0.169,8.25e-06,0.118,0.786,99.987
latin,0.328,0.517,-6.124,1.0,0.266,0.0,0.262,0.287,184.446
latin,0.934,0.708,-3.773,1.0,0.226,0.0155,0.555,0.758,123.008
latin,0.675,0.924,-4.879,1.0,0.287,0.0,0.256,0.643,120.069
latin,0.575,0.679,-3.845,1.0,0.0664,0.0,0.0956,0.601,107.878
latin,0.827,0.866,-3.526,0.0,0.0836,0.0,0.0755,0.969,112.979
latin,0.62,0.891,-4.446,1.0,0.0722,0.0,0.131,0.777,130.984
latin,0.826,0.532,-11.731,1.0,0.292,0.0,0.075,0.45,92.003
latin,0.848,0.814,-5.587,1.0,0.137,0.0,0.176,0.961,163.993
latin,0.783,0.796,-4.039,1.0,0.673,5.11e-06,0.0672,0.971,100.07
latin,0.722,0.907,-2.5,1.0,0.292,0.00263,0.17,0.929,99.633
latin,0.797,0.798,-5.311,1.0,0.554,2.38e-05,0.366,0.967,131.966
latin,0.609,0.851,-5.738,1.0,0.104,0.0,0.181,0.741,142.655
latin,0.727,0.85,-5.536,1.0,0.47,0.0,0.056,0.867,103.967
latin,0.521,0.679,-6.664,0.0,0.482,0.921,0.0928,0.207,92.992
latin,0.633,0.782,-6.766,1.0,0.185,0.00011,0.0778,0.757,103.585
latin,0.751,0.821,-4.212,0.0,0.732,0.0,0.35,0.827,110.078
latin,0.763,0.58,-6.196,1.0,0.0466,1.6e-05,0.154,0.608,175.937
latin,0.775,0.507,-9.289,0.0,0.0015,3.34e-06,0.0677,0.752,92.229
latin,0.672,0.779,-5.249,1.0,0.161,0.0,0.152,0.725,97.017
latin,0.678,0.752,-4.242,1.0,0.071,5.15e-06,0.0963,0.662,167.822
latin,0.792,0.774,-5.339,1.0,0.253,0.0,0.119,0.582,100.018
latin,0.621,0.675,-5.941,1.0,0.295,0.0,0.174,0.747,125.122
latin,0.792,0.909,-3.135,1.0,0.114,0.00012,0.266,0.6,113.302
latin,0.58,0.49,-6.272,1.0,0.546,0.0,0.0827,0.165,75.929
latin,0.759,0.636,-5.585,1.0,0.0224,0.000143,0.166,0.536,109.976
latin,0.647,0.468,-8.871,1.0,0.0827,0.00276,0.0807,0.262,140.037
latin,0.767,0.964,-3.664,1.0,0.516,0.002,0.11,0.843,112.381
latin,0.408,0.584,-5.634,1.0,0.267,0.0,0.223,0.403,118.688
latin,0.532,0.537,-5.618,1.0,0.562,0.0,0.0837,0.365,143.915
latin,0.631,0.751,-6.457,1.0,0.449,0.0,0.286,0.685,143.924
latin,0.822,0.736,-3.969,1.0,0.157,0.000781,0.0748,0.679,175.93
latin,0.611,0.382,-11.003,1.0,0.132,0.0,0.222,0.307,119.962
latin,0.814,0.844,-5.015,0.0,0.198,7.38e-06,0.0686,0.502,94.002
latin,0.686,0.741,-3.517,1.0,0.173,0.0,0.16,0.565,98.011
latin,0.51,0.556,-5.937,1.0,0.68,0.0,0.954,0.321,87.739
latin,0.701,0.896,-6.459,1.0,0.0866,0.0,0.0572,0.896,130.067
latin,0.549,0.764,-5.881,1.0,0.528,0.0,0.0782,0.573,157.502
latin,0.704,0.756,-4.948,1.0,0.298,3.75e-06,0.0852,0.461,121.737
latin,0.643,0.576,-6.896,1.0,0.0267,0.0,0.273,0.699,97.022
latin,0.713,0.654,-6.805,0.0,0.284,4.36e-05,0.612,0.479,176.033
latin,0.536,0.598,-9.608,1.0,0.00314,0.0,0.319,0.465,83.954
latin,0.822,0.633,-3.897,0.0,0.134,0.0,0.177,0.689,170.016
latin,0.652,0.666,-5.383,0.0,0.379,0.0,0.11,0.554,174.732
latin,0.76,0.827,-4.015,0.0,0.046,0.0,0.109,0.633,130.321
latin,0.656,0.705,-4.262,0.0,0.166,0.0,0.202,0.53,172.003
latin,0.807,0.606,-8.871,0.0,0.0946,0.0,0.119,0.304,92.988
latin,0.544,0.703,-4.432,0.0,0.588,0.0,0.127,0.507,81.191
latin,0.28,0.369,-14.425,1.0,0.113,0.000129,0.0995,0.203,203.616
latin,0.83,0.679,-3.519,0.0,0.137,7.78e-05,0.0905,0.213,95.003
latin,0.804,0.642,-4.418,0.0,0.0442,0.0,0.197,0.687,119.996
latin,0.719,0.844,-3.529,1.0,0.0793,0.0,0.0551,0.941,90.951
latin,0.752,0.589,-9.145,0.0,0.0336,0.0,0.0903,0.745,130.041
latin,0.85,0.741,-4.26,0.0,0.0237,0.000189,0.102,0.913,92.986
latin,0.611,0.781,-5.261,1.0,0.08,0.0,0.264,0.413,186.162
latin,0.705,0.8,-8.332,1.0,0.0474,1.5e-06,0.448,0.48,156.109
latin,0.734,0.53,-10.252,1.0,0.0236,0.000816,0.175,0.527,160.001
latin,0.701,0.767,-3.055,1.0,0.0135,7.29e-06,0.0612,0.695,188.085
latin,0.913,0.704,-5.975,1.0,0.0489,0.0,0.0729,0.972,132.017
latin,0.648,0.846,-6.731,1.0,0.199,4.23e-06,0.0803,0.815,160.075
latin,0.531,0.514,-11.253,1.0,0.432,0.0,0.155,0.372,141.233
latin,0.836,0.782,-5.93,1.0,0.328,9.41e-06,0.211,0.846,98.0
latin,0.815,0.974,-6.065,0.0,0.0465,5.48e-05,0.132,0.873,114.302
latin,0.709,0.726,-7.129,1.0,0.0977,0.0,0.301,0.405,92.014
latin,0.653,0.858,-4.646,0.0,0.0235,0.0,0.11,0.583,127.981
latin,0.827,0.788,-11.937,0.0,0.246,0.0,0.0764,0.815,109.933
latin,0.781,0.645,-4.136,0.0,0.0903,1.58e-06,0.226,0.803,128.007
latin,0.722,0.682,-4.796,1.0,0.427,0.0,0.954,0.561,110.025
latin,0.82,0.788,-5.478,0.0,0.272,1.65e-06,0.0404,0.648,93.961
latin,0.772,0.843,-4.645,0.0,0.0204,7.03e-06,0.0885,0.822,104.992
latin,0.691,0.916,-4.605,1.0,0.241,2.73e-05,0.369,0.811,96.02
latin,0.78,0.856,-5.316,0.0,0.116,0.0,0.0595,0.712,120.049
latin,0.708,0.76,-3.02,1.0,0.0104,8.35e-06,0.0462,0.706,188.124
latin,0.622,0.698,-6.282,1.0,0.209,0.0,0.13,0.686,145.903
latin,0.553,0.722,-7.794,1.0,0.101,2.83e-05,0.958,0.257,91.267
latin,0.575,0.507,-7.476,1.0,0.419,2.27e-05,0.103,0.238,144.081
latin,0.795,0.755,-5.804,0.0,0.315,0.0,0.253,0.599,95.991
latin,0.842,0.579,-5.504,1.0,0.119,0.126,0.137,0.7,95.005
latin,0.933,0.617,-5.222,1.0,0.491,2.32e-05,0.0642,0.963,130.139
latin,0.757,0.571,-4.547,0.0,0.264,8.97e-06,0.313,0.538,159.933
latin,0.627,0.768,-5.296,0.0,0.00291,0.0,0.0598,0.237,127.953
latin,0.534,0.614,-6.69,1.0,0.557,0.0,0.199,0.238,147.739
latin,0.705,0.609,-4.897,1.0,0.0257,0.0,0.0846,0.476,115.474
latin,0.658,0.818,-6.173,0.0,0.674,8.49e-06,0.38,0.923,173.075
latin,0.607,0.671,-5.986,1.0,0.159,0.0038,0.117,0.674,150.001
latin,0.51,0.725,-5.183,0.0,0.327,6.69e-06,0.074,0.836,98.5
latin,0.711,0.841,-4.775,0.0,0.231,9.85e-05,0.191,0.964,176.027
latin,0.887,0.66,-4.299,0.0,0.316,0.0,0.0721,0.959,129.968
latin,0.748,0.787,-4.026,0.0,0.356,0.00625,0.122,0.711,81.99
latin,0.598,0.674,-3.653,1.0,0.452,0.0,0.166,0.803,72.205
latin,0.668,0.533,-7.409,1.0,0.117,0.0,0.305,0.676,163.733
latin,0.762,0.706,-9.23,0.0,0.353,0.0,0.707,0.924,76.519
latin,0.763,0.578,-3.894,0.0,0.2,5.12e-06,0.0595,0.818,175.959
latin,0.766,0.72,-6.48,1.0,0.394,0.0107,0.0519,0.851,105.674
latin,0.74,0.63,-6.634,0.0,0.0212,0.0,0.299,0.763,89.952
latin,0.778,0.595,-8.627,1.0,0.417,0.0,0.0615,0.774,104.009
latin,0.774,0.687,-4.818,0.0,0.0179,1.17e-05,0.128,0.308,104.959
latin,0.738,0.67,-4.407,0.0,0.487,3.25e-06,0.295,0.475,90.004
latin,0.32,0.515,-8.018,1.0,0.373,1.74e-06,0.089,0.568,78.021
latin,0.778,0.824,-5.892,0.0,0.284,0.0,0.405,0.758,100.024
latin,0.919,0.677,-5.158,1.0,0.573,3.35e-06,0.212,0.973,129.992
latin,0.607,0.729,-4.269,1.0,0.393,0.0,0.18,0.343,169.726
latin,0.855,0.638,-5.925,1.0,0.275,0.000259,0.105,0.641,81.988
latin,0.711,0.819,-7.343,1.0,0.366,0.0,0.283,0.553,108.011
latin,0.322,0.656,-6.034,1.0,0.449,0.0,0.0814,0.401,160.612
latin,0.522,0.585,-7.205,1.0,0.00208,0.0,0.0909,0.411,97.99
latin,0.845,0.709,-5.676,0.0,0.0109,0.0658,0.0826,0.476,95.001
latin,0.819,0.641,-5.082,1.0,0.65,6.24e-05,0.137,0.804,129.931
latin,0.707,0.886,-6.693,1.0,0.123,0.0,0.235,0.68,98.065
latin,0.713,0.699,-6.426,1.0,0.533,0.0,0.112,0.753,100.079
latin,0.471,0.667,-6.987,1.0,0.257,8.64e-06,0.331,0.791,171.885
latin,0.42,0.753,-7.347,1.0,0.542,1.87e-05,0.413,0.725,81.417
latin,0.734,0.594,-7.006,1.0,0.622,0.0,0.094,0.573,104.043
latin,0.591,0.785,-7.768,1.0,0.161,0.0,0.126,0.785,106.002
latin,0.578,0.471,-8.182,1.0,0.498,1.49e-06,0.1,0.54,147.611
latin,0.735,0.61,-8.635,1.0,0.598,0.0,0.0541,0.789,91.951
latin,0.349,0.607,-4.679,1.0,0.294,0.0,0.299,0.165,59.098
latin,0.592,0.638,-6.312,1.0,0.0562,1.34e-05,0.925,0.424,94.058
latin,0.676,0.67,-7.218,0.0,0.00565,0.00676,0.0805,0.725,90.232
latin,0.729,0.651,-6.341,1.0,0.172,0.0,0.119,0.632,96.004
latin,0.679,0.563,-13.284,0.0,0.636,0.0,0.309,0.89,78.942
latin,0.727,0.796,-3.918,0.0,0.0627,0.0,0.166,0.701,180.069
latin,0.782,0.783,-8.274,1.0,0.0313,4.06e-06,0.196,0.743,103.985
latin,0.748,0.792,-3.817,1.0,0.0618,0.0,0.0797,0.686,92.049
latin,0.892,0.754,-3.09,1.0,0.493,0.0,0.216,0.881,125.005
latin,0.859,0.647,-8.537,1.0,0.187,0.0,0.274,0.814,105.051
latin,0.638,0.748,-6.337,1.0,0.34,4.82e-06,0.0541,0.951,181.958
latin,0.749,0.783,-6.214,1.0,0.17,0.0,0.147,0.842,135.033
latin,0.721,0.665,-13.756,0.0,0.0702,0.00287,0.224,0.869,141.075
latin,0.659,0.307,-16.994,1.0,0.306,1.22e-06,0.162,0.462,137.998
latin,0.616,0.881,-5.892,1.0,0.349,0.0,0.0807,0.764,100.943
latin,0.673,0.841,-3.564,1.0,0.0683,0.0,0.0965,0.94,97.027
latin,0.766,0.835,-7.087,1.0,0.1,0.000928,0.0578,0.969,125.99
latin,0.726,0.857,-3.264,1.0,0.244,0.0,0.108,0.928,90.74
latin,0.662,0.776,-4.707,1.0,0.715,0.000411,0.106,0.724,90.838
latin,0.795,0.816,-4.831,0.0,0.0271,0.0,0.0913,0.704,81.983
latin,0.689,0.853,-3.455,0.0,0.0186,0.0,0.142,0.937,153.933
latin,0.798,0.656,-4.156,1.0,0.242,1.35e-05,0.115,0.6,94.988
latin,0.652,0.847,-5.035,1.0,0.188,0.0,0.378,0.515,163.942
latin,0.736,0.868,-3.01,0.0,0.166,1.48e-06,0.0419,0.613,94.026
latin,0.692,0.885,-3.132,0.0,0.425,0.00256,0.239,0.923,126.228
latin,0.78,0.608,-5.674,1.0,0.592,0.0,0.158,0.91,134.045
latin,0.635,0.924,-4.856,1.0,0.153,2.63e-05,0.0827,0.666,94.008
latin,0.799,0.301,-11.361,1.0,0.195,0.0,0.0816,0.511,100.026
latin,0.717,0.758,-2.367,0.0,0.37,0.000303,0.0861,0.96,175.951
latin,0.754,0.968,-7.995,0.0,0.314,1.26e-05,0.118,0.584,154.967
latin,0.649,0.798,-4.346,1.0,0.226,0.0,0.0711,0.857,177.899
latin,0.423,0.612,-6.238,1.0,0.155,0.0,0.109,0.32,180.027
latin,0.577,0.336,-9.278,0.0,0.795,0.000577,0.106,0.313,180.024
latin,0.658,0.843,-4.158,0.0,0.538,0.0,0.0669,0.547,130.697
latin,0.461,0.644,-10.112,1.0,0.215,0.000509,0.104,0.665,139.818
latin,0.739,0.525,-5.52,1.0,0.257,0.0,0.111,0.418,139.086
latin,0.76,0.773,-5.314,1.0,0.176,0.0,0.1,0.895,102.789
latin,0.719,0.934,-3.242,1.0,0.213,0.0,0.177,0.619,104.095
latin,0.665,0.725,-7.378,1.0,0.253,0.0,0.126,0.624,172.022
latin,0.967,0.738,-4.3,0.0,0.222,1.36e-06,0.0578,0.931,118.975
latin,0.887,0.87,-5.267,1.0,0.0143,0.0,0.015,0.837,126.047
latin,0.714,0.761,-4.596,0.0,0.139,0.00035,0.241,0.906,168.022
latin,0.886,0.708,-5.915,0.0,0.107,0.0114,0.044,0.965,109.976
latin,0.643,0.679,-6.382,1.0,0.179,1.4e-05,0.7,0.491,132.199
latin,0.787,0.679,-4.913,1.0,0.416,0.0,0.15,0.875,89.988
latin,0.563,0.697,-6.662,1.0,0.126,1.59e-05,0.171,0.917,180.097
latin,0.81,0.872,-3.153,1.0,0.0141,1.03e-05,0.48,0.512,96.022
latin,0.816,0.701,-4.119,0.0,0.481,0.0,0.449,0.653,92.003
latin,0.759,0.885,-4.516,1.0,0.351,3.68e-05,0.468,0.673,89.966
latin,0.61,0.637,-5.881,1.0,0.61,0.0,0.0952,0.322,128.863
latin,0.854,0.525,-4.426,1.0,0.819,0.0,0.146,0.63,97.054
latin,0.774,0.822,-6.063,1.0,0.153,0.0,0.111,0.725,95.987
latin,0.928,0.55,-6.732,0.0,0.17,0.0,0.0267,0.927,129.703
latin,0.748,0.741,-6.874,0.0,0.3,0.0,0.116,0.942,136.905
latin,0.815,0.856,-3.825,0.0,0.4,8.34e-05,0.244,0.872,91.995
latin,0.694,0.927,-5.112,1.0,0.135,2.63e-05,0.156,0.971,124.998
latin,0.574,0.802,-3.976,1.0,0.659,5.07e-06,0.0765,0.739,93.537
latin,0.685,0.909,-4.034,0.0,0.0471,0.0,0.35,0.922,95.004
latin,0.704,0.687,-10.302,1.0,0.473,0.0,0.0784,0.645,111.932
latin,0.522,0.639,-5.553,1.0,0.129,0.0,0.185,0.437,83.377
latin,0.783,0.84,-3.416,1.0,0.174,0.0,0.412,0.839,95.001
latin,0.679,0.713,-6.625,1.0,0.0226,0.17,0.239,0.882,173.995
latin,0.8,0.824,-4.534,1.0,0.191,0.0,0.309,0.754,87.951
latin,0.822,0.744,-6.096,1.0,0.173,7.03e-05,0.0692,0.747,94.04
latin,0.695,0.636,-4.654,1.0,0.234,0.0,0.081,0.575,174.14
latin,0.518,0.659,-6.724,1.0,0.296,0.0,0.0817,0.71,92.152
latin,0.618,0.334,-8.498,1.0,0.85,0.0,0.103,0.383,139.784
latin,0.74,0.763,-5.341,1.0,0.0525,0.0,0.407,0.858,95.051
latin,0.548,0.412,-10.248,1.0,0.807,0.934,0.127,0.325,79.512
latin,0.919,0.848,-10.511,1.0,0.0078,0.0406,0.338,0.959,109.183
latin,0.799,0.513,-8.932,0.0,0.38,0.0,0.114,0.29,115.185
latin,0.716,0.552,-8.316,1.0,0.4,0.0,0.232,0.785,108.045
latin,0.781,0.866,-3.493,0.0,0.216,0.0,0.101,0.864,95.993
latin,0.57,0.474,-6.809,1.0,0.595,0.0,0.143,0.299,130.103
latin,0.688,0.822,-3.304,1.0,0.0642,0.0,0.241,0.66,91.011
latin,0.808,0.767,-4.912,0.0,0.255,0.0197,0.0886,0.722,94.998
latin,0.73,0.769,-3.292,0.0,0.2,0.0,0.261,0.566,95.989
latin,0.729,0.88,-3.653,1.0,0.487,0.0237,0.207,0.955,126.206
latin,0.844,0.686,-5.247,0.0,0.141,0.0,0.35,0.759,122.966
latin,0.718,0.735,-4.854,1.0,0.0917,0.0,0.188,0.4,109.999
latin,0.628,0.928,-4.431,0.0,0.527,0.0,0.143,0.609,130.029
latin,0.731,0.392,-13.478,1.0,0.564,0.0,0.0851,0.789,114.179
latin,0.4,0.915,-4.89,1.0,0.0846,0.0,0.0503,0.878,88.917
latin,0.766,0.41,-6.302,1.0,0.371,0.0,0.216,0.921,93.875
latin,0.851,0.759,-3.08,0.0,0.112,0.000259,0.0697,0.694,119.961
latin,0.748,0.887,-6.23,0.0,0.0853,0.0,0.108,0.585,97.015
latin,0.783,0.489,-4.853,0.0,0.141,0.00915,0.303,0.732,170.003
latin,0.555,0.403,-10.016,1.0,0.725,0.0,0.138,0.4,76.998
latin,0.801,0.839,-5.492,1.0,0.0538,0.0,0.0401,0.906,119.993
latin,0.903,0.802,-9.019,1.0,0.506,9.85e-05,0.0568,0.908,130.892
latin,0.735,0.947,-2.152,0.0,0.00778,0.0,0.195,0.893,123.023
latin,0.783,0.685,-5.008,1.0,0.627,3.49e-06,0.108,0.54,107.01
latin,0.625,0.653,-5.967,1.0,0.124,0.0,0.346,0.605,110.972
latin,0.659,0.802,-4.79,1.0,0.208,0.0,0.123,0.863,177.936
latin,0.457,0.224,-19.476,0.0,0.715,1.2e-06,0.224,0.48,80.845
latin,0.714,0.61,-10.679,0.0,0.348,0.0,0.201,0.707,128.067
latin,0.909,0.493,-6.688,1.0,0.128,0.000147,0.127,0.844,94.016
latin,0.79,0.766,-3.497,0.0,0.324,0.0,0.0832,0.825,82.026
latin,0.713,0.798,-3.147,1.0,0.366,4.3e-06,0.246,0.721,176.073
latin,0.707,0.869,-2.727,0.0,0.181,0.0,0.0669,0.774,128.0
latin,0.694,0.739,-9.042,1.0,0.0198,0.00238,0.18,0.862,117.705
latin,0.762,0.77,-2.758,1.0,0.138,0.0,0.15,0.631,177.998
latin,0.828,0.895,-6.173,1.0,0.0534,0.00322,0.359,0.784,102.059
latin,0.883,0.605,-7.622,0.0,0.387,0.0,0.11,0.929,127.016
latin,0.784,0.97,-6.007,0.0,0.0891,0.098,0.0548,0.678,90.954
latin,0.58,0.67,-6.643,0.0,0.253,2.23e-06,0.0993,0.96,168.812
latin,0.801,0.475,-8.797,0.0,0.141,1.73e-05,0.0639,0.234,98.047
latin,0.762,0.797,-2.641,1.0,0.11,0.0,0.412,0.787,81.994
latin,0.712,0.663,-5.999,0.0,0.45,0.0,0.405,0.647,80.172
latin,0.835,0.718,-5.62,0.0,0.226,1.99e-06,0.108,0.427,92.028
latin,0.793,0.737,-4.731,0.0,0.0765,0.0,0.0747,0.697,167.969
latin,0.822,0.62,-6.688,1.0,0.53,0.0,0.375,0.68,96.005
latin,0.661,0.576,-6.025,0.0,0.026,0.0,0.0623,0.924,123.425
latin,0.677,0.502,-7.098,1.0,0.484,0.0,0.0992,0.526,96.579
latin,0.659,0.433,-11.015,0.0,0.117,0.000427,0.0829,0.455,125.556
latin,0.636,0.812,-6.307,1.0,0.433,8.16e-06,0.0363,0.888,93.568
latin,0.827,0.618,-3.97,1.0,0.0422,7.54e-06,0.102,0.194,100.001
latin,0.629,0.703,-4.875,1.0,0.519,0.0,0.11,0.402,144.016
latin,0.796,0.646,-3.925,0.0,0.0744,0.0,0.127,0.663,180.03
latin,0.715,0.534,-6.534,1.0,0.496,0.0,0.117,0.341,99.007
latin,0.656,0.512,-12.978,1.0,0.312,0.000318,0.234,0.791,135.981
latin,0.601,0.268,-12.11,1.0,0.368,0.0,0.209,0.241,76.982
latin,0.223,0.528,-6.581,0.0,0.626,0.0,0.118,0.381,184.512
latin,0.588,0.876,-4.564,1.0,0.00806,7.41e-06,0.129,0.519,105.013
latin,0.883,0.567,-6.407,1.0,0.288,0.0,0.152,0.938,135.01
latin,0.773,0.694,-6.689,0.0,0.156,0.00998,0.0938,0.829,95.019
latin,0.689,0.536,-8.861,1.0,0.251,0.0,0.169,0.35,119.967
latin,0.644,0.453,-10.769,1.0,0.722,1.56e-05,0.0796,0.472,90.842
latin,0.33,0.455,-7.499,1.0,0.562,4.02e-05,0.114,0.187,155.086
latin,0.792,0.637,-7.003,0.0,0.407,0.0,0.14,0.774,127.953
latin,0.686,0.912,-3.411,1.0,0.0533,0.0,0.392,0.511,99.952
latin,0.689,0.711,-6.077,1.0,0.0732,0.0,0.13,0.914,128.005
latin,0.661,0.677,-6.467,1.0,0.628,0.0,0.0793,0.959,174.068
latin,0.632,0.78,-5.187,1.0,0.146,0.0,0.0985,0.427,129.976
latin,0.657,0.43,-7.692,0.0,0.455,0.0,0.232,0.495,80.051
latin,0.617,0.738,-5.798,0.0,0.117,0.0,0.246,0.727,97.027
latin,0.636,0.672,-6.667,0.0,0.573,0.0,0.915,0.794,91.191
latin,0.83,0.517,-6.416,0.0,0.399,8.95e-05,0.0916,0.616,171.959
latin,0.819,0.741,-6.538,0.0,0.104,0.0,0.283,0.84,97.014
latin,0.799,0.664,-8.16,0.0,0.134,0.0,0.146,0.631,97.987
latin,0.355,0.468,-6.55,0.0,0.0319,1.89e-05,0.109,0.416,171.407
latin,0.774,0.497,-10.155,1.0,0.0666,5.94e-06,0.136,0.956,97.972
latin,0.515,0.589,-4.426,1.0,0.69,0.0153,0.104,0.176,137.722
latin,0.78,0.845,-4.748,1.0,0.195,0.0,0.284,0.694,95.981
latin,0.827,0.636,-5.659,1.0,0.0127,1.31e-06,0.0778,0.855,115.971
latin,0.738,0.748,-4.902,1.0,0.182,0.0,0.109,0.896,94.949
latin,0.83,0.623,-4.056,1.0,0.0219,0.0,0.0812,0.614,101.036
latin,0.55,0.874,-3.937,1.0,0.00599,0.0,0.214,0.348,166.011
latin,0.779,0.791,-3.816,0.0,0.717,3.44e-06,0.0921,0.77,97.965
latin,0.68,0.608,-5.03,1.0,0.697,0.0,0.0765,0.513,89.996
latin,0.625,0.249,-17.53,1.0,0.623,1.1e-06,0.083,0.52,143.44
latin,0.856,0.639,-8.462,1.0,0.161,0.0,0.0911,0.835,93.033
latin,0.765,0.816,-3.99,1.0,0.124,8.19e-05,0.197,0.624,89.005
latin,0.686,0.604,-14.24,0.0,0.12,0.496,0.0907,0.553,152.474
latin,0.891,0.681,-4.741,1.0,0.254,0.000833,0.0691,0.945,129.778
latin,0.827,0.865,-3.714,1.0,0.593,0.000312,0.137,0.885,134.015
latin,0.516,0.562,-6.159,1.0,0.701,0.0,0.25,0.371,140.094
latin,0.856,0.721,-4.928,1.0,0.132,0.00471,0.182,0.642,94.991
latin,0.831,0.818,-7.827,1.0,0.0245,0.000319,0.0892,0.819,95.022
latin,0.618,0.641,-7.145,1.0,0.158,0.0,0.349,0.726,134.956
latin,0.817,0.651,-4.632,1.0,0.497,3.97e-05,0.135,0.825,92.033
latin,0.786,0.764,-2.935,1.0,0.121,0.0,0.102,0.913,90.977
latin,0.748,0.718,-8.131,1.0,0.266,0.0,0.241,0.627,100.001
latin,0.705,0.799,-4.776,0.0,0.0357,0.417,0.0643,0.658,122.018
latin,0.794,0.832,-4.862,0.0,0.237,1.14e-05,0.203,0.871,107.657
latin,0.598,0.838,-2.622,1.0,0.652,0.0,0.0722,0.955,172.178
latin,0.804,0.825,-3.596,1.0,0.166,3.48e-06,0.116,0.662,92.02
latin,0.745,0.924,-3.898,1.0,0.201,5.01e-05,0.121,0.909,103.033
latin,0.814,0.68,-6.928,0.0,0.206,0.0,0.101,0.963,126.976
latin,0.309,0.461,-9.393,0.0,0.2,0.0,0.108,0.285,177.433
latin,0.775,0.744,-5.912,1.0,0.0567,0.0,0.392,0.581,92.98
latin,0.407,0.77,-3.767,1.0,0.374,0.0,0.114,0.21,150.203
latin,0.757,0.693,-6.831,1.0,0.514,0.0,0.0366,0.836,125.295
latin,0.568,0.396,-13.921,1.0,0.738,0.159,0.116,0.578,136.489
latin,0.824,0.681,-5.473,0.0,0.0107,0.0,0.15,0.516,170.042
latin,0.859,0.905,-5.02,1.0,0.0474,0.0,0.214,0.914,124.983
latin,0.774,0.665,-6.42,1.0,0.105,4.89e-05,0.148,0.968,106.842
latin,0.823,0.821,-3.402,0.0,0.31,4.28e-06,0.143,0.791,99.999
latin,0.771,0.905,-3.268,0.0,0.11,7.46e-06,0.656,0.858,163.978
latin,0.824,0.838,-5.624,0.0,0.0812,5.15e-06,0.166,0.837,109.723
latin,0.63,0.484,-7.25,1.0,0.892,1.33e-06,0.154,0.502,147.882
latin,0.648,0.89,-3.982,0.0,0.0294,3.58e-06,0.116,0.321,125.953
latin,0.812,0.764,-3.39,0.0,0.59,0.0,0.253,0.431,100.082
latin,0.711,0.748,-4.044,1.0,0.13,0.0,0.546,0.844,167.972
latin,0.732,0.348,-17.078,1.0,0.0484,0.185,0.197,0.963,126.142
latin,0.414,0.425,-8.229,1.0,0.79,0.0,0.098,0.378,75.49
latin,0.798,0.857,-3.748,1.0,0.0519,4.99e-05,0.142,0.581,102.998
latin,0.389,0.347,-10.131,1.0,0.808,0.000185,0.324,0.356,143.95
latin,0.595,0.655,-4.277,1.0,0.155,0.0,0.265,0.364,153.866
latin,0.819,0.645,-6.707,0.0,0.232,0.000863,0.178,0.724,94.998
latin,0.833,0.662,-5.129,1.0,0.568,0.0,0.0851,0.818,120.01
latin,0.798,0.625,-6.83,1.0,0.383,3.35e-05,0.125,0.774,92.994
latin,0.73,0.719,-4.648,0.0,0.0273,0.0,0.117,0.684,87.984
latin,0.509,0.672,-5.527,0.0,0.281,0.0,0.355,0.81,100.102
latin,0.608,0.731,-5.525,1.0,0.0818,0.0,0.203,0.537,94.95
latin,0.817,0.714,-7.501,0.0,0.184,0.000132,0.042,0.714,94.001
latin,0.738,0.603,-7.132,1.0,0.0571,0.0,0.104,0.546,175.938
latin,0.578,0.634,-5.979,0.0,0.00473,0.0,0.132,0.216,183.89
latin,0.446,0.814,-3.421,1.0,0.000682,0.000814,0.101,0.554,138.112
latin,0.364,0.318,-9.958,1.0,0.71,0.0,0.448,0.246,110.652
latin,0.602,0.475,-5.916,1.0,0.353,0.0,0.106,0.36,77.058
latin,0.759,0.639,-8.085,0.0,0.207,0.0,0.23,0.682,128.01
latin,0.698,0.801,-5.746,0.0,0.319,0.0,0.316,0.905,169.995
latin,0.792,0.703,-3.057,1.0,0.283,0.000164,0.319,0.726,180.032
latin,0.546,0.229,-7.715,1.0,0.938,0.0,0.0927,0.155,69.216
latin,0.757,0.614,-6.042,0.0,0.0548,5.25e-06,0.31,0.279,100.037
latin,0.699,0.945,-3.538,1.0,0.228,0.0,0.116,0.82,132.023
latin,0.77,0.724,-4.801,0.0,0.0639,1.87e-05,0.3,0.817,172.006
latin,0.671,0.881,-4.331,0.0,0.528,0.0,0.383,0.733,179.968
latin,0.752,0.898,-6.828,1.0,0.339,0.0,0.261,0.91,150.201
latin,0.596,0.603,-11.83,0.0,0.443,1.61e-05,0.0776,0.711,203.829
latin,0.707,0.876,-1.887,1.0,0.173,9.36e-06,0.932,0.853,176.068
latin,0.755,0.765,-4.328,1.0,0.0503,0.0,0.0326,0.691,114.993
latin,0.832,0.772,-5.429,1.0,0.0559,0.000486,0.44,0.704,96.016
latin,0.785,0.763,-3.708,0.0,0.129,1.54e-05,0.278,0.384,93.977
latin,0.74,0.858,-4.575,0.0,0.0946,0.0,0.28,0.948,130.0
latin,0.83,0.869,-5.009,1.0,0.149,0.00576,0.0538,0.549,96.01
latin,0.491,0.614,-10.11,0.0,0.104,1.75e-06,0.138,0.77,155.976
latin,0.81,0.803,-3.042,1.0,0.385,0.0,0.14,0.883,130.049
latin,0.312,0.5,-7.795,1.0,0.166,0.0,0.332,0.334,147.669
latin,0.752,0.587,-5.374,0.0,0.281,8.74e-06,0.148,0.584,90.082
latin,0.806,0.848,-4.869,1.0,0.213,0.0,0.247,0.532,93.006
latin,0.624,0.772,-4.687,0.0,0.178,0.0,0.11,0.589,172.014
latin,0.738,0.927,-5.439,1.0,0.23,0.00515,0.684,0.665,170.011
latin,0.792,0.895,-3.112,0.0,0.165,0.0,0.0501,0.793,94.968
latin,0.399,0.655,-6.262,1.0,0.042,3.1e-06,0.067,0.252,74.241
latin,0.584,0.694,-4.753,1.0,0.0169,0.0,0.0769,0.545,136.028
latin,0.876,0.673,-7.15,1.0,0.0524,0.00571,0.0813,0.462,113.995
latin,0.459,0.536,-5.76,1.0,0.34,0.0,0.209,0.203,75.999
latin,0.804,0.54,-12.861,0.0,0.196,0.0,0.123,0.799,93.997
latin,0.782,0.951,-0.906,1.0,0.0363,0.0,0.248,0.739,106.001
latin,0.639,0.875,-4.986,0.0,0.0156,0.000939,0.107,0.236,96.991
latin,0.613,0.577,-7.138,1.0,0.407,3.62e-05,0.0957,0.507,133.95
latin,0.766,0.58,-11.18,0.0,0.109,0.000691,0.169,0.624,90.019
latin,0.755,0.767,-3.754,0.0,0.0176,0.0,0.143,0.232,156.001
latin,0.879,0.889,-4.462,1.0,0.0544,4.14e-06,0.0769,0.688,89.975
latin,0.582,0.755,-7.305,1.0,0.0632,0.00658,0.931,0.311,109.061
latin,0.717,0.788,-6.643,1.0,0.475,5.18e-06,0.0459,0.817,155.123
latin,0.867,0.754,-7.745,1.0,0.393,0.00251,0.346,0.812,127.889
pop,0.646,0.785,-4.801,0.0,0.0377,0.0,0.0897,0.52,100.911
pop,0.744,0.862,-3.446,1.0,0.0715,5.58e-06,0.0889,0.688,115.021
pop,0.381,0.481,-5.82,1.0,0.0509,0.0,0.1,0.162,123.09
pop,0.807,0.893,-3.745,0.0,0.0451,2.79e-05,0.366,0.537,126.011
pop,0.441,0.308,-10.107,0.0,0.958,0.000231,0.0638,0.292,149.593
pop,0.665,0.53,-8.067,0.0,0.0112,4.47e-05,0.0802,0.485,159.902
pop,0.533,0.426,-9.525,0.0,0.46,0.0,0.1,0.152,103.267
pop,0.825,0.345,-6.018,0.0,0.601,0.0,0.121,0.506,116.072
pop,0.421,0.407,-7.445,1.0,0.309,0.000961,0.11,0.161,139.028
pop,0.726,0.787,-2.494,1.0,0.009,0.0,0.0596,0.888,124.99
pop,0.756,0.77,-3.502,1.0,0.191,0.0,0.178,0.73,119.961
pop,0.84,0.338,-8.16,1.0,0.135,0.0225,0.0635,0.927,108.024
pop,0.754,0.376,-7.561,1.0,0.404,0.0,0.358,0.554,95.018
pop,0.574,0.578,-3.188,0.0,0.296,0.0,0.114,0.274,85.186
pop,0.511,0.472,-9.277,1.0,0.534,0.614,0.11,0.0399,127.978
pop,0.614,0.379,-10.48,1.0,0.607,0.000464,0.0986,0.201,107.989
pop,0.711,0.7,-4.805,0.0,0.00498,0.000125,0.215,0.801,128.001
pop,0.449,0.626,-6.428,1.0,0.387,0.0,0.357,0.308,163.826
pop,0.583,0.786,-3.142,0.0,0.0208,0.0,0.188,0.573,123.055
pop,0.721,0.499,-9.975,0.0,0.00274,0.0,0.0914,0.289,126.036
pop,0.759,0.548,-6.049,0.0,0.0392,0.0,0.0828,0.749,116.967
pop,0.647,0.792,-9.815,1.0,0.00536,5.82e-05,0.054,0.306,132.032
pop,0.797,0.75,-9.369,1.0,0.533,0.108,0.095,0.74,177.87
pop,0.739,0.628,-4.137,1.0,0.0245,0.0,0.266,0.634,120.944
pop,0.559,0.674,-6.125,0.0,0.0312,0.0,0.121,0.197,111.976
pop,0.489,0.625,-6.497,0.0,0.288,0.0,0.133,0.439,149.921
pop,0.661,0.323,-9.579,1.0,0.649,1.82e-05,0.193,0.372,129.955
pop,0.695,0.54,-5.692,1.0,0.299,0.0,0.367,0.415,121.932
pop,0.673,0.683,-5.693,1.0,0.522,0.0,0.235,0.713,171.86
pop,0.667,0.503,-8.217,0.0,0.552,0.0,0.169,0.584,144.015
pop,0.725,0.912,-3.665,0.0,0.155,7.68e-05,0.107,0.674,104.054
pop,0.465,0.822,-4.826,0.0,0.136,0.000442,0.0898,0.405,89.761
pop,0.704,0.68,-6.498,1.0,0.146,1.25e-05,0.0692,0.168,105.031
pop,0.511,0.622,-6.184,1.0,0.0662,7.78e-05,0.0465,0.387,85.349
pop,0.859,0.413,-7.399,1.0,0.132,0.0,0.334,0.697,115.035
pop,0.741,0.61,-7.34,0.0,0.316,0.0,0.534,0.72,125.99
pop,0.615,0.746,-5.196,0.0,0.186,0.0,0.233,0.361,89.872
pop,0.503,0.748,-4.124,1.0,0.0305,0.0,0.343,0.356,125.896
pop,0.479,0.154,-15.051,1.0,0.755,0.0261,0.11,0.232,92.457
pop,0.714,0.798,-4.239,0.0,0.00248,0.000678,0.103,0.659,119.017
pop,0.557,0.457,-5.372,1.0,0.428,0.0,0.0567,0.328,105.918
pop,0.827,0.587,-5.531,0.0,0.203,0.0,0.0727,0.774,119.936
pop,0.63,0.729,-4.93,1.0,0.123,8e-06,0.0786,0.44,127.919
pop,0.826,0.329,-10.015,1.0,0.17,0.000878,0.0927,0.558,106.935
pop,0.69,0.622,-5.025,0.0,0.253,0.0,0.113,0.543,102.039
pop,0.697,0.683,-2.881,0.0,0.0372,0.0,0.137,0.603,96.133
pop,0.495,0.856,-5.123,0.0,0.000219,0.0,0.103,0.609,158.024
pop,0.72,0.706,-4.719,1.0,0.0684,0.0,0.166,0.62,133.002
pop,0.694,0.822,-5.266,1.0,0.0703,1.18e-06,0.0977,0.356,107.104
pop,0.569,0.726,-5.343,1.0,0.1,0.0,0.244,0.373,185.946
pop,0.632,0.595,-7.644,0.0,0.0689,0.0,0.209,0.435,124.114
pop,0.409,0.678,-7.731,1.0,0.359,4.76e-06,0.167,0.168,89.968
pop,0.658,0.603,-6.552,0.0,0.472,0.0,0.124,0.519,146.864
pop,0.717,0.73,-4.729,0.0,0.383,0.0,0.398,0.792,102.002
pop,0.693,0.549,-8.141,1.0,0.0109,0.0,0.0677,0.605,80.028
pop,0.627,0.618,-8.529,1.0,0.0558,0.0,0.351,0.848,82.03
pop,0.693,0.678,-7.159,1.0,0.0151,5.71e-06,0.101,0.404,103.952
pop,0.581,0.963,-4.087,1.0,0.0295,0.0,0.139,0.788,129.992
pop,0.607,0.709,-7.428,1.0,0.372,0.0,0.294,0.551,97.006
pop,0.435,0.658,-5.949,0.0,0.699,0.0,0.125,0.524,77.17
pop,0.657,0.355,-12.044,1.0,0.694,0.000427,0.123,0.0808,74.99
pop,0.422,0.302,-9.214,1.0,0.629,7.83e-05,0.104,0.123,114.089
pop,0.884,0.765,-3.865,1.0,0.063,7.04e-06,0.118,0.594,99.987
pop,0.756,0.374,-7.555,1.0,0.575,0.0,0.109,0.551,84.975
pop,0.678,0.825,-4.417,0.0,0.0527,0.0,0.0963,0.631,90.047
pop,0.68,0.826,-5.487,1.0,0.0212,1.24e-05,0.543,0.644,118.051
pop,0.585,0.911,-4.623,1.0,0.0263,0.0,0.112,0.781,163.933
pop,0.607,0.713,-5.105,1.0,0.56,4.98e-05,0.101,0.611,124.868
pop,0.599,0.733,-7.058,1.0,0.176,0.0,0.242,0.534,102.211
pop,0.606,0.328,-7.824,1.0,0.876,0.0,0.138,0.393,124.041
pop,0.791,0.348,-9.457,1.0,0.594,1.45e-06,0.097,0.49,131.972
pop,0.485,0.315,-11.599,1.0,0.581,0.000349,0.11,0.425,134.714
pop,0.826,0.615,-4.729,0.0,0.435,0.00631,0.334,0.841,102.999
pop,0.743,0.655,-5.228,0.0,0.0391,0.0,0.118,0.164,91.004
pop,0.73,0.861,-4.1,1.0,0.39,0.0,0.213,0.704,117.965
pop,0.629,0.763,-4.279,0.0,0.244,0.0,0.312,0.809,93.023
pop,0.6,0.76,-6.124,0.0,0.166,4.09e-05,0.189,0.519,158.078
pop,0.751,0.845,-4.444,1.0,0.102,0.0,0.0497,0.927,103.995
pop,0.667,0.783,-5.885,1.0,0.0606,1.17e-06,0.0418,0.564,117.145
pop,0.695,0.672,-6.109,0.0,0.014,7.95e-05,0.0756,0.245,104.988
pop,0.6,0.663,-5.802,1.0,0.225,0.0,0.119,0.286,121.07
pop,0.645,0.862,-4.761,0.0,0.0933,0.0,0.193,0.803,119.947
pop,0.773,0.747,-4.061,1.0,0.0242,8.99e-06,0.109,0.801,126.014
pop,0.688,0.723,-6.682,0.0,0.0416,0.0002,0.302,0.618,140.023
pop,0.782,0.827,-4.219,0.0,0.159,0.0,0.226,0.498,104.032
pop,0.741,0.508,-5.099,0.0,0.0347,6.45e-05,0.0602,0.354,121.965
pop,0.888,0.586,-6.745,1.0,0.00597,0.0365,0.153,0.401,150.051
pop,0.778,0.76,-3.913,0.0,0.0237,6.15e-06,0.183,0.688,144.026
pop,0.778,0.474,-10.109,1.0,0.528,0.0,0.104,0.219,91.969
pop,0.59,0.8,-5.044,0.0,0.000653,0.905,0.0512,0.21,127.996
pop,0.614,0.585,-9.483,1.0,0.134,0.000129,0.0948,0.211,169.905
pop,0.537,0.35,-8.937,1.0,0.838,0.0,0.108,0.318,67.018
pop,0.68,0.729,-5.077,1.0,0.612,0.0,0.224,0.446,123.97
pop,0.56,0.17,-9.317,0.0,0.952,6.75e-06,0.107,0.303,94.956
pop,0.623,0.796,-2.981,0.0,0.659,0.0,0.115,0.607,197.524
pop,0.467,0.826,-3.885,0.0,0.298,0.0,0.204,0.417,160.025
pop,0.491,0.693,-6.487,0.0,0.211,6.92e-06,0.325,0.412,90.027
pop,0.637,0.573,-6.69,0.0,0.279,3.46e-06,0.0617,0.704,90.017
pop,0.762,0.861,-3.296,1.0,0.0185,0.0,0.264,0.955,120.048
pop,0.52,0.849,-3.794,0.0,0.00253,0.0,0.119,0.774,175.908
pop,0.54,0.63,-8.032,1.0,0.217,0.0,0.111,0.321,85.648
pop,0.532,0.623,-9.208,1.0,0.538,7.28e-05,0.0925,0.403,89.937
pop,0.674,0.857,-5.328,1.0,0.0557,0.196,0.0942,0.278,117.028
pop,0.738,0.85,-3.049,1.0,0.105,0.0,0.23,0.865,98.013
pop,0.604,0.787,-3.674,0.0,0.0679,0.15,0.127,0.301,126.062
pop,0.723,0.86,-4.357,1.0,0.271,4.56e-06,0.598,0.667,126.979
pop,0.376,0.643,-5.713,1.0,0.558,0.0,0.217,0.646,136.224
pop,0.775,0.327,-7.241,1.0,0.841,0.0,0.0821,0.595,91.05
pop,0.674,0.881,-2.853,1.0,0.296,3.01e-06,0.0793,0.234,98.994
pop,0.844,0.601,-5.283,1.0,0.0205,0.0,0.385,0.331,73.989
pop,0.673,0.664,-5.382,0.0,0.376,0.0,0.111,0.586,174.972
pop,0.792,0.895,-3.112,0.0,0.165,0.0,0.0501,0.793,94.968
pop,0.78,0.739,-8.896,0.0,0.0292,1.18e-06,0.0799,0.593,91.99
pop,0.715,0.742,-4.331,1.0,0.052,2.47e-05,0.364,0.322,106.971
pop,0.544,0.728,-5.358,0.0,0.00264,0.00959,0.427,0.281,174.983
pop,0.475,0.846,-3.344,1.0,0.275,0.0,0.0824,0.451,96.036
pop,0.646,0.736,-7.658,1.0,0.0334,0.0,0.0807,0.28,94.024
pop,0.783,0.942,-4.371,0.0,0.176,2.01e-06,0.175,0.908,132.028
pop,0.597,0.687,-6.536,1.0,0.216,0.0,0.107,0.502,94.749
pop,0.955,0.369,-7.614,1.0,0.223,0.0,0.14,0.343,107.98
pop,0.512,0.323,-10.225,1.0,0.208,0.0,0.0862,0.434,87.863
pop,0.742,0.879,-4.274,0.0,0.0696,7.17e-06,0.0981,0.936,133.946
pop,0.733,0.859,-5.03,0.0,0.479,0.0645,0.105,0.52,124.948
pop,0.708,0.211,-9.603,0.0,0.853,0.0,0.131,0.362,72.5
pop,0.765,0.556,-6.417,1.0,0.275,0.0,0.0824,0.274,111.033
pop,0.559,0.885,-4.515,1.0,0.0432,0.0,0.333,0.683,172.029
pop,0.562,0.519,-8.744,1.0,0.557,0.000268,0.172,0.415,122.925
pop,0.552,0.802,-3.799,1.0,0.215,0.0,0.275,0.776,78.21
pop,0.559,0.559,-6.425,1.0,0.0145,0.0,0.138,0.338,72.498
pop,0.516,0.377,-8.768,0.0,0.37,0.0,0.0993,0.421,89.794
pop,0.672,0.748,-5.922,0.0,0.305,0.0,0.0811,0.964,163.984
pop,0.842,0.801,-4.167,0.0,0.157,4.82e-06,0.0642,0.617,95.881
pop,0.647,0.656,-8.632,1.0,0.657,0.000163,0.343,0.453,119.965
pop,0.422,0.609,-6.361,0.0,0.0114,4.76e-06,0.108,0.0911,107.34
pop,0.744,0.328,-12.535,1.0,0.681,0.0002,0.128,0.532,98.923
pop,0.654,0.623,-5.273,0.0,0.253,0.0,0.144,0.401,123.996
pop,0.704,0.778,-5.331,1.0,0.00447,0.0,0.0731,0.821,101.025
pop,0.34,0.398,-8.156,0.0,0.781,6.08e-05,0.193,0.197,171.391
pop,0.742,0.692,-9.267,0.0,0.464,1.39e-05,0.0951,0.628,149.949
pop,0.555,0.257,-12.637,1.0,0.892,1.42e-06,0.124,0.431,89.013
pop,0.599,0.448,-6.312,1.0,0.163,0.0,0.106,0.168,95.05
pop,0.56,0.604,-8.732,1.0,0.315,1.12e-06,0.176,0.75,84.784
pop,0.508,0.507,-5.33,0.0,0.0636,1.15e-05,0.359,0.218,159.68
pop,0.668,0.726,-7.512,1.0,0.0387,0.0,0.134,0.453,124.075
pop,0.378,0.664,-6.698,1.0,0.542,0.00397,0.11,0.0941,106.316
pop,0.552,0.692,-5.54,1.0,0.339,0.0,0.104,0.543,144.666
pop,0.566,0.366,-12.808,1.0,0.113,0.181,0.155,0.237,129.959
pop,0.699,0.529,-7.548,1.0,0.0317,3.59e-05,0.285,0.121,119.987
pop,0.484,0.731,-6.694,1.0,0.431,0.0,0.151,0.51,101.654
pop,0.723,0.654,-6.82,1.0,0.384,0.0,0.384,0.675,149.949
pop,0.944,0.511,-10.96,0.0,0.042,0.00107,0.0379,0.842,113.046
pop,0.653,0.667,-6.764,0.0,0.154,0.0,0.107,0.556,104.181
pop,0.749,0.657,-9.077,0.0,0.223,3.06e-05,0.0714,0.744,123.975
pop,0.459,0.734,-4.587,1.0,0.0748,0.0,0.0743,0.289,164.583
pop,0.426,0.476,-6.64,1.0,0.185,0.0,0.327,0.169,179.793
pop,0.666,0.493,-7.21,0.0,0.0338,0.0255,0.114,0.474,123.924
pop,0.47,0.458,-6.546,1.0,0.465,0.0,0.108,0.21,118.19
pop,0.314,0.238,-8.802,1.0,0.741,0.00193,0.128,0.303,72.535
pop,0.586,0.593,-6.482,0.0,0.0401,0.0,0.136,0.289,108.021
pop,0.823,0.765,-1.695,0.0,0.464,0.0,0.0601,0.715,99.96
pop,0.531,0.431,-8.937,0.0,0.868,2.47e-05,0.127,0.19,107.99
pop,0.702,0.7,-4.996,1.0,0.206,1.09e-06,0.259,0.848,114.973
pop,0.37,0.467,-6.973,1.0,0.442,0.0,0.109,0.162,137.796
pop,0.912,0.716,-4.141,0.0,0.0904,0.0,0.0491,0.377,94.981
pop,0.572,0.89,-4.139,0.0,0.00082,0.00937,0.564,0.765,158.038
pop,0.425,0.743,-5.54,0.0,0.012,0.0,0.709,0.344,84.748
pop,0.523,0.714,-6.584,0.0,0.633,0.0,0.0875,0.616,122.969
pop,0.709,0.824,-8.824,1.0,0.207,0.000307,0.0888,0.867,118.818
pop,0.537,0.419,-11.585,1.0,0.76,1.07e-05,0.107,0.292,132.261
pop,0.657,0.456,-8.351,1.0,0.705,8.84e-06,0.084,0.381,141.735
pop,0.692,0.684,-7.364,1.0,0.131,0.0,0.156,0.406,112.912
pop,0.608,0.71,-4.998,1.0,0.43,0.0,0.0903,0.613,124.985
pop,0.743,0.72,-3.753,1.0,0.192,0.000386,0.109,0.519,163.99
pop,0.527,0.835,-5.298,1.0,0.0166,0.0,0.249,0.654,125.983
pop,0.654,0.636,-6.913,1.0,0.117,0.00179,0.0919,0.392,113.994
pop,0.752,0.85,-8.327,1.0,0.025,0.000131,0.149,0.491,122.991
pop,0.386,0.331,-9.706,1.0,0.631,0.000148,0.12,0.322,180.827
pop,0.532,0.392,-7.502,1.0,0.816,0.0,0.122,0.352,151.879
pop,0.399,0.274,-7.474,1.0,0.848,0.0,0.109,0.198,113.526
pop,0.566,0.664,-5.303,0.0,0.634,0.0,0.116,0.437,128.945
pop,0.516,0.481,-9.234,1.0,0.819,2.87e-06,0.0893,0.212,138.997
pop,0.689,0.594,-7.645,1.0,0.0301,0.0,0.102,0.653,137.112
pop,0.444,0.819,-4.078,0.0,0.106,0.0,0.107,0.747,82.695
pop,0.747,0.716,-5.071,0.0,0.26,0.0,0.0907,0.487,123.979
pop,0.717,0.471,-7.971,1.0,0.792,1.24e-06,0.327,0.426,110.026
pop,0.549,0.737,-7.865,1.0,0.459,0.00844,0.091,0.412,119.963
pop,0.456,0.668,-7.795,0.0,0.604,0.000145,0.141,0.263,144.062
pop,0.644,0.549,-5.415,0.0,0.0209,8.85e-06,0.134,0.167,90.04
pop,0.636,0.726,-8.205,0.0,0.341,0.00727,0.105,0.542,162.035
pop,0.839,0.972,-5.72,1.0,0.431,0.0002,0.0907,0.365,130.012
pop,0.715,0.654,-7.266,1.0,0.196,0.000117,0.0667,0.762,175.589
pop,0.77,0.824,-6.491,0.0,0.485,0.0,0.318,0.49,172.006
pop,0.781,0.742,-4.978,1.0,0.0649,0.0,0.293,0.91,109.915
pop,0.659,0.911,-2.28,1.0,0.154,0.000304,0.191,0.576,91.999
pop,0.801,0.589,-5.157,1.0,0.0863,0.0,0.162,0.58,116.934
pop,0.983,0.557,-6.961,0.0,0.0279,0.0,0.132,0.565,116.978
pop,0.886,0.579,-7.231,1.0,0.236,4.23e-06,0.0586,0.427,105.028
pop,0.508,0.404,-11.092,1.0,0.664,0.0,0.104,0.129,81.713
pop,0.899,0.811,-6.294,1.0,0.000677,0.0,0.0672,0.587,105.038
pop,0.386,0.426,-6.642,1.0,0.807,0.0,0.14,0.261,180.104
pop,0.613,0.488,-7.37,1.0,0.129,2.13e-05,0.335,0.183,172.076
pop,0.373,0.114,-13.171,1.0,0.937,4.73e-05,0.104,0.172,90.945
pop,0.889,0.34,-7.773,0.0,0.218,0.13,0.055,0.716,94.009
pop,0.633,0.55,-9.965,1.0,0.649,0.000363,0.147,0.333,147.099
pop,0.554,0.606,-12.312,1.0,0.578,0.000183,0.11,0.584,93.922
pop,0.378,0.325,-11.773,0.0,0.617,0.00851,0.137,0.375,139.887
pop,0.729,0.65,-3.539,1.0,0.0702,6.69e-05,0.0829,0.347,110.02
pop,0.791,0.687,-6.279,1.0,0.00665,2.12e-06,0.0986,0.513,130.154
pop,0.573,0.715,-3.293,0.0,0.0444,0.0,0.0898,0.258,101.699
pop,0.697,0.529,-8.838,1.0,0.115,0.896,0.0895,0.486,155.974
pop,0.375,0.461,-6.202,1.0,0.627,0.0,0.386,0.233,75.217
pop,0.696,0.704,-7.876,1.0,0.167,0.0,0.155,0.426,124.972
pop,0.722,0.335,-9.943,1.0,0.12,0.0,0.0747,0.266,85.034
pop,0.696,0.921,-3.755,1.0,0.00314,5.24e-05,0.0842,0.714,119.001
pop,0.594,0.935,-2.018,1.0,0.243,2.36e-06,0.102,0.602,113.99
pop,0.775,0.613,-4.586,0.0,0.109,2.33e-05,0.134,0.797,100.066
pop,0.703,0.609,-7.3,0.0,0.111,0.0,0.0515,0.696,89.929
pop,0.555,0.496,-7.175,1.0,0.64,0.0,0.0767,0.391,82.229
pop,0.299,0.447,-7.862,0.0,0.858,0.000314,0.097,0.321,121.723
pop,0.492,0.275,-13.4,0.0,0.687,0.0,0.101,0.18,92.6
pop,0.581,0.584,-4.928,1.0,0.0805,0.0,0.366,0.756,179.954
pop,0.477,0.61,-5.628,0.0,0.225,0.0,0.107,0.358,79.882
pop,0.731,0.73,-6.302,1.0,0.411,0.0,0.052,0.503,79.999
pop,0.608,0.705,-5.525,0.0,0.499,0.000124,0.0878,0.733,75.031
pop,0.508,0.378,-7.158,1.0,0.516,0.0,0.119,0.161,144.962
pop,0.722,0.716,-4.089,1.0,0.132,1.05e-05,0.0997,0.626,171.96
pop,0.735,0.425,-6.648,1.0,0.011,0.0,0.055,0.848,85.896
pop,0.653,0.524,-9.016,0.0,0.112,0.0,0.203,0.553,83.97
pop,0.614,0.934,-3.709,0.0,0.0697,0.0,0.121,0.436,116.001
pop,0.471,0.924,-3.906,1.0,0.00301,0.0,0.313,0.725,154.961
pop,0.559,0.688,-6.496,1.0,0.216,0.0,0.0855,0.578,79.753
pop,0.772,0.256,-8.545,0.0,0.491,0.00612,0.144,0.357,118.902
pop,0.682,0.927,-2.915,1.0,0.0843,0.0,0.149,0.744,101.019
pop,0.768,0.935,-4.902,0.0,0.0488,0.00117,0.339,0.8,125.971
pop,0.787,0.603,-4.781,1.0,0.435,0.0,0.101,0.743,106.984
pop,0.579,0.37,-8.9,1.0,0.496,0.0,0.221,0.216,119.799
pop,0.688,0.662,-5.57,1.0,0.0971,1.34e-06,0.172,0.549,115.106
pop,0.801,0.806,-5.206,1.0,0.382,0.000669,0.114,0.802,106.999
pop,0.887,0.388,-14.505,1.0,0.739,0.143,0.106,0.205,120.035
pop,0.838,0.63,-5.609,0.0,0.242,0.0,0.0719,0.64,100.986
pop,0.73,0.703,-5.672,0.0,0.109,0.0,0.0657,0.595,138.113
pop,0.628,0.834,-4.56,1.0,0.575,0.0,0.158,0.747,78.207
pop,0.712,0.564,-6.527,1.0,0.0266,0.0,0.0874,0.411,95.95
pop,0.45,0.352,-11.733,0.0,0.649,3.8e-06,0.249,0.408,102.679
pop,0.733,0.812,-3.505,0.0,0.0872,0.0,0.136,0.535,167.995
pop,0.93,0.837,-4.632,0.0,0.256,2.37e-06,0.239,0.821,111.898
pop,0.712,0.922,-3.902,0.0,0.00266,1.9e-06,0.268,0.976,125.984
pop,0.661,0.486,-4.438,1.0,0.454,0.0,0.0994,0.309,78.31
pop,0.652,0.557,-5.714,0.0,0.74,0.0,0.124,0.483,150.073
pop,0.386,0.471,-9.65,1.0,0.829,0.0,0.147,0.21,154.039
pop,0.646,0.761,-2.557,1.0,0.0714,0.0,0.222,0.472,129.916
pop,0.8,0.541,-5.05,0.0,0.0252,0.0,0.146,0.194,135.99
pop,0.361,0.357,-8.423,0.0,0.704,0.0,0.219,0.153,122.962
pop,0.657,0.489,-6.829,0.0,0.713,0.0,0.124,0.399,116.0
pop,0.854,0.658,-6.932,0.0,0.154,0.00914,0.102,0.855,137.949
pop,0.644,0.423,-8.702,0.0,0.464,0.0,0.11,0.509,131.903
pop,0.677,0.541,-6.057,0.0,0.48,0.0,0.125,0.379,103.369
pop,0.698,0.869,-3.294,1.0,0.0223,0.0,0.121,0.715,125.007
pop,0.57,0.423,-5.858,1.0,0.028,0.0,0.0614,0.169,76.961
pop,0.516,0.409,-11.925,0.0,0.718,0.0,0.35,0.731,179.852
pop,0.759,0.678,-8.066,0.0,0.271,0.0,0.103,0.238,111.974
pop,0.55,0.448,-9.117,1.0,0.777,0.000459,0.111,0.388,147.986
pop,0.826,0.712,-5.219,0.0,0.095,0.0,0.105,0.49,93.029
pop,0.624,0.6,-7.8,1.0,0.00114,0.00134,0.0676,0.379,84.122
pop,0.782,0.559,-7.106,0.0,0.125,0.0,0.385,0.685,129.992
pop,0.682,0.919,-3.18,0.0,0.256,0.0,0.442,0.535,95.982
pop,0.577,0.892,-5.121,0.0,0.016,6.39e-05,0.299,0.454,118.096
pop,0.727,0.672,-4.782,0.0,0.181,0.0,0.189,0.135,94.006
pop,0.631,0.927,-2.787,0.0,0.199,0.119,0.148,0.465,123.962
pop,0.53,0.747,-4.838,0.0,0.417,1.04e-05,0.107,0.434,91.943
pop,0.588,0.844,-5.25,0.0,0.00481,0.0473,0.356,0.22,128.02
pop,0.813,0.787,-4.254,1.0,0.0452,0.000107,0.0506,0.326,130.018
pop,0.741,0.447,-9.609,1.0,0.568,0.0,0.127,0.619,89.993
pop,0.285,0.462,-6.166,0.0,0.428,5.61e-06,0.122,0.0923,142.365
pop,0.649,0.799,-4.87,1.0,0.0405,0.0,0.452,0.558,173.913
pop,0.519,0.625,-5.909,1.0,0.349,0.0,0.121,0.21,120.103
pop,0.556,0.834,-5.016,1.0,0.00355,0.000185,0.111,0.509,90.042
pop,0.794,0.753,-3.112,1.0,0.543,0.0,0.12,0.906,159.965
pop,0.674,0.593,-6.47,0.0,0.201,0.000529,0.209,0.464,116.995
pop,0.37,0.467,-9.013,1.0,0.0205,0.572,0.109,0.182,94.485
pop,0.506,0.805,-4.119,1.0,0.00711,0.00193,0.0856,0.383,126.008
pop,0.728,0.783,-4.424,0.0,0.237,0.0,0.434,0.555,77.011
pop,0.875,0.631,-3.475,1.0,0.00542,2.54e-06,0.127,0.549,120.003
pop,0.531,0.116,-11.157,1.0,0.934,0.0,0.0981,0.176,117.469
pop,0.618,0.37,-10.5,1.0,0.883,0.0,0.123,0.433,114.26
pop,0.426,0.584,-5.293,1.0,0.0383,0.0,0.192,0.272,193.438
pop,0.773,0.82,-5.897,0.0,0.394,0.0,0.0739,0.555,92.996
pop,0.334,0.397,-7.993,1.0,0.558,0.0774,0.126,0.035,93.445
pop,0.604,0.366,-7.519,1.0,0.578,0.0,0.133,0.13,141.981
pop,0.779,0.854,-4.958,1.0,0.0462,0.0,0.21,0.379,91.992
pop,0.622,0.736,-6.219,1.0,0.0156,0.0,0.112,0.432,97.006
pop,0.76,0.651,-9.997,0.0,0.308,0.0,0.177,0.714,99.955
pop,0.547,0.92,-3.939,1.0,0.00192,7.63e-06,0.257,0.372,129.994
pop,0.401,0.507,-7.001,1.0,0.549,0.0,0.164,0.236,180.159
pop,0.677,0.696,-6.181,1.0,0.321,0.0,0.42,0.464,90.03
pop,0.741,0.582,-4.445,1.0,0.291,0.000101,0.152,0.713,186.096
pop,0.688,0.699,-5.0,1.0,0.0126,6.16e-06,0.391,0.385,94.935
pop,0.482,0.453,-8.864,1.0,0.0323,0.00243,0.149,0.17,134.799
pop,0.349,0.348,-6.142,1.0,0.726,0.0,0.12,0.0886,74.541
pop,0.53,0.438,-7.564,1.0,0.811,0.0,0.212,0.694,117.148
pop,0.788,0.87,-5.217,1.0,0.123,1.43e-05,0.0692,0.884,109.974
pop,0.625,0.598,-6.6,0.0,0.616,0.0,0.299,0.5,90.078
pop,0.439,0.674,-7.64,0.0,0.252,0.00461,0.143,0.306,106.789
pop,0.607,0.405,-8.607,1.0,0.539,6.7e-06,0.231,0.233,129.543
pop,0.672,0.752,-4.866,1.0,0.0046,0.00047,0.056,0.429,116.945
pop,0.573,0.441,-5.799,0.0,0.186,0.0,0.61,0.389,61.657
pop,0.64,0.789,-4.891,1.0,0.0875,0.0,0.147,0.762,75.018
pop,0.879,0.665,-6.082,0.0,0.164,0.0,0.319,0.672,123.977
pop,0.696,0.686,-6.113,0.0,0.262,0.0,0.174,0.7,115.982
pop,0.488,0.343,-8.985,1.0,0.556,0.0,0.21,0.0978,102.819
pop,0.853,0.745,-8.636,0.0,0.0642,1.87e-06,0.0274,0.882,107.985
pop,0.484,0.948,-4.296,0.0,0.0473,0.0,0.0565,0.686,125.645
pop,0.652,0.653,-10.263,1.0,0.0358,0.0,0.081,0.776,185.931
pop,0.466,0.759,-4.978,0.0,0.0521,0.0,0.0587,0.328,160.033
pop,0.664,0.758,-6.583,0.0,0.00238,0.0,0.0598,0.701,99.259
pop,0.501,0.167,-14.061,1.0,0.885,0.0,0.111,0.356,112.275
pop,0.692,0.57,-8.077,1.0,0.666,0.0,0.107,0.309,91.917
pop,0.77,0.51,-5.469,0.0,0.137,0.000106,0.0346,0.533,188.067
pop,0.642,0.772,-6.61,1.0,0.0476,0.0,0.0646,0.589,153.995
pop,0.563,0.879,-4.735,0.0,0.00125,1.76e-05,0.166,0.602,107.013
pop,0.523,0.557,-7.799,1.0,0.813,0.000581,0.0958,0.196,111.766
pop,0.688,0.853,-5.814,1.0,0.386,0.0,0.0862,0.743,103.993
pop,0.706,0.643,-6.929,0.0,0.0242,0.0,0.262,0.885,143.931
pop,0.444,0.479,-5.586,1.0,0.454,0.0,0.095,0.315,89.892
pop,0.59,0.677,-5.395,1.0,0.00882,0.000147,0.157,0.304,184.573
pop,0.813,0.554,-6.631,1.0,0.315,0.0,0.105,0.86,148.011
pop,0.617,0.835,-3.573,1.0,0.00503,0.0,0.0793,0.835,101.005
pop,0.756,0.713,-6.91,0.0,0.365,0.000153,0.228,0.597,92.039
pop,0.206,0.636,-6.591,0.0,0.211,0.000118,0.217,0.394,77.797
pop,0.468,0.495,-6.634,1.0,0.429,0.0,0.305,0.235,171.4
pop,0.682,0.437,-8.655,1.0,0.758,0.00801,0.106,0.233,104.961
pop,0.706,0.914,-5.668,0.0,0.19,0.0,0.0886,0.299,124.03
pop,0.669,0.727,-7.588,1.0,0.139,0.0,0.123,0.807,102.322
pop,0.504,0.708,-5.896,0.0,0.00112,0.000424,0.788,0.51,82.009
pop,0.73,0.656,-5.07,1.0,0.00797,0.00271,0.108,0.743,131.04
pop,0.829,0.665,-8.128,1.0,0.242,1.75e-05,0.123,0.861,122.043
pop,0.407,0.147,-8.822,1.0,0.857,2.89e-06,0.0913,0.0765,141.284
pop,0.39,0.682,-7.31,1.0,0.38,0.000256,0.147,0.0942,150.025
pop,0.714,0.472,-7.375,1.0,0.013,4.51e-06,0.266,0.238,131.121
pop,0.738,0.65,-5.469,1.0,0.00628,0.000261,0.144,0.632,167.96
pop,0.547,0.789,-5.619,1.0,0.00871,0.0,0.1,0.345,129.916
pop,0.662,0.739,-5.354,0.0,0.00206,0.0603,0.113,0.382,130.999
pop,0.718,0.573,-7.309,0.0,0.458,0.00533,0.0953,0.686,180.043
pop,0.52,0.761,-3.093,1.0,0.256,4.96e-06,0.17,0.286,141.971
pop,0.6,0.451,-10.246,0.0,0.133,1.23e-05,0.122,0.223,78.023
pop,0.601,0.713,-3.758,0.0,0.0282,0.0,0.158,0.464,122.872
pop,0.664,0.705,-4.972,0.0,0.0654,0.0,0.118,0.477,122.016
pop,0.583,0.829,-4.603,1.0,0.00864,0.0,0.0426,0.575,174.028
pop,0.684,0.71,-3.614,0.0,0.0132,0.0,0.444,0.451,93.007
pop,0.623,0.493,-7.727,0.0,0.0632,0.0,0.104,0.594,81.019
pop,0.526,0.667,-5.451,1.0,0.0505,0.0,0.321,0.43,155.085
pop,0.443,0.582,-6.02,1.0,0.0301,0.0,0.127,0.239,147.589
pop,0.355,0.533,-9.493,0.0,0.0471,0.00107,0.384,0.347,121.292
pop,0.495,0.426,-9.434,1.0,0.152,5.65e-06,0.099,0.0636,97.91
pop,0.534,0.87,-3.078,0.0,0.000334,0.0,0.241,0.462,126.019
pop,0.429,0.661,-7.227,1.0,0.00239,0.000121,0.234,0.285,173.372
pop,0.845,0.641,-4.548,0.0,0.0346,0.00209,0.176,0.528,108.985
pop,0.639,0.767,-4.997,1.0,0.13,0.0,0.205,0.54,154.032
pop,0.512,0.695,-6.349,1.0,0.0265,0.00815,0.146,0.351,145.957
pop,0.506,0.897,-4.632,1.0,0.146,0.000451,0.0868,0.525,188.03
pop,0.681,0.521,-5.849,1.0,0.12,8.41e-05,0.108,0.181,94.997
pop,0.649,0.478,-8.834,1.0,0.658,0.0,0.131,0.468,139.859
pop,0.621,0.849,-4.243,0.0,0.00468,5e-06,0.328,0.875,130.979
pop,0.636,0.425,-11.722,0.0,0.591,0.0,0.0908,0.548,170.013
pop,0.842,0.791,-5.277,0.0,0.428,0.0,0.0989,0.95,126.962
pop,0.542,0.412,-6.822,1.0,0.0421,2.03e-06,0.0884,0.284,130.203
pop,0.439,0.489,-6.286,1.0,0.132,0.000643,0.114,0.253,143.808
pop,0.738,0.892,-5.366,0.0,0.00114,0.0648,0.0586,0.683,127.974
pop,0.764,0.708,-5.692,0.0,0.146,0.0,0.33,0.566,106.175
pop,0.659,0.665,-8.181,0.0,0.456,0.000486,0.0898,0.692,93.012
pop,0.735,0.74,-4.929,1.0,0.111,0.0,0.032,0.553,107.061
pop,0.449,0.487,-7.456,0.0,0.181,0.0,0.105,0.498,133.98
pop,0.694,0.816,-3.949,0.0,0.0217,2.92e-06,0.167,0.798,128.009
pop,0.518,0.723,-8.075,1.0,0.157,1.2e-05,0.107,0.363,100.118
pop,0.737,0.734,-4.71,1.0,0.399,0.0,0.323,0.357,91.999
pop,0.722,0.859,-8.143,0.0,0.11,7.39e-05,0.0929,0.562,110.969
pop,0.705,0.699,-2.412,1.0,0.00544,0.0,0.115,0.333,169.874
pop,0.512,0.662,-6.797,1.0,0.0275,0.0,0.118,0.472,180.114
pop,0.895,0.467,-10.48,0.0,0.178,0.0,0.0802,0.742,132.955
pop,0.621,0.108,-15.399,1.0,0.968,1.67e-05,0.137,0.204,129.285
pop,0.658,0.294,-8.533,0.0,0.422,5.2e-05,0.0749,0.358,74.038
pop,0.681,0.798,-4.367,1.0,0.00398,5.11e-06,0.0542,0.516,105.99
pop,0.63,0.53,-7.259,1.0,0.4,0.0,0.177,0.417,108.038
pop,0.743,0.766,-6.375,1.0,0.0873,0.0,0.509,0.61,127.96
pop,0.779,0.509,-7.454,1.0,0.118,0.00131,0.0701,0.834,79.975
pop,0.449,0.635,-8.301,1.0,0.0413,0.0,0.188,0.608,84.414
pop,0.741,0.667,-5.445,1.0,0.0575,0.0,0.106,0.595,112.956
pop,0.639,0.836,-4.878,0.0,0.027,0.0,0.283,0.814,104.998
pop,0.584,0.7,-4.275,1.0,0.117,0.0,0.0939,0.438,124.944
pop,0.705,0.78,-6.267,1.0,0.456,0.00152,0.115,0.457,142.028
pop,0.797,0.44,-6.587,0.0,0.471,1.57e-06,0.0849,0.436,111.014
pop,0.484,0.457,-9.087,1.0,0.143,0.0,0.379,0.223,123.941
pop,0.7,0.502,-8.958,1.0,0.603,0.0,0.08,0.407,129.977
pop,0.441,0.61,-5.182,0.0,0.238,0.0,0.101,0.348,79.736
pop,0.566,0.716,-5.733,1.0,0.00691,0.0,0.37,0.45,81.068
pop,0.599,0.888,-2.931,0.0,0.0273,0.0,0.28,0.833,121.05
pop,0.644,0.645,-5.437,0.0,0.423,0.00512,0.116,0.459,77.998
pop,0.523,0.702,-6.74,0.0,0.00397,0.0325,0.063,0.494,179.992
pop,0.63,0.605,-7.647,1.0,0.013,0.00189,0.158,0.205,75.009
pop,0.606,0.532,-6.076,1.0,0.44,0.0,0.132,0.405,81.332
pop,0.866,0.508,-8.591,0.0,0.769,8.35e-06,0.11,0.476,117.951
pop,0.868,0.572,-6.217,0.0,0.101,0.0,0.103,0.485,96.985
pop,0.735,0.674,-5.629,0.0,0.18,0.0,0.108,0.561,171.883
pop,0.633,0.727,-4.104,0.0,0.173,0.0,0.153,0.543,123.959
pop,0.866,0.813,-4.063,0.0,0.38,0.0,0.0779,0.969,121.998
pop,0.742,0.911,-2.812,1.0,0.0137,0.00081,0.0593,0.78,101.0
pop,0.742,0.675,-6.551,1.0,0.139,0.0,0.167,0.679,145.989
pop,0.607,0.695,-9.537,1.0,0.163,4.26e-06,0.109,0.594,150.061
pop,0.58,0.586,-6.883,1.0,0.344,0.0,0.0755,0.507,147.988
pop,0.359,0.972,-3.452,1.0,0.136,2.52e-06,0.14,0.595,62.914
pop,0.646,0.483,-7.273,1.0,0.309,0.0,0.124,0.461,72.46
pop,0.876,0.673,-7.15,1.0,0.0524,0.00571,0.0813,0.462,113.995
pop,0.375,0.282,-11.761,1.0,0.897,0.00168,0.0952,0.295,77.656
pop,0.755,0.837,-2.718,0.0,0.0991,0.0,0.289,0.714,120.028
pop,0.53,0.593,-7.286,1.0,0.385,0.0,0.314,0.538,125.723
pop,0.54,0.793,-4.379,1.0,0.0744,0.0,0.354,0.399,112.219
pop,0.41,0.174,-11.405,1.0,0.767,0.00197,0.114,0.0694,105.292
pop,0.569,0.86,-4.116,1.0,0.135,0.0,0.153,0.289,90.937
pop,0.463,0.834,-3.726,0.0,0.29,0.0,0.0888,0.347,183.953
pop,0.71,0.789,-3.874,1.0,0.0161,2.77e-06,0.451,0.717,142.929
pop,0.723,0.809,-3.081,0.0,0.00346,0.00123,0.565,0.274,98.007
pop,0.802,0.929,-2.036,1.0,0.608,4.81e-06,0.157,0.828,96.969
pop,0.422,0.536,-6.345,1.0,0.598,2.36e-06,0.14,0.0753,118.74
pop,0.589,0.858,-5.01,0.0,0.0734,0.0,0.168,0.651,97.211
pop,0.262,0.606,-6.646,1.0,0.247,0.0,0.125,0.275,189.857
pop,0.824,0.665,-5.128,1.0,0.164,0.0,0.0614,0.695,102.952
pop,0.608,0.798,-5.092,0.0,0.0736,0.0,0.156,0.5,92.946
pop,0.307,0.371,-8.498,1.0,0.923,0.0253,0.11,0.189,115.241
pop,0.778,0.566,-6.959,0.0,0.672,0.000197,0.0698,0.479,117.971
pop,0.308,0.585,-5.18,0.0,0.45,0.0,0.319,0.345,171.843
pop,0.708,0.186,-8.953,0.0,0.868,0.0,0.0779,0.322,72.541
pop,0.581,0.578,-7.571,0.0,0.671,0.0,0.106,0.335,140.0
pop,0.389,0.665,-6.169,1.0,0.178,0.000732,0.116,0.199,117.055
pop,0.664,0.607,-8.822,1.0,0.23,0.0,0.164,0.541,95.958
pop,0.473,0.592,-6.859,1.0,0.0528,0.0,0.131,0.292,159.7
pop,0.64,0.743,-4.08,1.0,0.269,0.0,0.101,0.361,122.035
pop,0.687,0.43,-10.31,1.0,0.6,2.49e-06,0.132,0.241,115.01
pop,0.728,0.859,-5.237,0.0,0.0401,0.0,0.111,0.535,65.043
pop,0.609,0.692,-2.958,1.0,0.0157,0.0,0.0864,0.454,116.959
pop,0.404,0.43,-8.313,1.0,0.779,0.000172,0.0941,0.51,106.322
pop,0.686,0.783,-4.977,1.0,0.0764,0.0,0.163,0.814,99.978
pop,0.67,0.758,-7.829,1.0,0.505,0.0,0.077,0.409,147.964
pop,0.726,0.769,-5.043,1.0,0.0293,0.0101,0.104,0.733,97.985
pop,0.652,0.472,-8.084,1.0,0.158,0.0,0.121,0.24,126.904
pop,0.538,0.804,-5.194,1.0,0.0041,0.0,0.33,0.507,144.992
pop,0.658,0.634,-6.068,0.0,0.0104,0.0,0.12,0.302,140.002
pop,0.56,0.857,-4.145,0.0,0.0594,0.0,0.381,0.432,119.975
pop,0.594,0.454,-9.422,0.0,0.497,3.83e-05,0.0736,0.705,133.825
pop,0.542,0.867,-5.26,0.0,0.0226,0.00347,0.116,0.326,134.984
pop,0.595,0.459,-9.413,1.0,0.571,0.000165,0.101,0.272,129.661
pop,0.504,0.788,-4.113,0.0,0.0134,0.0,0.363,0.228,170.039
pop,0.735,0.585,-5.111,0.0,0.0775,7.13e-06,0.0996,0.447,82.429
pop,0.518,0.729,-7.193,0.0,0.183,0.0,0.0643,0.343,156.879
pop,0.615,0.534,-6.719,0.0,0.106,1.76e-05,0.0607,0.193,135.917
pop,0.792,0.662,-7.187,0.0,0.0714,0.0023,0.0982,0.399,110.001
pop,0.736,0.308,-7.83,1.0,0.946,0.0,0.186,0.361,111.202
pop,0.507,0.828,-6.023,1.0,0.00711,2.44e-05,0.261,0.489,178.032
pop,0.358,0.356,-7.477,0.0,0.799,0.0,0.196,0.231,81.154
pop,0.588,0.23,-20.647,0.0,0.643,2.66e-05,0.164,0.286,135.978
pop,0.586,0.73,-5.238,1.0,0.247,0.0,0.112,0.392,106.49
pop,0.421,0.799,-5.183,0.0,0.00871,1.63e-05,0.0794,0.731,82.408
pop,0.807,0.887,-3.726,1.0,0.0573,2.87e-06,0.124,0.961,134.052
pop,0.332,0.635,-5.653,1.0,0.159,2.79e-06,0.0599,0.261,186.249
pop,0.261,0.603,-6.733,1.0,0.558,0.0,0.184,0.207,158.125
pop,0.662,0.661,-5.689,1.0,0.417,0.0,0.0784,0.222,80.009
pop,0.612,0.78,-5.123,0.0,0.0781,0.0,0.0593,0.554,92.059
pop,0.511,0.542,-7.398,1.0,0.387,0.0,0.181,0.439,134.907
pop,0.653,0.604,-6.017,1.0,0.0292,0.0,0.097,0.101,118.016
pop,0.737,0.602,-5.292,1.0,0.0393,2.74e-06,0.236,0.88,109.039
pop,0.687,0.792,-2.749,1.0,0.191,0.0,0.167,0.671,100.015
pop,0.813,0.657,-6.447,1.0,0.00269,0.0,0.183,0.651,110.053
pop,0.323,0.737,-4.008,1.0,0.142,0.000162,0.163,0.155,113.26
pop,0.656,0.436,-11.141,1.0,0.845,0.0,0.221,0.196,109.239
pop,0.619,0.459,-5.782,0.0,0.56,0.0,0.137,0.498,126.803
pop,0.625,0.165,-14.581,1.0,0.835,1.11e-06,0.105,0.419,94.744
pop,0.44,0.317,-9.258,1.0,0.891,4.78e-06,0.141,0.268,169.914
pop,0.64,0.82,-4.729,0.0,0.00312,0.0,0.189,0.583,130.108
pop,0.632,0.686,-7.665,0.0,0.549,0.0,0.2,0.329,89.949
pop,0.481,0.392,-8.2,1.0,0.478,0.0,0.122,0.257,91.796
pop,0.679,0.767,-5.367,1.0,0.00784,7.63e-05,0.193,0.764,97.07
pop,0.752,0.59,-5.688,1.0,0.071,9.76e-06,0.095,0.353,101.241
pop,0.672,0.625,-5.068,0.0,0.0774,0.0,0.0934,0.423,120.038
pop,0.712,0.422,-10.688,1.0,0.307,1.71e-05,0.067,0.772,80.014
pop,0.515,0.53,-6.974,1.0,0.256,0.0,0.089,0.312,83.056
pop,0.708,0.598,-8.365,1.0,0.037,0.0,0.17,0.698,112.027
pop,0.605,0.553,-10.845,0.0,0.274,0.0152,0.184,0.62,152.076
pop,0.698,0.931,-4.32,0.0,0.0237,0.852,0.0767,0.0825,128.004
pop,0.744,0.672,-5.589,0.0,0.187,0.000123,0.105,0.266,140.889
pop,0.606,0.663,-6.175,0.0,0.237,0.000194,0.139,0.201,85.967
pop,0.512,0.796,-4.075,1.0,0.00147,0.000209,0.0938,0.344,171.014
pop,0.66,0.639,-6.61,1.0,0.345,0.00109,0.0775,0.227,124.068
pop,0.535,0.359,-9.343,1.0,0.771,0.0,0.111,0.488,154.163
pop,0.652,0.698,-4.667,0.0,0.00112,0.000115,0.0886,0.47,96.021
pop,0.859,0.828,-6.925,0.0,0.0156,0.000828,0.0205,0.36,124.023
pop,0.666,0.748,-6.401,1.0,0.292,0.0,0.101,0.253,103.981
pop,0.765,0.53,-7.18,0.0,0.509,4.15e-06,0.117,0.529,130.104
pop,0.572,0.835,-6.826,1.0,0.337,0.0,0.082,0.468,150.014
pop,0.779,0.693,-6.033,0.0,0.0832,0.0,0.0874,0.469,150.019
pop,0.573,0.739,-5.74,1.0,0.0285,0.0,0.111,0.451,97.085
pop,0.686,0.588,-8.343,0.0,0.178,0.0,0.0954,0.617,94.519
pop,0.391,0.335,-10.064,1.0,0.389,0.0,0.102,0.116,174.185
pop,0.68,0.84,-3.823,1.0,0.0457,8.66e-06,0.143,0.468,104.975
pop,0.639,0.526,-6.697,1.0,0.245,2.43e-05,0.25,0.488,130.033
pop,0.718,0.458,-10.632,1.0,0.685,0.00222,0.118,0.567,119.958
pop,0.801,0.41,-12.734,1.0,0.35,1.45e-06,0.107,0.442,104.935
pop,0.51,0.536,-5.988,1.0,0.0217,7.29e-06,0.0869,0.384,90.763
pop,0.743,0.675,-4.267,0.0,0.0251,0.000717,0.0685,0.59,92.909
pop,0.703,0.179,-10.906,1.0,0.949,0.0,0.102,0.346,97.427
pop,0.565,0.531,-6.09,1.0,0.497,1.94e-06,0.102,0.237,129.424
pop,0.5,0.28,-10.764,0.0,0.88,2.6e-06,0.102,0.0832,92.457
pop,0.765,0.523,-4.333,1.0,0.184,3.56e-05,0.132,0.394,104.988
pop,0.708,0.647,-6.128,1.0,0.117,0.0,0.111,0.654,129.95
pop,0.332,0.225,-8.697,1.0,0.767,0.00349,0.128,0.297,81.055
pop,0.837,0.575,-7.971,0.0,0.0361,7.23e-06,0.457,0.655,105.015
pop,0.823,0.544,-7.132,1.0,0.0215,0.00315,0.0966,0.664,149.903
pop,0.741,0.466,-7.258,1.0,0.558,0.0,0.0583,0.351,102.058
pop,0.602,0.758,-9.416,1.0,0.25,3.93e-05,0.209,0.788,141.108
pop,0.538,0.763,-6.346,0.0,0.0152,0.0,0.109,0.484,180.002
pop,0.324,0.416,-8.92,0.0,0.262,3.69e-05,0.11,0.151,113.986
pop,0.374,0.83,-5.203,0.0,0.00213,0.0,0.15,0.204,90.19
pop,0.617,0.483,-7.359,1.0,0.702,0.000216,0.121,0.176,144.99
pop,0.877,0.452,-5.773,0.0,0.456,4.37e-06,0.139,0.89,110.021
pop,0.599,0.653,-7.576,0.0,0.362,0.0,0.144,0.678,79.968
pop,0.737,0.802,-4.771,1.0,0.468,0.0,0.0931,0.682,144.015
pop,0.706,0.782,-4.353,1.0,0.21,4.86e-06,0.0813,0.418,104.983
pop,0.515,0.691,-4.028,0.0,0.624,0.0,0.121,0.484,169.521
pop,0.911,0.551,-3.75,0.0,0.132,4.12e-05,0.0863,0.969,92.887
pop,0.797,0.452,-8.325,1.0,0.275,6.45e-05,0.075,0.661,104.998
pop,0.678,0.449,-9.379,0.0,0.477,0.0,0.536,0.606,100.033
pop,0.686,0.518,-7.03,1.0,0.332,0.00946,0.17,0.149,93.949
pop,0.843,0.797,-4.597,0.0,0.202,0.000117,0.0822,0.613,109.973
pop,0.756,0.674,-6.518,0.0,0.0184,0.0,0.158,0.389,111.995
pop,0.649,0.461,-8.401,1.0,0.44,0.0,0.108,0.485,141.102
pop,0.62,0.42,-10.163,1.0,0.0786,0.0,0.294,0.355,84.814
pop,0.329,0.45,-6.312,0.0,0.594,0.0,0.13,0.284,80.095
pop,0.926,0.703,-6.337,0.0,0.0659,0.0,0.231,0.485,125.022
pop,0.567,0.526,-5.029,1.0,0.153,2.34e-06,0.103,0.231,91.999
pop,0.547,0.785,-5.865,0.0,0.204,0.0,0.0835,0.764,81.781
pop,0.637,0.724,-5.151,0.0,0.119,0.0,0.299,0.414,80.982
pop,0.865,0.792,-4.207,1.0,0.168,1.46e-05,0.107,0.562,101.985
pop,0.473,0.657,-6.278,1.0,0.0454,2.41e-06,0.068,0.294,74.996
pop,0.697,0.565,-6.899,1.0,0.161,4.73e-05,0.082,0.457,87.043
pop,0.603,0.453,-8.501,1.0,0.45,0.0,0.092,0.384,135.028
pop,0.766,0.563,-7.516,0.0,0.0263,0.683,0.115,0.964,126.007
pop,0.737,0.542,-7.593,1.0,0.295,0.0,0.103,0.385,119.973
pop,0.686,0.457,-8.322,1.0,0.595,0.0,0.105,0.718,150.953
pop,0.872,0.646,-6.994,1.0,0.0889,0.553,0.133,0.346,125.017
pop,0.594,0.64,-6.865,1.0,0.0169,0.0,0.135,0.492,92.871
pop,0.796,0.53,-5.967,1.0,0.69,0.0,0.0646,0.754,105.031
pop,0.638,0.878,-3.639,0.0,0.0151,0.000223,0.308,0.481,103.948
pop,0.688,0.5,-7.411,1.0,0.102,0.0,0.355,0.418,127.906
pop,0.664,0.609,-6.509,1.0,0.304,0.0,0.0926,0.194,130.041
pop,0.88,0.751,-4.258,0.0,0.177,6.43e-05,0.106,0.884,117.948
pop,0.764,0.601,-6.999,1.0,0.198,0.0,0.265,0.905,87.926
pop,0.397,0.303,-7.508,1.0,0.381,0.0,0.101,0.172,81.05
pop,0.516,0.405,-12.327,1.0,0.152,3.44e-06,0.154,0.267,160.047
pop,0.755,0.689,-4.463,1.0,0.0693,0.0,0.394,0.638,140.013
pop,0.779,0.964,-2.888,0.0,0.0858,1.46e-05,0.676,0.613,139.241
pop,0.741,0.695,-5.341,1.0,0.021,0.0,0.0922,0.861,134.032
pop,0.555,0.879,-2.484,0.0,0.011,0.0,0.298,0.691,113.852
pop,0.66,0.139,-16.339,0.0,0.964,1.1e-05,0.105,0.312,79.975
pop,0.559,0.632,-7.58,0.0,0.413,0.0,0.118,0.699,90.097
pop,0.697,0.618,-5.355,0.0,0.249,0.0,0.147,0.38,114.065
pop,0.687,0.71,-5.84,1.0,0.0283,3.71e-06,0.0689,0.886,79.235
pop,0.751,0.669,-6.532,0.0,0.342,1.31e-05,0.0822,0.359,119.014
pop,0.418,0.42,-6.444,1.0,0.588,6.39e-05,0.11,0.184,84.094
pop,0.82,0.937,-4.81,0.0,0.139,7.51e-05,0.325,0.922,131.006
pop,0.585,0.564,-7.063,0.0,0.0671,0.0,0.135,0.137,113.003
pop,0.649,0.647,-7.695,0.0,0.0039,0.161,0.0686,0.405,125.02
pop,0.637,0.799,-4.518,1.0,0.394,0.0,0.0921,0.57,104.996
pop,0.509,0.31,-10.623,1.0,0.959,0.229,0.0963,0.151,137.474
pop,0.723,0.504,-5.572,1.0,0.388,7.4e-05,0.087,0.551,133.975
pop,0.51,0.301,-5.344,1.0,0.892,0.0,0.127,0.508,198.158
pop,0.825,0.666,-4.847,0.0,0.143,2.81e-06,0.237,0.763,96.987
pop,0.717,0.855,-5.646,1.0,0.0148,0.0,0.0887,0.86,125.002
pop,0.577,0.906,-3.673,1.0,0.0304,0.0,0.189,0.692,152.946
pop,0.826,0.581,-6.425,0.0,0.518,2.49e-06,0.0703,0.787,92.434
pop,0.705,0.784,-6.477,1.0,0.0133,0.0,0.168,0.377,160.035
pop,0.692,0.431,-9.158,0.0,0.336,1.59e-05,0.166,0.416,99.951
pop,0.53,0.701,-4.54,1.0,0.536,8.09e-06,0.118,0.818,171.856
pop,0.384,0.728,-6.503,0.0,0.329,1.85e-05,0.329,0.311,156.396
pop,0.706,0.527,-8.706,0.0,0.139,0.000169,0.112,0.144,103.008
pop,0.564,0.714,-4.987,1.0,0.0549,0.0,0.155,0.33,175.924
pop,0.637,0.69,-4.057,0.0,0.00786,0.0,0.124,0.457,129.857
pop,0.692,0.624,-6.492,0.0,0.368,0.0,0.108,0.487,132.896
pop,0.574,0.694,-4.697,1.0,0.00481,0.0,0.102,0.401,109.85
pop,0.324,0.539,-8.076,1.0,0.713,3.15e-05,0.118,0.486,120.526
pop,0.788,0.842,-4.006,0.0,0.121,0.00112,0.166,0.481,190.077
pop,0.659,0.774,-7.014,1.0,0.606,0.000333,0.185,0.883,82.995
pop,0.61,0.788,-5.724,1.0,0.195,0.0142,0.153,0.472,101.045
pop,0.612,0.601,-7.089,1.0,0.168,0.0,0.117,0.525,147.018
pop,0.679,0.61,-10.936,0.0,0.585,9.51e-05,0.156,0.554,123.978
pop,0.584,0.54,-7.786,0.0,0.0895,0.0,0.261,0.195,137.972
pop,0.56,0.763,-4.159,1.0,0.409,0.0,0.122,0.346,91.058
pop,0.736,0.569,-3.559,0.0,0.144,5.27e-05,0.112,0.433,171.973
pop,0.859,0.575,-6.845,1.0,0.0941,0.00018,0.105,0.607,93.007
pop,0.627,0.592,-5.977,1.0,0.126,0.0,0.111,0.462,167.882
pop,0.541,0.676,-3.893,0.0,0.442,0.0,0.159,0.845,90.037
pop,0.858,0.678,-3.87,0.0,0.0761,0.0,0.0741,0.922,117.009
pop,0.65,0.388,-7.065,1.0,0.306,0.0,0.114,0.628,96.001
pop,0.57,0.821,-4.38,1.0,0.178,0.0,0.289,0.408,210.857
pop,0.755,0.529,-6.066,0.0,0.0834,2.77e-05,0.27,0.228,112.035
pop,0.614,0.615,-6.7,0.0,0.054,0.0,0.0921,0.374,95.941
pop,0.599,0.887,-3.967,1.0,0.0192,1.21e-06,0.3,0.881,170.918
pop,0.773,0.436,-10.972,0.0,0.672,0.00678,0.197,0.533,115.917
pop,0.715,0.605,-5.128,0.0,0.239,1.41e-05,0.189,0.454,122.956
pop,0.805,0.858,-3.067,1.0,0.194,7.89e-06,0.256,0.523,97.033
pop,0.695,0.781,-5.578,0.0,0.0185,3.12e-05,0.295,0.456,124.04
pop,0.802,0.737,-4.306,1.0,0.309,0.0,0.0815,0.577,116.955
pop,0.396,0.177,-10.277,1.0,0.718,0.0,0.139,0.221,177.215
pop,0.55,0.246,-12.503,0.0,0.834,0.00279,0.0977,0.218,119.836
pop,0.442,0.538,-8.55,0.0,0.717,2.95e-05,0.09,0.139,122.758
pop,0.953,0.652,-4.159,0.0,0.00456,0.0,0.0287,0.73,122.997
pop,0.855,0.254,-13.551,1.0,0.837,2.44e-05,0.527,0.378,118.006
pop,0.738,0.599,-7.102,1.0,0.434,0.0,0.13,0.575,120.052
pop,0.808,0.97,-6.098,0.0,0.0569,6.13e-05,0.154,0.868,114.328
pop,0.726,0.652,-7.764,0.0,0.00451,3.32e-05,0.226,0.803,163.879
pop,0.605,0.53,-6.346,1.0,0.821,0.0,0.131,0.397,93.95
pop,0.554,0.371,-9.104,0.0,0.853,0.0,0.0838,0.246,199.824
pop,0.684,0.514,-8.584,1.0,0.00242,0.0,0.193,0.202,88.014
pop,0.803,0.426,-11.54,1.0,0.418,2.23e-05,0.11,0.556,114.945
pop,0.591,0.764,-5.484,1.0,0.0383,0.0,0.103,0.478,169.928
pop,0.509,0.637,-4.83,0.0,0.0717,1.08e-05,0.0789,0.378,172.006
pop,0.392,0.574,-5.744,1.0,0.627,0.0,0.532,0.446,65.528
pop,0.51,0.502,-7.016,0.0,0.71,0.0,0.0708,0.321,133.885
pop,0.61,0.725,-5.131,1.0,0.367,0.0,0.154,0.291,146.163
pop,0.628,0.649,-10.171,0.0,0.00595,0.0,0.25,0.476,82.907
pop,0.66,0.867,-4.285,0.0,0.11,0.0,0.0368,0.377,93.033
pop,0.465,0.551,-6.58,1.0,0.619,6.03e-06,0.109,0.415,89.459
pop,0.602,0.894,-3.975,1.0,0.00154,0.0,0.433,0.643,125.988
pop,0.711,0.346,-10.162,1.0,0.766,0.0,0.212,0.771,91.993
pop,0.66,0.447,-9.026,0.0,0.81,2.15e-06,0.11,0.578,84.95
pop,0.77,0.84,-4.022,1.0,0.515,0.00452,0.145,0.192,96.012
pop,0.854,0.446,-8.957,0.0,0.313,0.215,0.156,0.57,92.545
pop,0.676,0.525,-5.88,1.0,0.617,0.0,0.356,0.421,112.011
pop,0.536,0.768,-5.948,0.0,0.00433,0.0,0.114,0.545,77.217
pop,0.572,0.759,-4.312,1.0,0.127,0.0,0.224,0.519,80.95
pop,0.645,0.324,-13.621,0.0,0.754,0.000727,0.103,0.493,162.037
pop,0.346,0.501,-6.939,1.0,0.421,0.0,0.0657,0.299,99.855
pop,0.783,0.537,-2.921,1.0,0.278,0.0,0.229,0.393,113.988
pop,0.825,0.652,-3.183,0.0,0.581,0.0,0.0931,0.931,95.977
pop,0.686,0.738,-5.802,1.0,0.0703,0.0,0.0505,0.45,101.829
pop,0.587,0.664,-5.698,0.0,0.128,0.0,0.323,0.617,149.957
pop,0.788,0.859,-2.724,1.0,0.281,0.0,0.0424,0.822,141.02
pop,0.798,0.752,-5.947,1.0,0.128,0.0362,0.0795,0.565,125.996
pop,0.561,0.431,-8.81,1.0,0.768,1.42e-05,0.106,0.137,143.875
pop,0.652,0.657,-4.491,0.0,0.00208,6.93e-05,0.0859,0.0861,127.997
pop,0.477,0.128,-14.567,1.0,0.928,0.0,0.0875,0.38,88.917
pop,0.636,0.243,-9.509,1.0,0.815,0.0,0.111,0.239,142.016
pop,0.588,0.877,-4.78,1.0,0.00952,0.0,0.171,0.645,155.165
pop,0.48,0.615,-6.006,0.0,0.547,0.0,0.139,0.33,79.948
pop,0.702,0.741,-5.33,1.0,0.00544,0.0,0.337,0.646,124.925
pop,0.824,0.764,-4.175,0.0,0.0888,0.00294,0.117,0.881,107.998
pop,0.662,0.394,-14.407,1.0,0.789,0.124,0.111,0.326,119.938
pop,0.619,0.429,-7.867,1.0,0.738,1.35e-05,0.136,0.545,90.058
pop,0.652,0.37,-9.922,1.0,0.661,0.0,0.109,0.662,99.894
pop,0.639,0.728,-7.065,0.0,0.0223,0.00384,0.68,0.0996,103.966
pop,0.695,0.727,-6.274,0.0,0.0744,0.000175,0.533,0.864,118.034
pop,0.735,0.686,-7.562,0.0,0.00108,0.874,0.0933,0.0656,121.011
pop,0.576,0.314,-11.343,1.0,0.709,0.0,0.0978,0.619,83.291
pop,0.466,0.48,-6.005,0.0,0.271,1.89e-06,0.261,0.329,99.055
pop,0.694,0.637,-5.896,1.0,0.298,9.69e-06,0.123,0.506,83.982
pop,0.279,0.742,-6.46,0.0,0.000185,0.0,0.593,0.328,189.868
pop,0.721,0.628,-5.546,1.0,0.61,0.0,0.108,0.514,81.008
pop,0.674,0.506,-10.532,1.0,0.173,0.0,0.0866,0.183,145.965
pop,0.752,0.698,-6.53,1.0,0.52,0.0,0.211,0.347,132.058
pop,0.495,0.498,-7.023,0.0,0.701,0.0,0.0706,0.32,133.992
pop,0.876,0.834,-4.653,1.0,0.164,0.00021,0.108,0.788,103.012
pop,0.964,0.486,-8.891,1.0,0.0194,0.04,0.0694,0.318,124.058
pop,0.602,0.249,-9.264,0.0,0.725,0.0,0.243,0.274,131.814
pop,0.549,0.6,-4.008,0.0,0.32,0.0,0.108,0.625,80.634
pop,0.835,0.828,-4.512,0.0,0.00235,0.743,0.0602,0.178,107.995
pop,0.418,0.248,-9.997,1.0,0.954,4.21e-06,0.108,0.298,130.953
pop,0.731,0.506,-8.579,1.0,0.484,0.0,0.0944,0.703,114.986
pop,0.731,0.807,-6.492,0.0,0.181,0.751,0.319,0.765,114.759
pop,0.445,0.455,-6.405,1.0,0.731,1.47e-06,0.124,0.151,109.885
pop,0.557,0.442,-7.224,1.0,0.731,1.46e-05,0.11,0.213,146.277
pop,0.675,0.523,-7.598,1.0,0.761,3.17e-06,0.109,0.376,94.025
pop,0.495,0.333,-10.109,0.0,0.737,0.0,0.112,0.37,99.757
pop,0.664,0.708,-4.154,1.0,0.0337,0.0,0.0841,0.742,103.07
pop,0.641,0.836,-3.952,1.0,0.0287,4.05e-06,0.177,0.694,174.968
pop,0.516,0.777,-4.908,0.0,0.00108,1.62e-06,0.0761,0.408,125.047
pop,0.556,0.521,-10.811,1.0,0.632,0.000582,0.102,0.355,127.956
pop,0.743,0.922,-3.025,1.0,0.411,2.36e-06,0.287,0.873,96.933
pop,0.735,0.635,-6.008,1.0,0.0863,0.0,0.0928,0.76,97.956
pop,0.74,0.576,-6.744,0.0,0.0249,0.0,0.104,0.315,110.095
pop,0.416,0.343,-10.995,1.0,0.514,0.0,0.106,0.578,149.791
pop,0.654,0.76,-3.669,0.0,0.0797,0.0,0.299,0.41,99.945
pop,0.467,0.119,-10.99,1.0,0.969,1.4e-06,0.0973,0.156,70.499
pop,0.501,0.828,-2.495,0.0,0.053,0.0,0.135,0.483,84.659
pop,0.595,0.817,-6.187,0.0,0.000712,0.0386,0.142,0.483,144.961
pop,0.5,0.587,-6.979,1.0,0.489,0.0,0.0827,0.276,72.98
pop,0.817,0.715,-5.13,1.0,0.183,0.0,0.214,0.398,100.002
pop,0.682,0.683,-6.444,0.0,0.156,2.32e-05,0.273,0.64,120.023
pop,0.488,0.403,-7.005,1.0,0.598,4.28e-06,0.434,0.497,131.489
pop,0.596,0.307,-11.604,1.0,0.816,0.0,0.133,0.397,143.979
pop,0.674,0.547,-7.316,0.0,0.625,1.54e-05,0.0927,0.423,81.997
pop,0.72,0.791,-4.689,1.0,0.0384,0.0,0.157,0.756,102.071
pop,0.572,0.621,-7.298,1.0,0.543,2.19e-06,0.124,0.35,159.989
pop,0.735,0.839,-4.263,0.0,0.129,0.0,0.41,0.609,100.017
pop,0.445,0.436,-5.988,1.0,0.655,0.0,0.157,0.308,77.732
pop,0.597,0.45,-6.658,1.0,0.223,0.0,0.382,0.537,178.765
pop,0.524,0.754,-6.702,1.0,0.0332,0.0,0.0842,0.683,169.905
pop,0.886,0.893,-2.713,0.0,0.116,0.0737,0.145,0.814,116.01
pop,0.35,0.468,-9.909,0.0,0.445,0.034,0.0799,0.0467,71.312
pop,0.653,0.757,-3.642,1.0,0.1,0.0,0.242,0.238,128.018
pop,0.826,0.553,-10.121,0.0,0.163,4.12e-05,0.135,0.4,140.037
pop,0.656,0.551,-6.43,1.0,0.721,1.26e-06,0.0947,0.329,114.106
pop,0.265,0.797,-5.311,1.0,0.094,1.79e-05,0.134,0.209,119.508
pop,0.684,0.607,-8.127,0.0,0.0267,0.000307,0.191,0.498,81.001
pop,0.869,0.726,-5.654,0.0,0.0784,0.0,0.107,0.343,124.023
pop,0.794,0.706,-6.066,0.0,0.198,0.0,0.0536,0.908,116.032
pop,0.498,0.59,-4.721,0.0,0.511,0.0,0.107,0.0784,145.867
pop,0.71,0.901,-2.686,1.0,0.00828,1.34e-05,0.172,0.86,125.953
pop,0.599,0.478,-7.377,1.0,0.439,0.0,0.097,0.255,77.985
pop,0.918,0.585,-7.781,1.0,0.0627,0.0,0.624,0.519,131.966
pop,0.736,0.817,-4.9,1.0,0.00987,0.00167,0.117,0.653,119.95
pop,0.815,0.761,-7.162,0.0,0.192,0.0,0.0272,0.82,121.999
pop,0.81,0.571,-7.189,0.0,0.0624,1.63e-06,0.094,0.771,125.994
pop,0.689,0.311,-10.821,0.0,0.544,0.0,0.0841,0.417,137.958
pop,0.776,0.696,-5.373,0.0,0.203,1.62e-05,0.177,0.849,100.077
pop,0.584,0.7,-4.251,1.0,0.512,2.43e-05,0.13,0.549,163.953
pop,0.717,0.32,-8.393,1.0,0.828,0.0,0.107,0.322,107.946
pop,0.666,0.87,-5.004,0.0,0.203,0.0,0.0851,0.9,160.014
pop,0.468,0.903,-3.155,1.0,0.178,0.0,0.0918,0.523,152.383
pop,0.607,0.418,-6.997,1.0,0.394,0.0,0.182,0.386,95.002
pop,0.511,0.804,-3.808,1.0,0.0619,0.0,0.0873,0.484,145.055
pop,0.783,0.607,-7.268,0.0,0.091,0.0,0.0986,0.862,92.109
pop,0.837,0.717,-7.749,0.0,0.0842,0.0,0.149,0.494,94.984
pop,0.772,0.637,-6.881,1.0,0.00459,0.0,0.0778,0.54,149.906
pop,0.657,0.569,-6.287,1.0,0.201,1.38e-05,0.126,0.399,102.054
r&b,0.552,0.686,-3.641,1.0,0.601,0.0,0.123,0.401,139.736
r&b,0.907,0.645,-4.38,1.0,0.043,0.0,0.18,0.562,103.312
r&b,0.659,0.812,-7.499,0.0,0.23,0.0,0.0951,0.888,83.014
r&b,0.695,0.316,-16.669,1.0,0.136,0.0,0.0706,0.828,75.157
r&b,0.277,0.806,-4.715,1.0,0.0478,0.0,0.0525,0.617,74.098
r&b,0.644,0.549,-5.415,0.0,0.0209,8.85e-06,0.134,0.167,90.04
r&b,0.514,0.506,-7.095,0.0,0.402,2.56e-05,0.191,0.312,88.044
r&b,0.826,0.518,-6.521,0.0,0.0518,0.0,0.047,0.872,89.986
r&b,0.802,0.461,-12.367,0.0,0.0757,0.0,0.109,0.74,90.995
r&b,0.697,0.445,-7.081,1.0,0.263,0.00274,0.133,0.396,119.943
r&b,0.85,0.7,-5.287,1.0,0.0629,1.77e-06,0.0616,0.74,139.98
r&b,0.842,0.484,-7.111,0.0,0.181,0.0,0.0868,0.951,95.51
r&b,0.535,0.505,-8.926,0.0,0.0393,0.0,0.0923,0.495,99.935
r&b,0.66,0.623,-7.321,0.0,0.0851,0.0,0.0841,0.736,179.986
r&b,0.864,0.869,-3.602,1.0,0.255,0.000134,0.0469,0.93,100.011
r&b,0.865,0.56,-7.954,1.0,0.0231,0.0012,0.0833,0.875,101.309
r&b,0.629,0.511,-8.651,1.0,0.114,3.91e-06,0.0588,0.181,128.038
r&b,0.569,0.385,-9.919,0.0,0.342,0.0,0.0876,0.339,99.738
r&b,0.734,0.586,-11.866,1.0,0.125,0.0,0.0367,0.762,109.933
r&b,0.653,0.746,-8.254,0.0,0.28,5.49e-06,0.0944,0.492,87.611
r&b,0.712,0.606,-4.262,1.0,0.246,1.19e-06,0.109,0.329,111.089
r&b,0.338,0.369,-7.082,1.0,0.806,1.36e-06,0.158,0.567,173.761
r&b,0.681,0.534,-7.319,1.0,0.362,0.0,0.0735,0.343,120.1
r&b,0.568,0.732,-4.896,0.0,0.179,4.92e-06,0.401,0.626,186.048
r&b,0.655,0.837,-6.04,0.0,0.0262,5.85e-06,0.0454,0.66,91.014
r&b,0.626,0.404,-10.63,0.0,0.0411,0.0,0.317,0.499,131.456
r&b,0.733,0.676,-5.655,0.0,0.0697,0.0,0.208,0.701,97.448
r&b,0.744,0.406,-6.378,0.0,0.113,0.0,0.0316,0.725,89.942
r&b,0.608,0.569,-5.835,0.0,0.123,0.0,0.151,0.346,72.076
r&b,0.626,0.547,-5.567,0.0,0.267,3.69e-06,0.19,0.49,76.066
r&b,0.683,0.669,-5.276,0.0,0.312,0.0,0.266,0.538,91.05
r&b,0.754,0.809,-6.809,1.0,0.0391,8.04e-06,0.0558,0.722,127.982
r&b,0.796,0.705,-4.82,0.0,0.0332,2.14e-06,0.0809,0.774,113.964
r&b,0.68,0.531,-8.824,0.0,0.0195,0.0,0.169,0.398,95.05
r&b,0.565,0.531,-6.09,1.0,0.497,1.94e-06,0.102,0.237,129.424
r&b,0.754,0.472,-11.787,1.0,0.257,2.09e-05,0.121,0.613,169.199
r&b,0.417,0.551,-8.361,1.0,0.56,0.0,0.129,0.216,86.848
r&b,0.832,0.391,-8.504,1.0,0.0564,0.0,0.224,0.436,104.961
r&b,0.506,0.629,-5.708,1.0,0.668,0.0,0.125,0.436,122.895
r&b,0.693,0.533,-10.954,0.0,0.107,0.0,0.0695,0.568,127.661
r&b,0.741,0.61,-7.34,0.0,0.316,0.0,0.534,0.72,125.99
r&b,0.726,0.7,-5.881,0.0,0.0717,0.0,0.262,0.673,146.559
r&b,0.417,0.58,-4.574,1.0,0.0307,1.45e-06,0.179,0.139,68.58
r&b,0.787,0.743,-9.34,1.0,0.248,7.07e-06,0.242,0.692,110.137
r&b,0.713,0.678,-3.525,0.0,0.273,0.0,0.149,0.734,138.009
r&b,0.386,0.331,-9.706,1.0,0.631,0.000148,0.12,0.322,180.827
r&b,0.436,0.655,-8.37,0.0,0.499,8.1e-06,0.688,0.412,121.002
r&b,0.514,0.549,-5.928,0.0,0.687,0.0,0.0966,0.533,90.117
r&b,0.674,0.506,-10.532,1.0,0.173,0.0,0.0866,0.183,145.965
r&b,0.725,0.384,-12.64,1.0,0.00569,0.00022,0.158,0.497,121.9
r&b,0.779,0.423,-5.238,0.0,0.182,0.0,0.183,0.326,121.962
r&b,0.697,0.618,-5.355,0.0,0.249,0.0,0.147,0.38,114.065
r&b,0.575,0.686,-6.008,1.0,0.296,0.0,0.617,0.926,172.167
r&b,0.89,0.523,-8.526,1.0,0.453,1.58e-06,0.0831,0.345,111.031
r&b,0.768,0.861,-10.967,1.0,0.167,0.000143,0.42,0.779,113.599
r&b,0.742,0.872,-7.812,0.0,0.176,0.00271,0.34,0.673,119.999
r&b,0.658,0.294,-8.533,0.0,0.422,5.2e-05,0.0749,0.358,74.038
r&b,0.571,0.309,-9.864,0.0,0.0911,0.0,0.215,0.133,139.881
r&b,0.652,0.604,-8.766,0.0,0.111,1.01e-05,0.0409,0.675,170.003
r&b,0.611,0.677,-4.916,1.0,0.346,0.0,0.0435,0.124,129.962
r&b,0.761,0.413,-10.137,0.0,0.113,0.00197,0.09,0.733,167.947
r&b,0.686,0.701,-5.702,0.0,0.257,0.00281,0.088,0.605,173.994
r&b,0.844,0.601,-5.283,1.0,0.0205,0.0,0.385,0.331,73.989
r&b,0.528,0.401,-9.662,1.0,0.831,0.00169,0.14,0.221,77.43
r&b,0.77,0.86,-3.702,1.0,0.0159,0.000713,0.0682,0.547,96.428
r&b,0.676,0.442,-7.745,0.0,0.733,0.0,0.15,0.739,127.955
r&b,0.915,0.472,-6.351,1.0,0.22,5.74e-05,0.104,0.411,126.976
r&b,0.623,0.722,-5.612,1.0,0.322,0.0,0.159,0.653,138.357
r&b,0.588,0.877,-4.78,1.0,0.00952,0.0,0.171,0.645,155.165
r&b,0.612,0.579,-6.417,0.0,0.285,0.0,0.0556,0.716,86.31
r&b,0.752,0.514,-6.507,1.0,0.0889,8.98e-06,0.0987,0.409,59.985
r&b,0.596,0.827,-4.455,1.0,0.0846,0.0,0.382,0.662,81.019
r&b,0.54,0.572,-8.665,1.0,0.624,0.0,0.14,0.43,82.562
r&b,0.61,0.725,-5.131,1.0,0.367,0.0,0.154,0.291,146.163
r&b,0.458,0.445,-8.391,0.0,0.64,0.0,0.118,0.447,82.82
r&b,0.64,0.427,-9.29,0.0,0.0664,0.0,0.0579,0.529,149.703
r&b,0.409,0.42,-7.764,1.0,0.00488,0.0,0.146,0.0412,118.711
r&b,0.797,0.75,-9.369,1.0,0.533,0.108,0.095,0.74,177.87
r&b,0.755,0.381,-6.696,0.0,0.291,5.13e-06,0.0974,0.695,73.108
r&b,0.707,0.724,-3.887,0.0,0.0448,0.0,0.072,0.659,108.984
r&b,0.571,0.431,-8.889,1.0,0.637,0.00524,0.122,0.361,130.111
r&b,0.665,0.695,-5.763,1.0,0.347,0.0,0.106,0.707,90.119
r&b,0.8,0.624,-13.931,1.0,0.0217,0.0,0.496,0.784,107.932
r&b,0.661,0.366,-8.176,1.0,0.588,0.0,0.134,0.357,129.744
r&b,0.779,0.715,-5.886,0.0,0.297,0.0,0.157,0.621,126.036
r&b,0.955,0.768,-5.54,0.0,0.0134,0.0,0.308,0.741,125.04
r&b,0.754,0.718,-4.209,0.0,0.0122,0.000111,0.0923,0.576,169.116
r&b,0.899,0.811,-6.294,1.0,0.000677,0.0,0.0672,0.587,105.038
r&b,0.833,0.515,-5.0,0.0,0.347,0.00156,0.116,0.4,97.035
r&b,0.659,0.572,-3.88,1.0,0.032,0.0,0.154,0.272,130.046
r&b,0.736,0.666,-4.929,1.0,0.0593,3.82e-05,0.107,0.224,89.824
r&b,0.827,0.452,-8.354,0.0,0.0437,0.000184,0.0913,0.922,83.817
r&b,0.761,0.818,-4.196,0.0,0.0597,0.000225,0.0957,0.83,125.008
r&b,0.699,0.492,-9.449,0.0,0.484,0.0,0.0482,0.388,117.907
r&b,0.627,0.405,-7.189,1.0,0.368,0.0,0.0972,0.298,111.832
r&b,0.689,0.562,-7.048,0.0,0.0656,0.0,0.0885,0.21,133.987
r&b,0.707,0.759,-12.328,0.0,0.0769,2.84e-05,0.0775,0.955,115.142
r&b,0.683,0.664,-4.233,0.0,0.538,0.0,0.0671,0.866,106.991
r&b,0.466,0.48,-6.005,0.0,0.271,1.89e-06,0.261,0.329,99.055
r&b,0.615,0.457,-6.761,1.0,0.148,0.0,0.125,0.208,119.646
r&b,0.692,0.57,-8.077,1.0,0.666,0.0,0.107,0.309,91.917
r&b,0.859,0.622,-8.196,1.0,0.0661,0.0,0.0394,0.433,134.007
r&b,0.524,0.699,-5.559,0.0,0.303,0.0,0.769,0.703,145.191
r&b,0.59,0.699,-7.529,0.0,0.00389,4.69e-05,0.0577,0.63,188.268
r&b,0.7,0.538,-5.952,1.0,0.000204,0.0,0.105,0.189,136.518
r&b,0.649,0.791,-6.013,1.0,0.104,1.97e-06,0.108,0.811,128.023
r&b,0.63,0.52,-8.162,0.0,0.257,0.0,0.0577,0.375,137.792
r&b,0.606,0.532,-6.759,1.0,0.403,0.000904,0.356,0.327,130.945
r&b,0.549,0.491,-9.537,1.0,0.111,1.46e-05,0.0564,0.728,203.818
r&b,0.697,0.608,-10.976,0.0,0.0295,0.0,0.276,0.725,133.879
r&b,0.595,0.525,-7.338,1.0,0.32,0.0,0.0419,0.756,136.061
r&b,0.573,0.679,-6.774,0.0,0.247,0.0,0.321,0.648,66.215
r&b,0.739,0.511,-7.844,1.0,0.167,1.34e-06,0.133,0.542,96.038
r&b,0.406,0.6,-8.237,0.0,0.00207,1.99e-06,0.701,0.165,121.507
r&b,0.838,0.594,-5.695,0.0,0.176,0.0,0.0867,0.507,90.038
r&b,0.637,0.299,-11.314,1.0,0.742,0.0,0.359,0.364,83.872
r&b,0.743,0.473,-9.055,0.0,0.425,7.41e-06,0.183,0.56,109.136
r&b,0.432,0.472,-5.383,0.0,0.415,2.06e-06,0.097,0.509,77.35
r&b,0.859,0.413,-7.399,1.0,0.132,0.0,0.334,0.697,115.035
r&b,0.772,0.688,-4.715,0.0,0.0548,9.79e-05,0.0725,0.348,98.0
r&b,0.767,0.839,-5.519,1.0,0.0318,9.31e-06,0.111,0.461,98.055
r&b,0.358,0.356,-7.477,0.0,0.799,0.0,0.196,0.231,81.154
r&b,0.58,0.596,-10.31,1.0,0.093,0.0,0.109,0.653,74.033
r&b,0.592,0.562,-6.869,0.0,0.00373,3.23e-05,0.223,0.208,90.16
r&b,0.398,0.316,-7.031,1.0,0.805,0.0,0.295,0.174,118.582
r&b,0.772,0.693,-8.491,1.0,0.0221,0.0,0.175,0.645,120.197
r&b,0.935,0.807,-3.838,0.0,0.0514,0.0,0.349,0.813,106.017
r&b,0.881,0.774,-6.068,1.0,0.00986,0.0346,0.206,0.759,112.968
r&b,0.764,0.525,-5.969,1.0,0.0296,0.0,0.0993,0.787,95.813
r&b,0.652,0.861,-4.863,0.0,0.00743,2.25e-05,0.337,0.333,99.983
r&b,0.712,0.469,-5.616,0.0,0.593,0.0,0.125,0.383,93.04
r&b,0.919,0.609,-5.059,1.0,0.0096,0.0,0.124,0.418,134.992
r&b,0.518,0.523,-6.444,0.0,0.187,2.28e-06,0.112,0.296,106.131
r&b,0.765,0.831,-6.522,1.0,0.0894,0.0,0.393,0.809,100.026
r&b,0.694,0.617,-3.559,0.0,0.226,0.0,0.247,0.305,114.064
r&b,0.733,0.566,-12.06,0.0,0.0966,0.0,0.074,0.775,141.94
r&b,0.639,0.495,-10.783,0.0,0.0738,0.0,0.0682,0.833,175.982
r&b,0.561,0.779,-5.107,0.0,0.0862,0.0,0.078,0.235,81.965
r&b,0.814,0.494,-7.167,1.0,0.624,0.0,0.0888,0.607,128.083
r&b,0.61,0.458,-11.336,1.0,0.696,0.000103,0.0852,0.246,192.099
r&b,0.517,0.531,-8.348,1.0,0.0509,8.43e-06,0.0842,0.519,77.076
r&b,0.68,0.381,-10.084,0.0,0.862,3.72e-06,0.0985,0.215,71.448
r&b,0.799,0.623,-9.374,1.0,0.0141,0.0,0.43,0.773,103.649
r&b,0.609,0.444,-9.129,1.0,0.603,6.86e-06,0.104,0.166,118.402
r&b,0.929,0.7,-5.595,0.0,0.144,0.0,0.349,0.802,120.009
r&b,0.677,0.541,-6.057,0.0,0.48,0.0,0.125,0.379,103.369
r&b,0.856,0.755,-5.691,1.0,0.355,0.000621,0.145,0.842,123.883
r&b,0.649,0.3,-14.74,0.0,0.623,4.46e-06,0.125,0.294,99.989
r&b,0.895,0.469,-5.882,1.0,0.0012,4.56e-05,0.192,0.076,126.917
r&b,0.838,0.79,-4.231,1.0,0.00397,0.000223,0.0891,0.654,120.001
r&b,0.8,0.53,-8.856,1.0,0.0524,0.0,0.0492,0.804,93.956
r&b,0.458,0.572,-6.837,1.0,0.154,1.4e-05,0.117,0.344,89.261
r&b,0.776,0.696,-5.373,0.0,0.203,1.62e-05,0.177,0.849,100.077
r&b,0.705,0.784,-6.477,1.0,0.0133,0.0,0.168,0.377,160.035
r&b,0.704,0.707,-6.537,0.0,0.539,0.00106,0.318,0.761,93.145
r&b,0.769,0.552,-6.11,1.0,0.306,0.0,0.351,0.689,90.07
r&b,0.742,0.728,-6.626,0.0,0.00962,3.73e-05,0.134,0.697,96.01
r&b,0.608,0.836,-10.007,0.0,0.0876,0.00329,0.275,0.843,186.539
r&b,0.582,0.783,-3.424,0.0,0.0867,0.0,0.0557,0.442,79.898
r&b,0.655,0.477,-9.616,0.0,0.029,0.000221,0.0518,0.642,92.097
r&b,0.769,0.505,-7.345,1.0,0.311,7.49e-05,0.0777,0.757,171.804
r&b,0.797,0.656,-11.601,1.0,0.00721,0.0,0.0377,0.948,99.828
r&b,0.893,0.463,-5.301,1.0,0.199,0.0,0.318,0.591,81.026
r&b,0.625,0.644,-8.801,1.0,0.357,0.0,0.102,0.638,147.435
r&b,0.725,0.487,-5.959,0.0,0.26,1.09e-05,0.431,0.599,136.086
r&b,0.827,0.635,-6.77,0.0,0.278,0.000119,0.109,0.766,88.87
r&b,0.813,0.491,-9.923,0.0,0.241,4.61e-05,0.0817,0.868,99.008
r&b,0.692,0.679,-6.714,0.0,0.00502,0.0,0.327,0.934,90.004
r&b,0.776,0.556,-5.648,0.0,0.179,1.48e-06,0.12,0.964,103.055
r&b,0.712,0.657,-5.888,0.0,0.0577,0.0,0.234,0.437,97.993
r&b,0.557,0.585,-6.201,1.0,0.036,0.0,0.176,0.305,63.392
r&b,0.753,0.644,-3.882,1.0,0.15,0.0,0.134,0.931,99.966
r&b,0.759,0.585,-4.384,0.0,0.00563,0.0,0.419,0.738,99.545
r&b,0.528,0.523,-4.82,1.0,0.833,1.53e-06,0.103,0.692,93.06
r&b,0.598,0.581,-7.61,1.0,0.197,0.0,0.121,0.696,73.071
r&b,0.732,0.42,-6.867,1.0,0.0687,1.28e-06,0.289,0.473,137.45
r&b,0.652,0.798,-5.303,0.0,0.44,0.00233,0.298,0.531,95.038
r&b,0.512,0.598,-4.959,0.0,0.611,0.0,0.0881,0.345,70.189
r&b,0.687,0.583,-10.224,1.0,0.225,0.0,0.105,0.211,95.138
r&b,0.654,0.417,-7.699,1.0,0.0624,0.0,0.0963,0.279,143.676
r&b,0.879,0.73,-4.369,0.0,0.114,0.0,0.241,0.885,99.925
r&b,0.781,0.317,-9.697,1.0,0.106,0.0,0.175,0.43,121.844
r&b,0.628,0.495,-8.601,1.0,0.368,3.92e-06,0.0989,0.523,88.573
r&b,0.704,0.854,-5.477,0.0,0.0185,0.0,0.148,0.688,92.988
r&b,0.425,0.706,-2.766,0.0,0.276,0.0,0.0998,0.715,89.331
r&b,0.381,0.29,-10.682,1.0,0.662,1.48e-05,0.106,0.151,113.318
r&b,0.467,0.734,-5.149,1.0,0.204,0.0,0.16,0.346,121.585
r&b,0.806,0.721,-5.167,0.0,0.197,0.0,0.209,0.781,94.967
r&b,0.906,0.486,-7.189,0.0,0.0227,0.000757,0.0725,0.821,102.031
r&b,0.649,0.536,-8.804,0.0,0.492,0.0,0.184,0.513,78.935
r&b,0.593,0.619,-9.003,0.0,0.118,0.0,0.484,0.668,80.02
r&b,0.685,0.696,-4.288,1.0,0.432,0.0,0.127,0.65,160.017
r&b,0.735,0.567,-5.962,1.0,0.554,0.0,0.0659,0.574,149.968
r&b,0.746,0.825,-4.666,1.0,0.0142,0.0107,0.121,0.584,152.914
r&b,0.648,0.767,-5.052,1.0,0.0219,0.0,0.19,0.796,141.906
r&b,0.686,0.588,-8.343,0.0,0.178,0.0,0.0954,0.617,94.519
r&b,0.763,0.667,-6.285,1.0,0.021,2.4e-05,0.0715,0.75,95.864
r&b,0.728,0.756,-7.993,0.0,0.0394,0.0,0.743,0.775,130.136
r&b,0.494,0.452,-6.724,0.0,0.193,0.0,0.089,0.173,116.293
r&b,0.479,0.364,-9.184,0.0,0.902,8.1e-05,0.101,0.372,135.939
r&b,0.806,0.557,-6.007,1.0,0.184,0.0,0.168,0.815,113.033
r&b,0.718,0.754,-3.918,1.0,0.00709,0.0,0.0978,0.67,97.656
r&b,0.631,0.516,-8.225,1.0,0.413,0.0,0.115,0.18,116.654
r&b,0.615,0.551,-6.763,0.0,0.285,0.00105,0.109,0.363,142.019
r&b,0.605,0.622,-5.133,1.0,0.114,0.0,0.15,0.177,136.012
r&b,0.796,0.459,-7.716,0.0,0.705,1.15e-05,0.0605,0.767,88.0
r&b,0.643,0.592,-6.684,0.0,0.00475,1.54e-06,0.222,0.405,123.942
r&b,0.496,0.285,-9.518,0.0,0.731,6.26e-06,0.114,0.349,130.017
r&b,0.774,0.865,-5.08,0.0,0.0269,0.0013,0.159,0.752,119.992
r&b,0.812,0.626,-5.025,0.0,0.0238,0.000699,0.149,0.811,96.006
r&b,0.672,0.544,-6.583,1.0,0.267,0.0,0.366,0.443,91.005
r&b,0.683,0.583,-6.476,0.0,0.275,2.11e-05,0.379,0.302,113.06
r&b,0.771,0.728,-5.39,1.0,0.184,0.0,0.139,0.809,131.109
r&b,0.805,0.415,-10.639,0.0,0.104,1.53e-05,0.106,0.649,88.895
r&b,0.692,0.465,-14.921,1.0,0.199,1.16e-05,0.0997,0.532,122.089
r&b,0.374,0.344,-11.94,1.0,0.355,0.0,0.0966,0.216,106.413
r&b,0.486,0.419,-6.415,1.0,0.741,6.59e-05,0.096,0.227,119.065
r&b,0.725,0.704,-5.859,1.0,0.00173,4.28e-05,0.0904,0.363,102.02
r&b,0.565,0.25,-8.927,0.0,0.743,7.26e-05,0.109,0.163,109.048
r&b,0.534,0.7,-8.71,0.0,0.0143,0.0,0.197,0.447,122.609
r&b,0.694,0.672,-5.572,0.0,0.108,1.01e-06,0.0771,0.567,202.132
r&b,0.71,0.401,-14.181,1.0,0.0391,0.0,0.0917,0.696,137.539
r&b,0.825,0.606,-3.924,0.0,0.0255,0.0,0.0949,0.575,121.872
r&b,0.621,0.763,-5.511,1.0,0.0286,0.0,0.529,0.45,139.994
r&b,0.727,0.676,-4.556,1.0,0.304,0.0,0.5,0.391,163.021
r&b,0.527,0.389,-11.687,0.0,0.72,0.0,0.0997,0.458,119.939
r&b,0.834,0.538,-5.54,0.0,0.191,0.0,0.113,0.536,97.025
r&b,0.623,0.582,-8.627,0.0,0.00358,0.0,0.144,0.265,143.809
r&b,0.702,0.458,-8.195,1.0,0.247,1.64e-06,0.126,0.679,89.266
r&b,0.637,0.512,-10.027,1.0,0.59,0.000464,0.0712,0.33,109.492
r&b,0.593,0.393,-11.736,1.0,0.394,3.24e-06,0.11,0.193,136.866
r&b,0.741,0.511,-11.797,1.0,0.493,0.0,0.0808,0.752,119.38
r&b,0.826,0.67,-5.559,1.0,0.00798,0.0,0.495,0.794,74.007
r&b,0.701,0.7,-7.804,1.0,0.0307,0.0,0.118,0.567,120.618
r&b,0.702,0.651,-8.073,1.0,0.0415,0.0,0.0744,0.549,88.826
r&b,0.571,0.824,-3.971,0.0,0.0664,0.0,0.136,0.242,132.021
r&b,0.778,0.465,-7.662,1.0,0.729,0.000557,0.107,0.386,120.172
r&b,0.661,0.346,-9.115,1.0,0.452,0.0,0.131,0.256,129.752
r&b,0.758,0.814,-3.668,1.0,0.0166,1.03e-05,0.636,0.626,109.902
r&b,0.673,0.614,-5.426,1.0,0.0782,0.0,0.139,0.362,176.052
r&b,0.678,0.47,-7.306,1.0,0.258,0.0,0.175,0.272,89.992
r&b,0.725,0.47,-8.55,0.0,0.302,2.14e-06,0.0941,0.746,107.933
r&b,0.494,0.511,-12.054,0.0,0.0325,0.0,0.641,0.506,168.255
r&b,0.83,0.725,-7.128,0.0,0.055,0.0,0.065,0.725,160.132
r&b,0.609,0.418,-6.819,0.0,0.65,0.0,0.11,0.231,104.551
r&b,0.589,0.858,-5.01,0.0,0.0734,0.0,0.168,0.651,97.211
r&b,0.583,0.435,-8.784,1.0,0.434,5.49e-05,0.102,0.292,72.01
r&b,0.636,0.47,-5.791,1.0,0.352,0.0,0.0838,0.296,132.278
r&b,0.699,0.388,-10.722,1.0,0.588,1.98e-06,0.0658,0.566,125.858
r&b,0.774,0.653,-5.158,0.0,0.0912,0.0,0.151,0.818,120.01
r&b,0.433,0.668,-6.544,1.0,0.221,0.0,0.126,0.351,70.478
r&b,0.853,0.599,-4.756,1.0,0.00334,7.93e-06,0.0759,0.843,119.993
r&b,0.672,0.52,-9.965,0.0,0.0985,1.28e-06,0.0365,0.551,137.213
r&b,0.516,0.69,-6.944,1.0,0.165,0.0,0.126,0.398,129.833
r&b,0.765,0.356,-5.556,0.0,0.223,0.0,0.0963,0.189,96.991
r&b,0.762,0.636,-8.498,0.0,0.272,0.00118,0.0776,0.872,130.044
r&b,0.548,0.542,-8.435,0.0,0.544,0.0,0.148,0.389,83.106
r&b,0.664,0.351,-12.136,1.0,0.226,2.38e-06,0.106,0.816,113.204
r&b,0.713,0.475,-4.436,0.0,0.0608,7.55e-06,0.156,0.33,87.022
r&b,0.705,0.55,-6.276,0.0,0.0881,1.25e-06,0.0549,0.627,137.977
r&b,0.507,0.709,-6.751,0.0,0.133,0.0,0.447,0.36,135.814
r&b,0.64,0.433,-9.432,1.0,0.509,5.16e-06,0.103,0.25,176.088
r&b,0.378,0.35,-7.424,1.0,0.765,0.0,0.125,0.143,85.224
r&b,0.693,0.535,-13.99,0.0,0.00299,3.03e-06,0.0636,0.666,95.557
r&b,0.689,0.311,-10.821,0.0,0.544,0.0,0.0841,0.417,137.958
r&b,0.421,0.323,-9.651,1.0,0.436,0.0,0.156,0.16,72.288
r&b,0.705,0.511,-7.422,0.0,0.125,1.72e-06,0.153,0.581,82.011
r&b,0.626,0.417,-8.216,1.0,0.18,0.000164,0.111,0.209,173.629
r&b,0.455,0.517,-5.24,0.0,0.333,0.0,0.0906,0.53,121.913
r&b,0.592,0.569,-6.374,1.0,0.12,1.75e-05,0.251,0.562,135.414
r&b,0.32,0.789,-5.654,1.0,0.2,2.63e-06,0.354,0.304,81.361
r&b,0.538,0.305,-10.858,1.0,0.663,0.00033,0.0824,0.174,105.893
r&b,0.53,0.518,-6.208,0.0,0.269,0.0,0.0831,0.306,176.428
r&b,0.8,0.663,-3.832,1.0,0.048,0.0,0.252,0.472,91.934
r&b,0.615,0.698,-3.212,1.0,0.0812,1.17e-06,0.18,0.437,80.024
r&b,0.652,0.663,-5.318,0.0,0.0807,2.59e-06,0.0805,0.254,107.99
r&b,0.728,0.537,-10.66,0.0,0.000767,0.00529,0.296,0.966,142.029
r&b,0.877,0.452,-5.773,0.0,0.456,4.37e-06,0.139,0.89,110.021
r&b,0.709,0.52,-9.365,0.0,0.0682,0.0,0.0629,0.453,134.173
r&b,0.696,0.627,-5.629,1.0,0.0685,0.0,0.0993,0.322,116.047
r&b,0.78,0.495,-7.454,0.0,0.44,0.00122,0.165,0.529,100.043
r&b,0.748,0.693,-7.832,0.0,0.282,0.0,0.123,0.768,88.802
r&b,0.651,0.814,-4.108,0.0,0.151,0.0,0.368,0.924,199.97
r&b,0.422,0.377,-6.7,0.0,0.315,0.0,0.107,0.227,128.441
r&b,0.491,0.375,-10.031,0.0,0.382,0.0,0.103,0.19,97.116
r&b,0.713,0.378,-9.04,0.0,0.00561,0.00186,0.0845,0.291,99.055
r&b,0.724,0.692,-5.109,1.0,0.0595,0.0108,0.0316,0.732,104.086
r&b,0.727,0.623,-6.028,1.0,0.0374,0.0,0.0896,0.224,99.982
r&b,0.78,0.572,-6.797,1.0,0.0618,0.0,0.0495,0.695,100.999
r&b,0.677,0.52,-6.255,0.0,0.00277,0.0,0.0532,0.768,203.862
r&b,0.698,0.434,-12.892,0.0,0.166,0.000566,0.0658,0.386,130.295
r&b,0.855,0.681,-4.955,1.0,0.0881,3.7e-06,0.0592,0.908,99.699
r&b,0.805,0.33,-8.712,0.0,0.22,0.0,0.105,0.211,121.97
r&b,0.798,0.577,-10.347,1.0,0.0234,0.00112,0.0728,0.835,128.82
r&b,0.462,0.615,-7.982,0.0,0.00543,0.0,0.856,0.344,130.967
r&b,0.812,0.526,-9.347,0.0,0.48,0.00203,0.124,0.516,143.981
r&b,0.588,0.522,-6.254,0.0,0.233,0.0,0.24,0.584,66.024
r&b,0.551,0.591,-8.404,0.0,0.00549,6.55e-06,0.0416,0.474,201.81
r&b,0.627,0.647,-6.818,1.0,0.0457,0.0,0.0655,0.521,91.015
r&b,0.666,0.87,-5.004,0.0,0.203,0.0,0.0851,0.9,160.014
r&b,0.705,0.433,-9.706,1.0,0.388,0.134,0.0841,0.602,168.006
r&b,0.497,0.568,-8.104,1.0,0.257,0.0016,0.523,0.412,147.391
r&b,0.614,0.682,-4.117,0.0,0.387,0.0,0.134,0.566,100.202
r&b,0.721,0.499,-9.975,0.0,0.00274,0.0,0.0914,0.289,126.036
r&b,0.626,0.593,-4.587,0.0,0.317,0.0,0.325,0.394,63.072
r&b,0.422,0.894,-3.507,0.0,0.262,0.0,0.142,0.636,152.17
r&b,0.742,0.595,-7.51,1.0,0.15,0.0,0.111,0.431,101.013
r&b,0.829,0.617,-8.245,1.0,0.122,0.000277,0.078,0.758,115.937
r&b,0.641,0.355,-10.599,1.0,0.831,0.000855,0.11,0.453,120.032
r&b,0.728,0.334,-11.11,1.0,0.177,1.31e-06,0.103,0.478,127.053
r&b,0.569,0.596,-6.486,1.0,0.452,7.92e-05,0.205,0.754,93.135
r&b,0.823,0.558,-7.119,1.0,0.397,2.03e-05,0.0821,0.674,155.974
r&b,0.422,0.712,-5.907,0.0,0.273,0.0,0.051,0.471,78.454
r&b,0.787,0.475,-8.5,1.0,0.484,0.0,0.0819,0.694,119.985
r&b,0.532,0.562,-7.951,1.0,0.0614,0.000743,0.0933,0.509,73.017
r&b,0.478,0.555,-7.6,0.0,0.174,1.1e-05,0.103,0.139,128.728
r&b,0.827,0.553,-5.296,1.0,0.0227,1.52e-05,0.176,0.0631,110.015
r&b,0.793,0.489,-10.984,0.0,0.25,0.000101,0.432,0.47,120.097
r&b,0.733,0.526,-5.825,1.0,0.323,0.0,0.181,0.373,120.013
r&b,0.92,0.654,-3.051,0.0,0.0236,0.0158,0.0359,0.847,117.046
r&b,0.8,0.362,-10.849,0.0,0.035,3.99e-06,0.0667,0.888,93.059
r&b,0.382,0.494,-6.507,0.0,0.327,0.0,0.0501,0.325,76.974
r&b,0.777,0.545,-5.009,1.0,0.0429,0.0,0.0751,0.68,75.01
r&b,0.904,0.655,-5.102,0.0,0.111,0.000167,0.0779,0.83,106.005
r&b,0.664,0.45,-9.125,1.0,0.204,4.45e-06,0.171,0.254,90.991
r&b,0.554,0.854,-3.313,1.0,0.068,0.00285,0.166,0.797,83.823
r&b,0.753,0.838,-4.473,0.0,0.0126,0.00423,0.0945,0.671,92.917
r&b,0.525,0.433,-10.598,1.0,0.107,0.0,0.135,0.276,160.108
r&b,0.792,0.765,-9.992,1.0,0.128,1.75e-05,0.123,0.787,108.046
r&b,0.714,0.613,-6.627,1.0,0.415,0.0,0.0598,0.524,143.933
r&b,0.84,0.382,-9.897,0.0,0.0105,0.0,0.109,0.367,86.992
r&b,0.634,0.564,-7.984,0.0,0.663,0.000239,0.111,0.637,116.233
r&b,0.726,0.501,-13.884,0.0,0.155,0.0,0.0893,0.582,128.099
r&b,0.894,0.791,-4.699,1.0,0.0183,0.0,0.0388,0.583,105.018
r&b,0.762,0.403,-10.423,0.0,0.0396,0.0113,0.256,0.346,80.476
r&b,0.528,0.349,-8.568,0.0,0.13,9.01e-06,0.175,0.195,89.347
r&b,0.918,0.857,-5.032,0.0,0.166,0.0003,0.0855,0.972,121.006
r&b,0.863,0.476,-10.019,0.0,0.0307,0.0515,0.0706,0.783,115.459
r&b,0.66,0.646,-9.111,0.0,0.0312,5.06e-06,0.033,0.621,172.376
r&b,0.692,0.714,-5.602,0.0,0.0151,0.0,0.067,0.501,179.975
r&b,0.794,0.589,-4.48,0.0,0.0778,0.0,0.249,0.672,81.821
r&b,0.763,0.537,-7.018,0.0,0.231,0.0,0.109,0.426,73.51
r&b,0.827,0.852,-12.052,1.0,0.115,1.49e-05,0.299,0.635,117.17
r&b,0.457,0.44,-7.391,1.0,0.47,3.79e-06,0.177,0.502,151.637
r&b,0.703,0.7,-6.789,1.0,0.302,0.471,0.0718,0.582,97.675
r&b,0.794,0.634,-3.819,0.0,0.245,0.0,0.2,0.736,142.254
r&b,0.734,0.776,-4.193,1.0,0.0406,0.193,0.0547,0.843,78.542
r&b,0.685,0.62,-6.665,0.0,0.19,0.0,0.158,0.372,82.52
r&b,0.613,0.527,-8.877,0.0,0.421,0.0,0.104,0.356,82.055
r&b,0.667,0.627,-10.488,0.0,0.0972,5.19e-05,0.111,0.784,186.081
r&b,0.871,0.532,-13.335,0.0,0.126,0.00819,0.321,0.74,116.574
r&b,0.586,0.73,-5.238,1.0,0.247,0.0,0.112,0.392,106.49
r&b,0.45,0.17,-12.735,1.0,0.921,2.88e-06,0.0928,0.0904,146.954
r&b,0.919,0.547,-8.797,1.0,0.0224,0.000209,0.0733,0.607,148.91
r&b,0.638,0.761,-6.455,1.0,0.324,0.0,0.0624,0.457,130.213
r&b,0.62,0.402,-12.964,1.0,0.337,6.13e-05,0.312,0.483,92.093
r&b,0.723,0.641,-9.178,0.0,0.0765,0.000216,0.116,0.673,137.336
r&b,0.714,0.722,-5.837,0.0,0.164,2.38e-06,0.175,0.628,92.017
r&b,0.551,0.773,-6.578,0.0,0.0673,3.39e-05,0.0511,0.649,90.003
r&b,0.747,0.576,-6.991,0.0,0.015,0.000112,0.129,0.4,125.552
r&b,0.467,0.445,-7.155,0.0,0.628,0.0,0.0798,0.344,128.399
r&b,0.738,0.617,-6.775,0.0,0.511,0.0,0.201,0.783,130.096
r&b,0.828,0.766,-5.29,0.0,0.0383,0.0,0.65,0.719,105.012
r&b,0.684,0.455,-8.216,1.0,0.215,1.08e-06,0.263,0.487,97.956
r&b,0.84,0.56,-10.53,0.0,0.00195,0.00417,0.633,0.775,111.815
r&b,0.635,0.324,-9.51,0.0,0.165,4.18e-06,0.108,0.0741,117.863
r&b,0.676,0.662,-6.438,1.0,0.106,0.0,0.122,0.464,127.999
r&b,0.546,0.585,-7.435,0.0,0.105,5.03e-05,0.098,0.7,123.746
r&b,0.612,0.961,-3.078,0.0,0.107,4.17e-05,0.0413,0.867,129.873
r&b,0.712,0.564,-6.527,1.0,0.0266,0.0,0.0874,0.411,95.95
r&b,0.784,0.586,-3.417,1.0,0.00558,0.000286,0.106,0.656,132.169
r&b,0.617,0.583,-8.028,0.0,0.125,0.0,0.113,0.259,114.96
r&b,0.69,0.888,-5.781,0.0,0.163,2.25e-05,0.659,0.686,87.918
r&b,0.733,0.521,-3.657,0.0,0.107,0.0,0.0692,0.525,112.913
r&b,0.878,0.607,-4.006,1.0,0.0298,3.71e-05,0.161,0.443,103.564
r&b,0.727,0.729,-2.99,1.0,0.171,0.0,0.07,0.512,117.932
r&b,0.623,0.677,-5.215,1.0,0.0233,0.0,0.0724,0.182,151.804
r&b,0.43,0.7,-5.35,1.0,0.0902,0.0,0.216,0.731,158.373
r&b,0.707,0.618,-5.825,0.0,0.17,0.0,0.293,0.517,133.876
r&b,0.764,0.966,-6.286,1.0,0.105,4.34e-05,0.12,0.353,122.674
r&b,0.589,0.655,-8.138,1.0,0.057,0.000353,0.372,0.675,105.272
r&b,0.447,0.625,-8.212,0.0,0.0351,0.000727,0.243,0.261,67.104
r&b,0.802,0.382,-7.356,1.0,0.792,0.163,0.0783,0.581,99.969
r&b,0.614,0.809,-4.749,1.0,0.0105,0.000353,0.148,0.354,112.023
r&b,0.637,0.501,-6.148,0.0,0.229,5.91e-05,0.099,0.431,103.993
r&b,0.567,0.5,-9.294,1.0,0.369,5.5e-05,0.53,0.391,80.626
r&b,0.695,0.579,-5.066,1.0,0.000479,0.0,0.0556,0.726,88.957
r&b,0.648,0.727,-9.648,0.0,0.0231,0.000648,0.0673,0.719,144.004
r&b,0.885,0.567,-8.56,0.0,0.177,4.43e-06,0.081,0.522,116.028
r&b,0.821,0.412,-7.795,1.0,0.625,1.64e-05,0.0985,0.333,109.977
r&b,0.743,0.675,-4.267,0.0,0.0251,0.000717,0.0685,0.59,92.909
r&b,0.81,0.542,-9.833,1.0,0.0245,1.75e-05,0.296,0.465,98.896
r&b,0.778,0.934,-3.488,1.0,0.184,0.0,0.123,0.803,98.97
r&b,0.779,0.543,-10.544,0.0,0.367,0.000443,0.0541,0.842,145.869
r&b,0.778,0.567,-10.699,0.0,0.0819,6.98e-05,0.37,0.946,139.964
r&b,0.684,0.606,-7.268,0.0,0.17,0.0,0.058,0.723,127.901
r&b,0.593,0.506,-9.708,1.0,0.412,3.99e-06,0.048,0.378,91.273
r&b,0.765,0.412,-8.932,0.0,0.72,0.0,0.126,0.632,109.986
r&b,0.779,0.834,-2.773,1.0,0.0343,0.0,0.0886,0.8,100.46
r&b,0.596,0.661,-6.239,0.0,0.31,0.0,0.0847,0.86,129.491
r&b,0.681,0.704,-4.417,1.0,0.153,0.0,0.134,0.554,126.022
r&b,0.638,0.6,-5.84,0.0,0.114,0.0,0.187,0.0399,101.981
r&b,0.532,0.407,-9.658,0.0,0.235,0.0,0.117,0.23,83.207
r&b,0.662,0.573,-9.381,1.0,0.0651,0.000384,0.0588,0.782,75.873
r&b,0.701,0.724,-5.751,0.0,0.267,0.0,0.0867,0.425,132.035
r&b,0.763,0.538,-7.487,0.0,0.0763,0.0,0.154,0.53,133.032
r&b,0.804,0.322,-10.001,1.0,0.354,0.0,0.151,0.31,115.17
r&b,0.395,0.876,-3.859,0.0,0.0173,8.46e-06,0.362,0.567,124.638
r&b,0.677,0.481,-5.613,0.0,0.15,0.0,0.0747,0.246,134.01
r&b,0.604,0.417,-12.598,0.0,0.0681,0.0,0.0425,0.558,74.57
r&b,0.717,0.347,-10.265,0.0,0.0511,2.43e-06,0.087,0.0589,84.987
r&b,0.62,0.721,-5.538,0.0,0.0422,0.0075,0.563,0.77,169.904
r&b,0.719,0.615,-5.972,1.0,0.408,0.000147,0.235,0.465,96.988
r&b,0.74,0.434,-5.714,1.0,0.778,0.0,0.128,0.333,111.912
r&b,0.631,0.724,-7.964,1.0,0.0255,0.000291,0.0632,0.718,172.38
r&b,0.452,0.317,-9.403,0.0,0.415,1.5e-05,0.184,0.272,59.561
r&b,0.645,0.379,-8.793,1.0,0.637,0.0,0.135,0.583,97.903
r&b,0.631,0.587,-5.408,1.0,0.179,0.0,0.0619,0.513,135.963
r&b,0.767,0.551,-7.328,1.0,0.00364,0.0,0.0451,0.796,100.904
r&b,0.661,0.77,-5.884,1.0,0.00677,0.0,0.322,0.298,108.111
r&b,0.7,0.63,-3.344,1.0,0.195,0.0,0.034,0.399,131.95
r&b,0.598,0.786,-5.037,1.0,0.04,0.0,0.252,0.367,105.03
r&b,0.544,0.371,-10.991,1.0,0.861,0.000463,0.069,0.145,132.972
r&b,0.721,0.723,-7.08,0.0,0.102,4.4e-06,0.0651,0.761,88.933
r&b,0.27,0.58,-5.717,0.0,0.469,0.0,0.343,0.242,179.919
r&b,0.747,0.398,-12.932,0.0,0.211,1.42e-06,0.113,0.428,117.901
r&b,0.45,0.413,-10.472,0.0,0.24,0.0,0.151,0.334,116.923
r&b,0.816,0.715,-9.759,1.0,0.0287,0.0,0.0399,0.938,141.989
r&b,0.476,0.407,-9.239,0.0,0.247,0.0,0.144,0.226,178.258
r&b,0.856,0.527,-5.225,1.0,0.392,0.0,0.11,0.386,98.052
r&b,0.703,0.469,-6.515,0.0,0.177,0.0,0.726,0.661,86.038
r&b,0.745,0.62,-8.24,1.0,0.0131,0.0,0.118,0.603,99.985
r&b,0.715,0.766,-3.373,1.0,0.0144,0.0,0.0544,0.597,124.991
r&b,0.722,0.282,-7.484,1.0,0.373,0.00557,0.147,0.217,91.367
r&b,0.614,0.369,-15.182,1.0,0.678,0.00235,0.143,0.733,143.319
r&b,0.63,0.44,-7.186,1.0,0.822,3.87e-06,0.0926,0.343,98.082
r&b,0.737,0.542,-7.593,1.0,0.295,0.0,0.103,0.385,119.973
r&b,0.782,0.51,-5.724,0.0,0.143,0.0,0.115,0.118,99.993
r&b,0.447,0.401,-11.232,0.0,0.657,0.0,0.127,0.644,82.235
r&b,0.796,0.446,-8.245,1.0,0.0101,0.0,0.125,0.407,134.409
r&b,0.631,0.496,-8.279,0.0,0.428,1.01e-06,0.107,0.365,143.735
r&b,0.704,0.296,-9.76,0.0,0.723,3.07e-06,0.124,0.123,141.203
r&b,0.847,0.402,-9.952,1.0,0.0118,0.0,0.283,0.752,99.693
r&b,0.332,0.635,-5.653,1.0,0.159,2.79e-06,0.0599,0.261,186.249
r&b,0.422,0.264,-7.064,1.0,0.922,0.0,0.132,0.331,119.93
r&b,0.826,0.656,-8.529,1.0,0.0101,0.000113,0.0272,0.852,129.963
r&b,0.711,0.844,-3.927,0.0,0.0447,1.18e-05,0.0672,0.802,92.956
r&b,0.693,0.549,-8.141,1.0,0.0109,0.0,0.0677,0.605,80.028
r&b,0.527,0.796,-5.111,0.0,0.017,0.0,0.0798,0.534,155.99
r&b,0.733,0.395,-11.959,0.0,0.279,2.37e-06,0.468,0.661,96.085
r&b,0.717,0.449,-9.688,0.0,0.681,0.0,0.0902,0.611,108.802
r&b,0.677,0.648,-4.4,1.0,0.0987,0.0,0.554,0.448,116.128
r&b,0.722,0.842,-8.745,0.0,0.00955,8.45e-06,0.178,0.751,93.954
r&b,0.819,0.582,-5.533,0.0,0.0607,0.0,0.148,0.635,104.607
r&b,0.696,0.414,-7.991,1.0,0.55,0.0,0.112,0.581,79.977
r&b,0.735,0.447,-15.942,0.0,0.0114,0.0,0.305,0.619,135.999
r&b,0.849,0.61,-10.822,1.0,0.0204,4.76e-06,0.0454,0.566,99.01
r&b,0.835,0.678,-6.458,1.0,0.227,6.44e-06,0.287,0.708,132.868
r&b,0.791,0.186,-11.367,1.0,0.625,2.67e-06,0.0574,0.317,114.061
r&b,0.774,0.812,-5.446,1.0,0.184,0.0,0.0757,0.743,103.878
r&b,0.762,0.625,-10.481,1.0,0.0655,0.0,0.252,0.696,110.163
r&b,0.637,0.844,-10.714,1.0,0.168,0.0,0.301,0.481,97.07
r&b,0.747,0.44,-8.463,1.0,0.0188,0.000817,0.0397,0.507,129.834
r&b,0.737,0.632,-10.726,1.0,0.743,0.0211,0.126,0.774,114.969
r&b,0.65,0.496,-12.349,0.0,0.305,0.0,0.33,0.576,115.775
r&b,0.541,0.407,-7.533,1.0,0.633,0.0,0.111,0.347,133.338
r&b,0.888,0.586,-6.745,1.0,0.00597,0.0365,0.153,0.401,150.051
r&b,0.559,0.503,-7.746,0.0,0.158,0.0,0.0637,0.405,73.432
r&b,0.713,0.503,-9.663,1.0,0.0323,0.167,0.0601,0.211,95.019
r&b,0.735,0.453,-8.264,0.0,0.413,0.0,0.104,0.335,115.002
r&b,0.65,0.683,-7.098,0.0,0.0887,0.0,0.252,0.33,130.073
r&b,0.598,0.531,-13.194,1.0,0.201,0.0,0.0264,0.438,81.482
r&b,0.634,0.455,-10.13,1.0,0.261,1.94e-06,0.23,0.221,161.928
r&b,0.612,0.423,-8.062,0.0,0.588,0.0,0.117,0.18,135.841
r&b,0.618,0.552,-6.863,1.0,0.176,0.0,0.252,0.586,81.975
r&b,0.852,0.708,-6.721,1.0,0.0102,0.0,0.117,0.815,109.892
r&b,0.797,0.622,-5.642,0.0,0.0807,0.0,0.0841,0.731,93.02
r&b,0.65,0.582,-6.543,0.0,0.811,0.00314,0.0812,0.369,135.894
r&b,0.473,0.371,-10.219,0.0,0.795,0.0,0.109,0.413,75.208
r&b,0.701,0.851,-7.474,0.0,0.0633,0.0,0.133,0.692,96.955
r&b,0.487,0.449,-6.485,0.0,0.704,0.0,0.116,0.226,122.784
r&b,0.785,0.479,-4.956,0.0,0.083,0.0,0.0937,0.364,75.889
r&b,0.716,0.667,-5.28,0.0,0.105,0.00192,0.0772,0.682,182.435
r&b,0.716,0.772,-6.816,0.0,0.134,2.15e-06,0.35,0.671,107.823
r&b,0.756,0.54,-8.155,0.0,0.308,0.0,0.664,0.346,128.079
r&b,0.477,0.61,-5.628,0.0,0.225,0.0,0.107,0.358,79.882
r&b,0.816,0.422,-8.591,0.0,0.245,0.0,0.0833,0.47,107.904
r&b,0.831,0.713,-6.967,0.0,0.0678,0.0,0.0659,0.683,99.584
r&b,0.79,0.614,-6.958,0.0,0.0606,0.0,0.239,0.63,145.907
r&b,0.754,0.725,-6.002,1.0,0.0716,0.0,0.111,0.691,192.066
r&b,0.769,0.558,-6.232,0.0,0.275,1.06e-06,0.0758,0.593,100.007
r&b,0.944,0.511,-10.96,0.0,0.042,0.00107,0.0379,0.842,113.046
r&b,0.796,0.615,-5.053,0.0,0.0183,0.0,0.0463,0.733,101.978
r&b,0.67,0.476,-6.253,0.0,0.328,0.0,0.104,0.235,96.975
r&b,0.807,0.481,-7.362,0.0,0.0264,1.28e-06,0.112,0.748,91.005
r&b,0.867,0.646,-4.674,0.0,0.303,0.0,0.279,0.67,88.634
r&b,0.7,0.254,-16.019,1.0,0.46,0.0,0.1,0.408,91.437
r&b,0.739,0.947,-1.916,0.0,0.00916,3.14e-05,0.326,0.766,88.009
r&b,0.626,0.452,-8.781,0.0,0.0903,0.0,0.141,0.118,72.986
r&b,0.537,0.413,-9.949,0.0,0.604,0.0,0.16,0.22,127.77
r&b,0.432,0.36,-10.84,1.0,0.471,0.0,0.0447,0.552,76.027
r&b,0.719,0.362,-11.547,1.0,0.651,0.0,0.114,0.58,109.915
r&b,0.652,0.498,-6.2,1.0,0.519,0.0,0.149,0.336,120.141
r&b,0.755,0.728,-6.676,0.0,0.0914,0.0,0.0937,0.537,108.816
r&b,0.854,0.543,-6.166,0.0,0.0402,5.73e-05,0.0419,0.868,103.032
r&b,0.652,0.473,-7.981,0.0,0.243,0.0,0.134,0.368,123.208
r&b,0.628,0.649,-10.171,0.0,0.00595,0.0,0.25,0.476,82.907
r&b,0.579,0.503,-8.599,0.0,0.537,4.65e-05,0.216,0.456,73.349
r&b,0.744,0.574,-9.445,0.0,0.165,1.27e-05,0.295,0.805,86.278
r&b,0.71,0.797,-3.006,0.0,0.408,0.0,0.16,0.849,94.998
r&b,0.725,0.668,-7.286,0.0,0.0932,2.33e-06,0.112,0.566,82.966
r&b,0.809,0.467,-6.892,1.0,0.312,0.0774,0.274,0.325,126.947
r&b,0.662,0.748,-3.041,0.0,0.688,8.43e-06,0.0841,0.535,82.331
r&b,0.66,0.447,-9.026,0.0,0.81,2.15e-06,0.11,0.578,84.95
r&b,0.568,0.617,-8.994,1.0,0.164,0.0,0.0888,0.404,123.667
r&b,0.656,0.724,-5.465,0.0,0.00395,4.98e-05,0.269,0.62,185.748
r&b,0.607,0.464,-5.556,0.0,0.241,0.0,0.11,0.359,134.986
r&b,0.617,0.788,-7.512,0.0,0.144,5.79e-06,0.891,0.695,154.11
r&b,0.746,0.635,-5.767,1.0,0.241,0.0,0.0926,0.701,92.993
r&b,0.605,0.553,-10.845,0.0,0.274,0.0152,0.184,0.62,152.076
r&b,0.592,0.569,-5.384,0.0,0.236,0.0,0.0825,0.33,89.968
r&b,0.236,0.715,-7.85,0.0,0.055,0.0145,0.372,0.209,189.688
r&b,0.778,0.636,-6.539,1.0,0.501,4.25e-05,0.106,0.52,98.008
r&b,0.499,0.764,-4.412,1.0,0.365,0.0,0.0954,0.737,78.9
r&b,0.684,0.607,-8.127,0.0,0.0267,0.000307,0.191,0.498,81.001
r&b,0.726,0.728,-5.775,0.0,0.239,0.0,0.177,0.566,115.047
r&b,0.344,0.874,-3.161,1.0,0.0841,0.0,0.129,0.269,185.888
r&b,0.231,0.477,-7.748,1.0,0.747,2.61e-06,0.122,0.235,95.969
r&b,0.559,0.88,-3.973,0.0,0.0869,1.81e-06,0.267,0.577,87.458
r&b,0.519,0.336,-10.057,0.0,0.554,0.0,0.0903,0.12,62.142
r&b,0.793,0.465,-8.134,0.0,0.648,0.000132,0.0871,0.898,141.85
r&b,0.663,0.481,-4.121,0.0,0.195,6.7e-05,0.0836,0.306,75.523
r&b,0.799,0.301,-11.361,1.0,0.195,0.0,0.0816,0.511,100.026
r&b,0.687,0.363,-10.144,1.0,0.215,3.08e-06,0.305,0.519,137.365
r&b,0.74,0.576,-6.744,0.0,0.0249,0.0,0.104,0.315,110.095
r&b,0.663,0.462,-8.784,0.0,0.306,0.0,0.0687,0.431,76.794
r&b,0.658,0.619,-7.316,0.0,0.788,0.0667,0.0951,0.354,136.077
r&b,0.712,0.217,-12.944,1.0,0.846,5.61e-05,0.265,0.468,136.986
r&b,0.696,0.454,-6.756,0.0,0.123,0.0,0.155,0.136,92.928
r&b,0.476,0.509,-6.998,0.0,0.489,0.0,0.13,0.325,103.945
r&b,0.425,0.536,-4.063,0.0,0.0415,0.0,0.214,0.257,128.064
r&b,0.734,0.511,-4.905,0.0,0.148,0.0,0.29,0.727,124.995
r&b,0.714,0.6,-8.365,1.0,0.0465,0.0,0.0646,0.504,82.017
r&b,0.713,0.541,-9.295,0.0,0.0617,0.000137,0.112,0.28,75.714
r&b,0.452,0.574,-8.336,1.0,0.246,0.0,0.189,0.58,92.791
r&b,0.741,0.508,-5.099,0.0,0.0347,6.45e-05,0.0602,0.354,121.965
r&b,0.782,0.515,-8.215,0.0,0.185,1.34e-05,0.0577,0.791,182.19
r&b,0.504,0.728,-5.699,0.0,0.36,0.0,0.159,0.683,89.255
r&b,0.668,0.723,-5.995,1.0,0.00183,0.0,0.0545,0.486,178.126
r&b,0.785,0.342,-7.755,1.0,0.695,0.0,0.111,0.583,102.986
r&b,0.618,0.691,-7.041,0.0,0.00452,3.17e-06,0.0614,0.762,170.446
r&b,0.802,0.552,-4.796,0.0,0.0492,1.7e-06,0.0224,0.601,105.481
r&b,0.649,0.478,-7.503,0.0,0.274,0.0,0.176,0.151,99.967
r&b,0.885,0.565,-6.786,1.0,0.0425,0.0,0.0669,0.739,94.013
r&b,0.912,0.511,-6.365,1.0,0.0259,0.0,0.0442,0.611,101.628
r&b,0.639,0.528,-6.447,1.0,0.266,0.000609,0.159,0.341,96.027
r&b,0.487,0.896,-4.636,0.0,0.337,0.0,0.224,0.898,189.138
r&b,0.761,0.782,-6.58,0.0,0.139,0.0,0.0648,0.766,101.886
r&b,0.721,0.472,-7.574,1.0,0.076,0.0,0.332,0.462,129.964
r&b,0.494,0.495,-8.855,1.0,0.184,0.0,0.127,0.233,126.515
r&b,0.66,0.873,-6.952,1.0,0.0152,0.00324,0.331,0.864,111.872
r&b,0.656,0.488,-10.401,0.0,0.164,0.0,0.0487,0.53,132.096
r&b,0.705,0.439,-10.246,1.0,0.378,1.75e-05,0.0654,0.65,112.397
r&b,0.908,0.557,-4.243,0.0,0.242,0.0,0.0709,0.897,90.032
r&b,0.64,0.445,-10.06,0.0,0.32,1.46e-05,0.0614,0.135,90.041
r&b,0.664,0.396,-9.131,0.0,0.52,0.0,0.268,0.453,102.053
r&b,0.649,0.503,-8.321,1.0,0.0939,0.0,0.303,0.538,75.037
r&b,0.797,0.785,-7.523,1.0,0.0712,0.0,0.0691,0.863,105.072
r&b,0.84,0.571,-7.421,1.0,0.16,0.0,0.406,0.617,116.59
r&b,0.692,0.565,-6.033,0.0,0.0948,0.0,0.304,0.511,122.934
r&b,0.852,0.576,-8.668,0.0,0.0108,1.21e-05,0.0848,0.902,92.123
r&b,0.635,0.709,-6.759,1.0,0.174,0.0,0.335,0.73,144.508
r&b,0.681,0.529,-7.897,0.0,0.201,0.0,0.184,0.568,91.081
r&b,0.744,0.697,-14.753,1.0,0.039,0.0,0.171,0.683,119.955
r&b,0.71,0.545,-9.599,1.0,0.483,0.0,0.0644,0.632,140.233
r&b,0.798,0.48,-5.564,1.0,0.247,0.0,0.237,0.643,108.241
r&b,0.715,0.429,-6.476,1.0,0.448,0.0223,0.102,0.359,93.006
r&b,0.705,0.575,-9.518,1.0,0.215,2.09e-05,0.12,0.596,143.8
r&b,0.655,0.433,-7.577,0.0,0.444,0.0,0.221,0.199,130.127
r&b,0.768,0.541,-5.183,0.0,0.286,0.0,0.107,0.644,95.715
r&b,0.921,0.367,-8.25,1.0,0.0815,0.0,0.0824,0.307,134.115
r&b,0.698,0.662,-7.997,0.0,0.567,1.44e-06,0.0876,0.815,141.666
r&b,0.723,0.322,-9.702,1.0,0.014,0.0,0.119,0.0406,90.063
r&b,0.67,0.468,-6.725,0.0,0.325,0.0,0.0516,0.486,140.069
r&b,0.501,0.3,-9.371,0.0,0.247,7.23e-06,0.0917,0.437,153.763
r&b,0.725,0.278,-14.345,0.0,0.588,0.0,0.0869,0.489,119.788
r&b,0.469,0.594,-8.209,1.0,0.0663,0.0,0.0806,0.485,167.223
r&b,0.637,0.494,-9.916,1.0,0.315,3.97e-06,0.118,0.416,124.993
r&b,0.822,0.48,-7.175,0.0,0.069,0.00486,0.322,0.577,111.959
r&b,0.402,0.205,-11.232,1.0,0.758,0.0,0.147,0.42,143.994
r&b,0.505,0.267,-13.763,0.0,0.279,0.0,0.096,0.439,143.929
r&b,0.703,0.669,-7.002,0.0,0.31,0.0,0.115,0.546,115.139
r&b,0.732,0.587,-6.275,0.0,0.102,0.000323,0.0957,0.551,122.169
r&b,0.556,0.346,-9.809,0.0,0.536,0.0,0.106,0.451,123.869
r&b,0.661,0.416,-9.816,1.0,0.479,1.78e-06,0.0958,0.295,176.102
r&b,0.332,0.452,-9.859,0.0,0.198,0.0,0.087,0.109,94.32
r&b,0.55,0.667,-5.362,1.0,0.0958,0.0,0.138,0.433,78.019
r&b,0.643,0.486,-10.443,0.0,0.337,3.86e-06,0.702,0.146,138.151
r&b,0.787,0.585,-7.529,1.0,0.0118,3.02e-05,0.117,0.751,93.881
r&b,0.741,0.37,-8.437,0.0,0.24,0.0,0.118,0.13,116.06
r&b,0.613,0.488,-7.37,1.0,0.129,2.13e-05,0.335,0.183,172.076
r&b,0.71,0.674,-5.393,1.0,0.0136,1.73e-05,0.0366,0.7,124.033
r&b,0.603,0.569,-7.472,0.0,0.11,0.000459,0.101,0.305,166.051
r&b,0.746,0.443,-7.693,0.0,0.282,0.0,0.14,0.272,119.311
r&b,0.445,0.468,-8.106,0.0,0.524,0.000849,0.112,0.444,87.803
r&b,0.694,0.47,-13.302,1.0,0.0438,0.0,0.0557,0.754,77.967
r&b,0.709,0.362,-9.814,1.0,0.157,0.0,0.109,0.113,122.043
r&b,0.563,0.402,-10.496,1.0,0.252,2.07e-06,0.0886,0.2,115.561
r&b,0.716,0.455,-7.148,0.0,0.0329,1.87e-06,0.0599,0.226,111.668
r&b,0.814,0.431,-9.125,1.0,0.371,0.0,0.335,0.542,129.957
r&b,0.697,0.925,-4.209,0.0,0.0614,0.0,0.095,0.678,96.951
r&b,0.758,0.413,-6.239,0.0,0.321,0.0,0.117,0.599,85.46
r&b,0.706,0.806,-5.881,1.0,0.05,0.0,0.0663,0.395,106.016
r&b,0.733,0.605,-11.012,1.0,0.0618,0.0366,0.251,0.9,104.97
r&b,0.453,0.461,-6.387,1.0,0.0319,0.0,0.142,0.414,98.172
r&b,0.664,0.717,-5.227,0.0,0.308,0.0,0.059,0.662,95.009
r&b,0.7,0.543,-7.033,0.0,0.187,0.000315,0.388,0.382,113.03
r&b,0.552,0.706,-8.117,0.0,0.484,6.49e-05,0.074,0.721,167.468
r&b,0.755,0.408,-10.33,0.0,0.0133,0.0,0.33,0.465,76.034
r&b,0.7,0.742,-4.265,0.0,0.0223,0.0,0.0651,0.766,103.88
r&b,0.754,0.376,-7.561,1.0,0.404,0.0,0.358,0.554,95.018
r&b,0.774,0.48,-6.599,0.0,0.109,0.000661,0.313,0.332,96.067
r&b,0.739,0.536,-6.501,1.0,0.00368,0.0,0.0968,0.193,122.022
r&b,0.762,0.459,-10.307,1.0,0.111,0.0219,0.147,0.749,96.069
r&b,0.672,0.457,-6.716,1.0,0.731,2.02e-06,0.118,0.403,117.836
r&b,0.527,0.762,-3.841,1.0,0.194,0.0,0.0919,0.915,98.575
r&b,0.662,0.804,-5.062,0.0,0.0313,0.0,0.146,0.708,102.766
r&b,0.723,0.534,-8.621,0.0,0.0143,1.88e-05,0.185,0.415,91.072
r&b,0.779,0.477,-8.751,0.0,0.0635,0.0,0.157,0.546,88.987
r&b,0.618,0.764,-4.375,1.0,0.228,0.0,0.0972,0.479,107.452
r&b,0.639,0.266,-8.106,0.0,0.424,2.12e-05,0.0884,0.145,100.135
r&b,0.668,0.898,-6.14,1.0,0.0059,0.00516,0.0712,0.756,109.808
r&b,0.648,0.679,-10.569,0.0,0.0479,2.18e-06,0.137,0.276,121.925
r&b,0.418,0.724,-3.724,1.0,0.213,0.0,0.112,0.604,78.521
r&b,0.911,0.551,-3.75,0.0,0.132,4.12e-05,0.0863,0.969,92.887
r&b,0.849,0.499,-7.872,1.0,0.117,4.97e-05,0.268,0.504,92.982
r&b,0.85,0.658,-5.558,1.0,0.139,0.0,0.063,0.832,144.445
r&b,0.735,0.585,-5.111,0.0,0.0775,7.13e-06,0.0996,0.447,82.429
r&b,0.697,0.565,-6.899,1.0,0.161,4.73e-05,0.082,0.457,87.043
r&b,0.615,0.514,-9.759,1.0,0.393,0.0,0.248,0.822,175.849
r&b,0.729,0.434,-9.111,0.0,0.0473,1.23e-05,0.314,0.743,94.411
r&b,0.421,0.799,-5.183,0.0,0.00871,1.63e-05,0.0794,0.731,82.408
r&b,0.66,0.536,-8.786,0.0,0.233,0.00669,0.111,0.775,159.963
r&b,0.709,0.49,-7.457,0.0,0.11,0.00345,0.12,0.0397,155.069
r&b,0.873,0.59,-10.046,1.0,0.0376,0.0,0.0666,0.809,95.066
r&b,0.599,0.396,-10.489,0.0,0.738,2.19e-05,0.102,0.134,111.072
r&b,0.712,0.492,-8.004,1.0,0.419,3.06e-06,0.108,0.175,94.07
r&b,0.854,0.658,-6.932,0.0,0.154,0.00914,0.102,0.855,137.949
r&b,0.584,0.711,-4.648,0.0,0.141,0.0,0.18,0.338,100.257
r&b,0.462,0.438,-8.227,1.0,0.563,0.0,0.181,0.342,107.364
r&b,0.729,0.458,-8.681,1.0,0.194,7.57e-05,0.0961,0.317,78.995
r&b,0.716,0.34,-9.876,0.0,0.488,2.73e-05,0.11,0.372,126.921
r&b,0.577,0.606,-5.862,1.0,0.0819,0.0,0.214,0.204,147.534
r&b,0.507,0.832,-4.746,1.0,0.0901,0.0,0.164,0.578,84.917
r&b,0.728,0.607,-8.417,0.0,0.133,0.0,0.0864,0.445,129.938
r&b,0.84,0.344,-8.613,0.0,0.456,3.36e-05,0.35,0.526,111.994
r&b,0.722,0.327,-9.612,0.0,0.299,0.000661,0.0549,0.266,112.249
r&b,0.761,0.495,-10.727,1.0,0.0132,0.0204,0.068,0.838,95.942
r&b,0.746,0.493,-9.427,0.0,0.302,0.00957,0.109,0.878,82.04
r&b,0.703,0.449,-9.521,0.0,0.0457,0.0,0.119,0.506,120.213
r&b,0.713,0.754,-5.277,1.0,0.0298,0.0,0.136,0.564,120.079
r&b,0.758,0.642,-8.128,0.0,0.0753,0.0,0.191,0.7,142.076
r&b,0.628,0.685,-3.856,1.0,0.158,0.0,0.101,0.548,91.963
r&b,0.688,0.519,-4.285,1.0,0.064,0.0,0.1,0.318,116.714
r&b,0.556,0.747,-5.697,0.0,0.526,0.000866,0.387,0.877,80.81
r&b,0.753,0.472,-9.761,0.0,0.48,0.0133,0.284,0.816,135.277
r&b,0.626,0.42,-11.796,1.0,0.75,0.0,0.0648,0.498,137.681
r&b,0.845,0.576,-5.15,0.0,0.139,0.0,0.0764,0.461,127.641
r&b,0.744,0.672,-5.589,0.0,0.187,0.000123,0.105,0.266,140.889
r&b,0.787,0.425,-5.692,0.0,0.00637,0.00169,0.196,0.711,99.225
r&b,0.615,0.581,-10.015,0.0,0.227,0.0,0.102,0.459,129.915
r&b,0.518,0.807,-6.68,1.0,0.00768,0.0,0.271,0.781,199.979
r&b,0.656,0.479,-7.055,0.0,0.0665,0.00272,0.168,0.708,184.374
r&b,0.706,0.888,-6.959,1.0,0.119,9.64e-05,0.07,0.714,121.549
r&b,0.837,0.462,-7.89,1.0,0.0339,0.0,0.09,0.762,139.986
r&b,0.795,0.594,-6.2,1.0,0.112,0.0,0.162,0.409,135.002
r&b,0.739,0.566,-13.534,1.0,0.384,3.1e-06,0.0735,0.739,114.045
r&b,0.767,0.746,-5.891,0.0,0.344,0.0,0.11,0.635,98.04
r&b,0.692,0.353,-12.872,0.0,0.0571,2.26e-05,0.579,0.73,80.902
r&b,0.39,0.532,-7.727,1.0,0.415,0.0,0.108,0.178,148.714
r&b,0.626,0.49,-7.611,1.0,0.146,0.0,0.239,0.515,65.917
r&b,0.767,0.731,-8.109,0.0,0.103,0.00364,0.102,0.678,90.997
r&b,0.449,0.465,-8.964,1.0,0.524,1.02e-06,0.303,0.543,89.087
r&b,0.873,0.593,-8.942,1.0,0.078,0.00697,0.104,0.495,123.091
r&b,0.735,0.521,-6.696,0.0,0.0888,0.0,0.065,0.374,77.01
r&b,0.651,0.498,-8.868,0.0,0.39,0.0,0.143,0.423,109.906
r&b,0.637,0.678,-2.21,1.0,0.0543,0.0,0.0961,0.426,77.928
r&b,0.784,0.561,-6.876,1.0,0.0295,0.000776,0.0844,0.606,197.141
r&b,0.392,0.548,-5.929,1.0,0.376,0.000138,0.084,0.162,78.443
r&b,0.6,0.139,-8.975,1.0,0.811,9.5e-06,0.0918,0.256,171.041
r&b,0.796,0.415,-10.986,0.0,0.735,0.0,0.0824,0.212,125.971
r&b,0.482,0.453,-8.864,1.0,0.0323,0.00243,0.149,0.17,134.799
r&b,0.696,0.521,-6.635,1.0,0.189,0.0,0.117,0.552,134.28
r&b,0.803,0.454,-4.802,0.0,0.352,0.0,0.0655,0.739,99.99
r&b,0.672,0.62,-4.865,1.0,0.123,0.0,0.362,0.627,78.005
r&b,0.794,0.452,-7.581,1.0,0.181,0.000173,0.077,0.618,86.986
r&b,0.599,0.887,-3.967,1.0,0.0192,1.21e-06,0.3,0.881,170.918
r&b,0.728,0.636,-7.033,0.0,0.00677,8.47e-05,0.296,0.821,96.512
r&b,0.617,0.525,-10.426,0.0,0.554,1.1e-06,0.135,0.377,135.781
r&b,0.47,0.552,-8.382,1.0,0.751,0.0021,0.119,0.302,78.152
r&b,0.701,0.677,-6.591,0.0,0.0737,0.000162,0.187,0.367,99.271
r&b,0.705,0.725,-7.435,1.0,0.0352,0.0149,0.194,0.76,92.186
r&b,0.735,0.329,-12.309,0.0,0.319,1.26e-05,0.111,0.335,91.004
r&b,0.588,0.856,-12.418,0.0,0.0915,2.62e-05,0.365,0.781,97.968
r&b,0.762,0.433,-8.937,1.0,0.143,0.0,0.118,0.394,122.074
r&b,0.716,0.525,-7.975,0.0,0.3,0.00239,0.131,0.77,157.972
r&b,0.616,0.535,-8.789,1.0,0.0814,0.0924,0.121,0.391,64.979
r&b,0.714,0.634,-7.366,1.0,0.0306,0.0,0.199,0.684,172.187
r&b,0.549,0.446,-7.807,1.0,0.536,0.0,0.0442,0.511,122.431
r&b,0.602,0.595,-6.863,1.0,0.0936,0.0,0.122,0.443,132.05
r&b,0.963,0.822,-6.642,1.0,0.475,0.0,0.17,0.908,118.499
r&b,0.466,0.759,-4.978,0.0,0.0521,0.0,0.0587,0.328,160.033
r&b,0.746,0.613,-8.819,0.0,0.374,0.0,0.365,0.395,113.979
r&b,0.467,0.636,-6.96,1.0,0.0232,0.0,0.138,0.419,135.014
r&b,0.735,0.441,-8.412,0.0,0.0972,0.0,0.0967,0.591,108.015
r&b,0.721,0.431,-6.633,1.0,0.244,0.0,0.0886,0.318,119.76
r&b,0.615,0.72,-5.16,0.0,0.068,0.0105,0.0889,0.696,94.002
r&b,0.864,0.682,-6.73,0.0,0.208,5.27e-06,0.1,0.268,115.012
r&b,0.733,0.408,-7.834,0.0,0.679,3.92e-05,0.11,0.291,94.947
r&b,0.575,0.609,-4.88,0.0,0.317,0.0,0.105,0.339,83.004
r&b,0.683,0.661,-12.823,1.0,0.137,0.557,0.0772,0.707,96.956
r&b,0.567,0.501,-8.038,1.0,0.0995,0.0,0.0986,0.2,142.589
r&b,0.839,0.641,-5.669,0.0,0.0324,4.56e-06,0.0602,0.927,97.004
r&b,0.713,0.687,-7.518,0.0,0.129,0.0,0.214,0.555,75.014
r&b,0.657,0.574,-9.484,0.0,0.016,8.1e-05,0.172,0.211,119.992
r&b,0.734,0.595,-8.466,1.0,0.207,0.0,0.0682,0.779,145.19
r&b,0.662,0.531,-5.3,1.0,0.202,1.16e-05,0.595,0.399,119.957
r&b,0.683,0.657,-10.668,1.0,0.0279,4.49e-05,0.367,0.764,99.059
r&b,0.63,0.753,-6.301,1.0,0.077,0.0,0.215,0.568,91.973
r&b,0.73,0.918,-4.052,1.0,0.0522,0.0112,0.0887,0.705,127.964
r&b,0.618,0.688,-5.867,0.0,0.409,6.32e-06,0.3,0.561,78.311
rap,0.908,0.763,-5.739,1.0,0.0395,0.0,0.0646,0.593,97.106
rap,0.779,0.51,-3.629,0.0,0.262,0.0,0.0865,0.591,90.025
rap,0.838,0.765,-6.299,1.0,0.0283,1.5e-05,0.0779,0.635,137.767
rap,0.607,0.618,-5.697,1.0,0.0564,0.0,0.0877,0.504,186.991
rap,0.865,0.844,-4.946,1.0,0.0582,0.0,0.373,0.755,150.09
rap,0.907,0.633,-5.145,1.0,0.0876,2.6e-06,0.106,0.395,145.914
rap,0.862,0.663,-9.004,1.0,0.12,0.0,0.318,0.837,85.308
rap,0.718,0.767,-5.641,1.0,0.138,0.0,0.114,0.519,160.084
rap,0.827,0.623,-6.199,0.0,0.0193,0.0,0.0591,0.361,131.888
rap,0.658,0.551,-6.62,1.0,0.0043,0.000108,0.197,0.442,138.335
rap,0.638,0.6,-5.84,0.0,0.114,0.0,0.187,0.0399,101.981
rap,0.65,0.753,-4.745,0.0,0.324,0.0,0.307,0.616,82.478
rap,0.815,0.364,-11.158,1.0,0.533,3.52e-05,0.108,0.328,129.937
rap,0.517,0.791,-5.323,1.0,0.191,0.0,0.123,0.627,78.885
rap,0.705,0.611,-6.772,0.0,0.0309,0.0,0.0903,0.596,87.996
rap,0.763,0.541,-8.843,0.0,0.466,0.0,0.0693,0.885,90.032
rap,0.788,0.594,-4.864,0.0,0.0249,1.65e-05,0.0534,0.691,83.84
rap,0.876,0.519,-6.531,1.0,0.202,0.0,0.108,0.158,94.981
rap,0.703,0.573,-9.032,1.0,0.565,3.13e-06,0.0987,0.491,147.038
rap,0.696,0.636,-6.915,0.0,0.158,1.28e-05,0.338,0.358,81.593
rap,0.417,0.58,-4.574,1.0,0.0307,1.45e-06,0.179,0.139,68.58
rap,0.743,0.679,-8.295,0.0,0.0757,0.0,0.347,0.618,147.752
rap,0.875,0.658,-3.641,1.0,0.275,0.0,0.122,0.661,92.038
rap,0.766,0.525,-10.217,1.0,0.182,3.56e-06,0.106,0.324,137.077
rap,0.624,0.584,-7.941,0.0,0.0755,3.55e-06,0.122,0.295,104.348
rap,0.759,0.538,-8.256,0.0,0.151,0.0,0.126,0.831,146.933
rap,0.827,0.532,-4.775,1.0,0.0219,2.91e-05,0.127,0.694,87.257
rap,0.884,0.346,-8.228,0.0,0.0151,7.04e-06,0.0871,0.376,75.016
rap,0.61,0.431,-6.73,1.0,0.03,0.0,0.099,0.463,136.878
rap,0.685,0.89,-4.302,0.0,0.117,0.0,0.0399,0.67,91.196
rap,0.649,0.453,-7.28,1.0,0.627,0.0,0.116,0.431,99.183
rap,0.843,0.508,-13.918,1.0,0.00852,2.1e-06,0.648,0.704,91.094
rap,0.78,0.575,-7.247,0.0,0.43,0.0,0.143,0.773,84.492
rap,0.736,0.74,-2.18,1.0,0.515,0.0,0.0468,0.803,140.141
rap,0.755,0.594,-5.906,1.0,0.241,0.0,0.107,0.237,178.929
rap,0.86,0.305,-15.617,0.0,0.322,0.0,0.0641,0.276,84.996
rap,0.769,0.818,-1.385,0.0,0.263,0.0,0.0787,0.918,88.017
rap,0.803,0.597,-6.035,0.0,0.000619,4.5e-06,0.323,0.331,136.008
rap,0.444,0.708,-5.926,0.0,0.0419,0.0,0.0775,0.26,105.412
rap,0.849,0.521,-12.999,0.0,0.304,1.65e-06,0.115,0.763,95.265
rap,0.691,0.673,-4.004,1.0,0.0414,0.0,0.196,0.211,157.983
rap,0.722,0.567,-8.227,0.0,0.198,0.0,0.0743,0.634,91.911
rap,0.848,0.395,-7.045,1.0,0.101,0.0,0.112,0.374,140.016
rap,0.927,0.367,-7.797,1.0,0.325,0.0,0.132,0.576,99.053
rap,0.797,0.469,-8.112,1.0,0.0599,0.0,0.0753,0.481,103.057
rap,0.682,0.559,-5.545,1.0,0.174,0.0,0.344,0.137,202.015
rap,0.652,0.671,-5.376,0.0,0.00402,2.89e-05,0.598,0.518,159.963
rap,0.787,0.832,-4.671,1.0,0.0347,0.0,0.0593,0.814,92.606
rap,0.901,0.464,-9.789,0.0,0.368,1.71e-05,0.238,0.638,109.004
rap,0.765,0.29,-17.117,0.0,0.0279,0.0,0.571,0.506,92.409
rap,0.894,0.615,-6.269,1.0,0.0308,0.00921,0.309,0.661,120.0
rap,0.704,0.642,-10.11,1.0,0.00704,1.43e-06,0.161,0.72,92.09
rap,0.866,0.534,-9.201,1.0,0.184,0.266,0.0929,0.841,98.243
rap,0.589,0.731,-6.343,1.0,0.0534,0.0,0.308,0.191,87.908
rap,0.938,0.549,-8.368,1.0,0.000831,0.000243,0.082,0.412,144.005
rap,0.953,0.621,-7.638,0.0,0.017,0.0,0.0398,0.883,123.016
rap,0.917,0.665,-6.053,1.0,0.0816,0.0,0.196,0.808,91.082
rap,0.899,0.509,-8.04,1.0,0.00157,0.0,0.0573,0.599,150.001
rap,0.825,0.458,-7.47,1.0,0.114,0.0,0.102,0.161,145.115
rap,0.912,0.608,-7.686,1.0,0.0458,0.0,0.248,0.327,136.994
rap,0.834,0.878,-9.484,1.0,0.0461,0.0,0.334,0.418,102.848
rap,0.749,0.398,-7.44,0.0,0.648,1.26e-06,0.115,0.0859,80.032
rap,0.828,0.487,-6.142,0.0,0.247,1.86e-05,0.136,0.761,85.027
rap,0.394,0.661,-8.684,1.0,0.00996,0.0,0.343,0.335,149.818
rap,0.874,0.714,-6.664,1.0,0.0155,0.0,0.0968,0.541,95.826
rap,0.633,0.764,-7.212,1.0,0.32,3.4e-06,0.234,0.522,94.971
rap,0.682,0.483,-7.718,1.0,0.00103,0.0,0.159,0.108,84.012
rap,0.831,0.508,-7.511,0.0,0.0634,0.0,0.0731,0.728,87.054
rap,0.842,0.738,-5.114,0.0,0.159,5.71e-05,0.0917,0.597,85.873
rap,0.8,0.658,-6.142,0.0,0.25,0.0,0.111,0.462,140.042
rap,0.724,0.853,-3.895,0.0,0.0164,0.0,0.65,0.775,170.51
rap,0.686,0.588,-8.343,0.0,0.178,0.0,0.0954,0.617,94.519
rap,0.71,0.881,-6.648,0.0,0.00908,0.0,0.162,0.809,160.011
rap,0.888,0.371,-7.542,1.0,0.0332,0.0,0.105,0.139,94.943
rap,0.877,0.529,-6.235,0.0,0.479,0.00159,0.094,0.422,104.984
rap,0.324,0.938,-7.332,0.0,0.032,0.0321,0.0961,0.543,168.131
rap,0.847,0.667,-5.7,1.0,0.0869,0.0,0.443,0.707,77.492
rap,0.569,0.894,-4.931,0.0,0.00715,0.0,0.158,0.293,188.892
rap,0.576,0.726,-4.409,1.0,0.0236,0.000161,0.678,0.82,81.022
rap,0.563,0.885,-3.183,1.0,0.12,1.19e-05,0.441,0.364,88.586
rap,0.506,0.799,-6.58,1.0,0.0791,0.0,0.0929,0.461,120.405
rap,0.675,0.501,-6.183,1.0,0.0541,0.0,0.429,0.532,139.861
rap,0.78,0.634,-5.941,1.0,0.0199,2.98e-05,0.29,0.754,125.25
rap,0.873,0.728,-7.543,1.0,0.266,0.0,0.208,0.809,100.059
rap,0.422,0.641,-4.947,0.0,0.422,0.0,0.317,0.654,187.027
rap,0.853,0.637,-5.924,0.0,0.129,0.0,0.267,0.496,86.048
rap,0.858,0.731,-4.121,1.0,0.138,1.71e-05,0.0987,0.431,164.054
rap,0.863,0.717,-3.143,0.0,0.278,0.0826,0.0991,0.357,152.05
rap,0.853,0.635,-3.82,0.0,0.0107,0.0,0.325,0.174,141.982
rap,0.798,0.574,-6.548,1.0,0.024,0.0,0.122,0.309,155.964
rap,0.791,0.634,-7.684,0.0,0.00243,5.43e-05,0.0812,0.323,152.961
rap,0.805,0.385,-7.723,1.0,0.00013,0.0,0.28,0.048,128.998
rap,0.955,0.646,-5.924,0.0,0.0883,0.0,0.215,0.691,125.132
rap,0.43,0.7,-5.35,1.0,0.0902,0.0,0.216,0.731,158.373
rap,0.718,0.624,-6.802,0.0,0.227,0.0,0.31,0.373,127.916
rap,0.761,0.727,-12.655,1.0,0.0362,0.00498,0.0461,0.739,103.013
rap,0.784,0.474,-6.139,1.0,0.333,0.0,0.278,0.64,128.012
rap,0.91,0.576,-13.256,0.0,0.0987,0.0023,0.195,0.907,112.877
rap,0.871,0.65,-8.529,1.0,0.536,0.0,0.22,0.935,130.084
rap,0.813,0.703,-5.077,0.0,0.125,1.26e-06,0.237,0.241,94.828
rap,0.626,0.615,-6.142,1.0,0.265,0.0,0.0812,0.611,52.145
rap,0.664,0.714,-6.645,0.0,0.0353,8.42e-06,0.0843,0.71,101.969
rap,0.681,0.727,-5.086,0.0,0.0168,0.0,0.074,0.347,160.882
rap,0.882,0.649,-4.569,0.0,0.205,0.00191,0.328,0.219,130.981
rap,0.793,0.395,-5.578,1.0,0.277,1.4e-05,0.109,0.129,77.027
rap,0.667,0.582,-5.791,0.0,0.00466,0.0,0.124,0.141,121.972
rap,0.676,0.811,-9.647,1.0,0.026,1.28e-05,0.28,0.942,156.636
rap,0.897,0.611,-10.489,1.0,0.0291,0.186,0.0894,0.769,102.304
rap,0.83,0.797,-6.627,1.0,0.00257,0.0,0.272,0.886,90.229
rap,0.484,0.847,-5.042,1.0,0.0373,0.0,0.118,0.67,105.048
rap,0.398,0.69,-6.809,0.0,0.384,0.000437,0.129,0.174,129.904
rap,0.691,0.64,-6.441,1.0,0.511,0.0,0.409,0.163,138.672
rap,0.867,0.679,-12.028,0.0,0.0336,1.59e-06,0.0742,0.68,101.293
rap,0.814,0.494,-7.167,1.0,0.624,0.0,0.0888,0.607,128.083
rap,0.484,0.69,-6.339,1.0,0.00757,0.0,0.181,0.657,80.862
rap,0.895,0.698,-6.575,1.0,0.565,0.0,0.305,0.325,99.998
rap,0.696,0.729,-3.779,0.0,0.046,0.0,0.178,0.555,173.954
rap,0.513,0.826,-3.651,0.0,0.106,0.0,0.0675,0.889,76.91
rap,0.787,0.799,-4.68,0.0,0.189,0.0,0.3,0.835,143.052
rap,0.92,0.861,-5.435,1.0,0.211,2.59e-05,0.0288,0.718,97.969
rap,0.774,0.554,-7.909,1.0,0.207,0.0,0.132,0.349,99.034
rap,0.865,0.778,-10.05,1.0,0.0411,0.0,0.303,0.763,103.008
rap,0.781,0.738,-8.876,0.0,0.23,0.0,0.261,0.838,96.895
rap,0.716,0.531,-7.355,1.0,0.0703,0.0,0.224,0.344,71.994
rap,0.477,0.727,-4.053,1.0,0.000866,0.0,0.108,0.227,150.062
rap,0.731,0.857,-13.358,1.0,0.0798,8.8e-06,0.0772,0.691,95.879
rap,0.801,0.68,-2.362,1.0,0.00364,0.0,0.0783,0.204,142.1
rap,0.838,0.594,-5.695,0.0,0.176,0.0,0.0867,0.507,90.038
rap,0.792,0.743,-2.806,1.0,0.107,0.0,0.183,0.742,150.024
rap,0.888,0.584,-13.308,1.0,0.0389,3.25e-06,0.0625,0.762,104.704
rap,0.711,0.62,-10.174,0.0,0.0175,0.0,0.134,0.805,179.817
rap,0.811,0.447,-6.876,0.0,0.619,0.00107,0.214,0.713,160.009
rap,0.414,0.807,-4.12,0.0,0.0428,0.0,0.822,0.409,175.158
rap,0.803,0.648,-9.185,0.0,0.0288,0.0,0.0904,0.538,131.923
rap,0.603,0.725,-3.054,1.0,0.174,0.0,0.0786,0.304,122.803
rap,0.943,0.538,-6.855,0.0,0.332,0.0,0.199,0.585,121.988
rap,0.723,0.654,-6.82,1.0,0.384,0.0,0.384,0.675,149.949
rap,0.798,0.545,-6.466,1.0,0.00904,9.48e-05,0.258,0.212,118.029
rap,0.865,0.39,-5.541,1.0,0.473,0.0,0.0954,0.105,139.996
rap,0.782,0.627,-6.509,0.0,0.00233,1.27e-05,0.201,0.485,94.967
rap,0.901,0.697,-3.439,1.0,0.145,0.0,0.287,0.67,93.941
rap,0.646,0.503,-7.218,1.0,0.097,0.0,0.13,0.509,158.027
rap,0.406,0.524,-11.071,1.0,0.469,3.95e-06,0.117,0.412,56.046
rap,0.763,0.786,-6.472,0.0,0.0146,0.0114,0.0817,0.504,93.857
rap,0.969,0.491,-9.859,1.0,0.0361,0.0,0.118,0.768,126.048
rap,0.699,0.696,-5.745,1.0,0.103,0.0,0.211,0.428,83.596
rap,0.814,0.481,-5.183,1.0,0.097,3.83e-05,0.0495,0.193,96.252
rap,0.618,0.691,-7.041,0.0,0.00452,3.17e-06,0.0614,0.762,170.446
rap,0.766,0.52,-9.371,1.0,0.00116,0.0189,0.3,0.556,79.838
rap,0.776,0.562,-6.901,1.0,0.0399,0.0,0.138,0.521,169.03
rap,0.851,0.849,-3.383,0.0,0.497,2.05e-06,0.116,0.844,120.014
rap,0.88,0.693,-5.201,1.0,0.0599,0.0,0.248,0.767,75.603
rap,0.711,0.508,-7.299,1.0,0.0355,0.0,0.141,0.663,98.098
rap,0.486,0.616,-6.9,1.0,0.0149,0.0,0.356,0.601,132.151
rap,0.815,0.781,-6.089,1.0,0.0354,0.0,0.159,0.962,140.082
rap,0.861,0.637,-7.701,0.0,0.392,0.0,0.0929,0.754,87.006
rap,0.762,0.696,-4.795,0.0,0.0172,1.33e-06,0.22,0.532,147.123
rap,0.74,0.488,-7.664,0.0,0.234,0.0,0.241,0.584,149.042
rap,0.634,0.845,-5.058,0.0,0.00602,5.29e-06,0.0598,0.929,94.0
rap,0.728,0.832,-6.827,1.0,0.327,0.0,0.504,0.825,95.051
rap,0.763,0.484,-7.482,0.0,0.0721,0.0,0.245,0.6,145.058
rap,0.97,0.463,-7.259,1.0,0.0957,0.0,0.151,0.46,108.003
rap,0.655,0.794,-6.113,0.0,0.0935,3.57e-05,0.383,0.608,172.106
rap,0.836,0.906,-2.902,1.0,0.000426,0.0,0.227,0.718,165.091
rap,0.748,0.733,-4.421,0.0,0.0062,0.0,0.329,0.291,93.019
rap,0.764,0.669,-5.57,1.0,0.0285,5.09e-06,0.337,0.934,89.832
rap,0.754,0.763,-6.57,1.0,0.32,0.0,0.143,0.704,159.963
rap,0.582,0.621,-6.183,0.0,0.00317,0.0,0.111,0.331,179.458
rap,0.61,0.458,-11.336,1.0,0.696,0.000103,0.0852,0.246,192.099
rap,0.832,0.439,-9.594,0.0,0.606,5.45e-06,0.11,0.53,145.004
rap,0.761,0.704,-5.975,0.0,0.00435,0.0,0.272,0.738,154.007
rap,0.68,0.513,-6.683,1.0,0.0302,0.000398,0.162,0.163,146.015
rap,0.575,0.905,-2.372,1.0,0.253,0.0,0.269,0.753,110.165
rap,0.694,0.796,-3.696,1.0,0.0713,0.0163,0.096,0.592,78.033
rap,0.436,0.655,-8.37,0.0,0.499,8.1e-06,0.688,0.412,121.002
rap,0.726,0.225,-19.72,0.0,0.00351,0.0,0.0655,0.17,142.988
rap,0.676,0.695,-8.327,1.0,0.352,0.0,0.119,0.144,90.268
rap,0.915,0.639,-14.095,1.0,0.22,0.0,0.312,0.551,101.821
rap,0.775,0.837,-4.965,0.0,0.0383,0.0,0.315,0.807,95.86
rap,0.822,0.502,-7.38,1.0,0.0312,0.000887,0.114,0.525,73.003
rap,0.721,0.508,-7.496,1.0,0.317,0.0,0.153,0.457,159.911
rap,0.691,0.492,-10.815,0.0,0.405,0.0,0.0955,0.54,92.019
rap,0.892,0.607,-7.232,0.0,0.144,0.000314,0.0909,0.244,120.0
rap,0.644,0.597,-8.305,0.0,0.0167,5.41e-05,0.112,0.341,139.969
rap,0.812,0.623,-7.002,1.0,0.0611,0.0,0.111,0.199,119.883
rap,0.784,0.712,-3.674,0.0,0.00874,0.00169,0.121,0.313,156.075
rap,0.865,0.497,-6.818,1.0,0.18,0.0,0.151,0.217,100.004
rap,0.822,0.503,-6.889,0.0,0.0779,0.0,0.161,0.408,71.524
rap,0.882,0.899,-5.865,0.0,0.0289,0.000142,0.327,0.816,140.68
rap,0.723,0.585,-6.496,1.0,0.0121,0.0,0.325,0.485,134.071
rap,0.7,0.554,-5.909,1.0,0.219,1.36e-06,0.419,0.0633,97.127
rap,0.638,0.4,-11.212,0.0,0.733,0.000133,0.334,0.495,150.133
rap,0.88,0.428,-8.28,1.0,0.149,5.05e-05,0.114,0.333,100.007
rap,0.692,0.521,-8.465,0.0,0.301,0.0,0.0565,0.463,100.45
rap,0.778,0.934,-3.488,1.0,0.184,0.0,0.123,0.803,98.97
rap,0.836,0.614,-4.543,0.0,0.345,9.86e-05,0.088,0.603,101.97
rap,0.838,0.311,-5.221,1.0,0.00424,0.0,0.169,0.303,78.015
rap,0.794,0.777,-3.696,0.0,0.0982,0.0,0.202,0.706,160.022
rap,0.913,0.444,-8.718,1.0,0.0281,4.17e-05,0.0626,0.628,94.984
rap,0.629,0.608,-7.247,0.0,0.0724,0.0,0.0874,0.413,103.021
rap,0.836,0.703,-4.731,1.0,0.031,0.0,0.124,0.211,144.959
rap,0.733,0.676,-5.655,0.0,0.0697,0.0,0.208,0.701,97.448
rap,0.936,0.523,-6.71,1.0,0.239,0.0,0.117,0.699,119.889
rap,0.91,0.444,-8.126,0.0,0.022,0.0,0.137,0.53,149.953
rap,0.84,0.571,-7.421,1.0,0.16,0.0,0.406,0.617,116.59
rap,0.467,0.636,-6.96,1.0,0.0232,0.0,0.138,0.419,135.014
rap,0.876,0.71,-12.908,1.0,0.0654,0.00312,0.918,0.724,98.305
rap,0.693,0.729,-8.281,0.0,0.000107,1.9e-05,0.119,0.614,83.989
rap,0.428,0.714,-5.574,1.0,0.0895,0.0,0.766,0.678,110.017
rap,0.714,0.6,-8.365,1.0,0.0465,0.0,0.0646,0.504,82.017
rap,0.669,0.667,-7.028,0.0,0.187,0.0,0.172,0.512,77.985
rap,0.717,0.347,-10.265,0.0,0.0511,2.43e-06,0.087,0.0589,84.987
rap,0.854,0.738,-7.284,0.0,0.0581,0.0,0.106,0.847,100.0
rap,0.585,0.874,-4.957,0.0,0.15,0.0,0.22,0.561,146.382
rap,0.797,0.667,-6.095,0.0,0.545,0.0,0.0357,0.621,76.51
rap,0.763,0.85,-3.052,1.0,0.0304,1.21e-06,0.371,0.761,91.519
rap,0.698,0.633,-4.946,1.0,0.0605,0.000194,0.0926,0.552,96.924
rap,0.812,0.621,-8.3,1.0,0.244,0.0,0.099,0.847,77.998
rap,0.358,0.596,-11.906,0.0,0.147,0.0,0.212,0.484,178.008
rap,0.835,0.456,-10.195,0.0,0.38,0.00359,0.16,0.224,101.889
rap,0.893,0.537,-6.822,0.0,0.211,0.0,0.0599,0.588,140.038
rap,0.861,0.627,-6.438,1.0,0.35,0.0,0.112,0.929,139.989
rap,0.669,0.809,-7.146,1.0,0.00137,0.0,0.38,0.572,97.885
rap,0.801,0.55,-11.044,0.0,0.365,0.0234,0.117,0.609,94.994
rap,0.727,0.974,-2.261,0.0,0.103,0.000532,0.174,0.965,79.526
rap,0.705,0.702,-4.783,0.0,0.138,0.0,0.364,0.771,140.059
rap,0.915,0.807,-9.636,0.0,0.011,0.000122,0.201,0.708,127.35
rap,0.803,0.806,-7.805,1.0,0.00761,0.00544,0.101,0.624,94.994
rap,0.762,0.666,-6.055,1.0,0.00427,0.0,0.127,0.278,118.97
rap,0.724,0.86,-3.544,1.0,0.0139,0.0,0.254,0.553,96.956
rap,0.627,0.589,-9.056,1.0,0.497,7.05e-05,0.324,0.247,115.284
rap,0.685,0.797,-3.332,1.0,0.0672,0.0,0.29,0.626,150.038
rap,0.447,0.957,-2.954,0.0,0.0228,0.0,0.487,0.484,106.458
rap,0.718,0.708,-5.229,1.0,0.0807,0.0,0.132,0.49,191.601
rap,0.708,0.447,-6.305,1.0,0.0271,0.000728,0.102,0.0384,89.62
rap,0.837,0.78,-10.449,0.0,0.0527,4.58e-05,0.0894,0.645,93.556
rap,0.874,0.768,-4.086,1.0,0.0554,0.0,0.041,0.636,106.095
rap,0.689,0.481,-7.503,1.0,0.369,1.03e-06,0.0649,0.283,80.025
rap,0.493,0.826,-3.106,1.0,0.095,3.42e-06,0.252,0.75,112.865
rap,0.665,0.91,-4.682,0.0,0.0394,0.0,0.227,0.887,84.099
rap,0.613,0.835,-4.051,0.0,0.106,0.0,0.14,0.684,143.876
rap,0.728,0.561,-9.024,1.0,0.000679,0.0,0.72,0.303,145.051
rap,0.905,0.782,-3.604,0.0,0.096,0.0,0.0623,0.798,96.055
rap,0.779,0.641,-11.228,1.0,0.134,8.19e-06,0.0831,0.885,164.976
rap,0.89,0.716,-9.673,1.0,0.174,0.000589,0.0657,0.656,99.987
rap,0.798,0.888,-4.415,0.0,0.104,9.47e-06,0.323,0.661,99.608
rap,0.677,0.539,-14.439,1.0,0.0455,1.84e-06,0.845,0.469,95.116
rap,0.817,0.556,-7.178,0.0,0.469,0.0,0.131,0.314,126.991
rap,0.746,0.69,-7.956,1.0,0.247,0.0,0.101,0.497,89.977
rap,0.758,0.642,-8.128,0.0,0.0753,0.0,0.191,0.7,142.076
rap,0.687,0.781,-4.806,1.0,0.0361,0.0,0.0755,0.688,97.014
rap,0.834,0.591,-7.543,0.0,0.0553,0.0,0.074,0.9,104.944
rap,0.8,0.578,-5.144,0.0,0.00381,0.0,0.367,0.367,143.01
rap,0.68,0.687,-6.162,0.0,0.0161,0.0,0.261,0.467,150.053
rap,0.779,0.705,-6.383,0.0,0.237,0.0,0.0899,0.451,122.996
rap,0.926,0.454,-9.932,1.0,0.036,0.000422,0.0896,0.34,119.969
rap,0.751,0.725,-4.495,1.0,0.0755,0.00102,0.12,0.544,129.977
rap,0.713,0.734,-4.894,0.0,0.548,0.0,0.0687,0.89,172.872
rap,0.708,0.772,-6.462,1.0,0.00367,4.46e-06,0.264,0.507,147.915
rap,0.939,0.859,-4.131,1.0,0.00882,0.0,0.102,0.889,136.025
rap,0.887,0.847,-10.885,1.0,0.115,8.24e-05,0.216,0.739,103.008
rap,0.601,0.695,-5.811,0.0,0.0213,8.46e-06,0.368,0.306,101.564
rap,0.88,0.818,-7.427,1.0,0.0353,0.0,0.713,0.726,81.93
rap,0.778,0.952,-4.82,1.0,0.0337,0.0,0.116,0.871,91.124
rap,0.641,0.584,-8.775,0.0,0.327,0.000248,0.116,0.167,169.953
rap,0.919,0.622,-7.384,1.0,0.228,4.24e-06,0.122,0.424,140.022
rap,0.615,0.871,-3.804,1.0,0.0388,0.0,0.246,0.338,119.149
rap,0.648,0.882,-4.806,1.0,0.00318,0.0,0.423,0.671,87.71
rap,0.936,0.678,-3.012,0.0,0.0795,0.0,0.0838,0.822,96.911
rap,0.746,0.873,-3.803,1.0,0.0244,0.0,0.354,0.817,148.075
rap,0.823,0.745,-6.637,0.0,0.00282,0.000332,0.323,0.58,91.919
rap,0.525,0.707,-7.59,1.0,0.231,0.0,0.176,0.49,161.054
rap,0.713,0.826,-4.075,1.0,0.0897,0.0,0.421,0.664,86.444
rap,0.688,0.853,-5.814,1.0,0.386,0.0,0.0862,0.743,103.993
rap,0.611,0.688,-5.688,1.0,0.0264,0.0,0.251,0.393,178.462
rap,0.867,0.517,-13.222,0.0,0.00456,0.000339,0.0864,0.866,133.148
rap,0.886,0.673,-7.306,1.0,0.0476,0.0,0.259,0.336,101.97
rap,0.794,0.632,-6.163,1.0,0.142,0.0,0.128,0.355,145.926
rap,0.794,0.32,-12.92,0.0,0.853,0.134,0.112,0.241,174.088
rap,0.551,0.662,-10.055,1.0,0.771,0.0314,0.304,0.48,149.486
rap,0.683,0.74,-6.041,0.0,0.00228,0.0,0.238,0.65,129.515
rap,0.796,0.798,-7.456,0.0,0.0153,0.0,0.106,0.692,94.016
rap,0.604,0.436,-8.32,1.0,0.0544,0.000242,0.162,0.239,107.978
rap,0.724,0.887,-7.076,1.0,0.134,0.0,0.112,0.745,90.945
rap,0.427,0.706,-6.533,1.0,0.0305,0.0,0.323,0.508,173.913
rap,0.897,0.458,-11.01,1.0,0.0208,0.0,0.419,0.513,92.928
rap,0.486,0.951,-1.649,1.0,0.231,8.4e-06,0.36,0.744,164.048
rap,0.662,0.748,-3.041,0.0,0.688,8.43e-06,0.0841,0.535,82.331
rap,0.694,0.923,-1.077,0.0,0.153,0.0,0.0582,0.676,119.097
rap,0.729,0.625,-5.266,1.0,0.194,0.00986,0.248,0.261,146.034
rap,0.83,0.817,-6.539,0.0,0.00096,0.000677,0.112,0.622,107.908
rap,0.852,0.747,-3.666,0.0,0.0311,0.0,0.0789,0.898,148.005
rap,0.791,0.759,-7.378,0.0,0.0314,0.674,0.255,0.619,102.382
rap,0.525,0.701,-3.678,0.0,0.257,0.0,0.193,0.388,100.007
rap,0.942,0.892,-6.363,0.0,0.023,0.000897,0.264,0.595,100.007
rap,0.841,0.593,-7.846,1.0,0.418,0.0,0.124,0.808,124.917
rap,0.876,0.609,-6.019,1.0,0.0229,1.17e-05,0.107,0.256,124.984
rap,0.878,0.635,-5.811,0.0,0.0289,0.0,0.276,0.331,135.035
rap,0.709,0.744,-5.905,0.0,0.0119,0.0,0.0609,0.508,145.112
rap,0.839,0.706,-6.104,0.0,0.208,0.0,0.242,0.839,96.673
rap,0.81,0.613,-7.503,1.0,0.0624,0.0,0.353,0.45,87.042
rap,0.899,0.713,-2.752,0.0,0.255,0.0,0.0708,0.777,90.051
rap,0.894,0.618,-4.356,0.0,0.0808,0.0,0.558,0.379,119.1
rap,0.825,0.639,-6.607,1.0,0.0731,0.0225,0.0612,0.866,97.389
rap,0.732,0.75,-6.366,0.0,0.00264,0.0,0.109,0.401,155.096
rap,0.752,0.658,-6.297,1.0,0.0421,0.0,0.0927,0.387,151.951
rap,0.88,0.443,-6.359,0.0,0.462,7.13e-06,0.122,0.803,138.018
rap,0.833,0.64,-5.674,0.0,0.0184,0.0,0.102,0.465,99.285
rap,0.539,0.584,-10.616,0.0,0.234,0.0,0.198,0.674,86.441
rap,0.796,0.701,-10.857,1.0,0.178,0.000238,0.157,0.475,102.08
rap,0.754,0.825,-5.366,0.0,0.039,0.0,0.0744,0.64,95.073
rap,0.559,0.733,-5.659,0.0,0.314,0.0,0.284,0.611,145.115
rap,0.756,0.867,-3.626,1.0,0.155,0.00285,0.33,0.666,129.983
rap,0.704,0.803,-4.77,1.0,0.165,0.0,0.54,0.529,124.087
rap,0.724,0.675,-5.267,1.0,0.0978,9.41e-06,0.351,0.325,160.048
rap,0.764,0.648,-6.639,1.0,0.0563,0.0,0.414,0.391,90.1
rap,0.653,0.91,-3.797,1.0,0.114,0.0,0.111,0.818,91.102
rap,0.517,0.811,-4.526,0.0,0.186,0.0,0.105,0.494,168.269
rap,0.762,0.577,-5.229,1.0,0.0309,0.0,0.108,0.287,142.055
rap,0.594,0.676,-5.808,1.0,0.135,0.0,0.163,0.472,143.477
rap,0.81,0.353,-9.931,0.0,0.588,0.0,0.102,0.0727,88.031
rap,0.883,0.808,-3.158,0.0,0.0313,0.0,0.207,0.806,119.01
rap,0.772,0.746,-4.334,1.0,0.0173,0.0,0.0875,0.719,155.967
rap,0.878,0.52,-7.58,1.0,0.218,0.0,0.119,0.337,110.996
rap,0.925,0.322,-9.8,0.0,0.103,0.0,0.137,0.712,129.957
rap,0.723,0.586,-7.121,0.0,0.00245,2.62e-06,0.178,0.684,179.243
rap,0.858,0.484,-7.448,0.0,0.0241,1.8e-06,0.123,0.329,99.992
rap,0.756,0.698,-5.464,1.0,0.0849,0.0,0.221,0.66,77.497
rap,0.831,0.665,-3.627,0.0,0.149,0.0,0.0636,0.663,129.989
rap,0.581,0.877,-4.938,1.0,0.0151,0.0,0.826,0.353,77.006
rap,0.629,0.676,-7.088,0.0,0.53,0.000325,0.701,0.497,90.377
rap,0.897,0.867,-3.293,0.0,0.225,0.0,0.117,0.796,140.094
rap,0.965,0.857,-8.458,0.0,0.00131,0.0,0.0726,0.951,127.656
rap,0.797,0.656,-11.601,1.0,0.00721,0.0,0.0377,0.948,99.828
rap,0.851,0.625,-5.417,0.0,0.195,0.0,0.266,0.668,99.061
rap,0.928,0.617,-6.817,1.0,0.122,0.0,0.126,0.779,127.988
rap,0.747,0.524,-6.807,0.0,0.0306,0.0,0.2,0.363,140.053
rap,0.648,0.801,-7.24,0.0,0.154,0.0,0.339,0.807,78.946
rap,0.654,0.77,-6.091,0.0,0.00342,0.0,0.0887,0.272,137.616
rap,0.466,0.731,-4.491,1.0,0.00813,0.00379,0.604,0.38,100.376
rap,0.813,0.621,-9.273,1.0,0.0144,4.03e-05,0.0793,0.377,112.101
rap,0.737,0.673,-5.381,0.0,0.000233,0.0,0.092,0.266,139.985
rap,0.836,0.731,-7.396,0.0,0.251,0.0,0.0679,0.766,100.861
rap,0.765,0.412,-8.932,0.0,0.72,0.0,0.126,0.632,109.986
rap,0.502,0.652,-7.224,1.0,0.0848,0.0,0.0675,0.648,136.08
rap,0.851,0.703,-7.351,0.0,0.00949,2.57e-05,0.0895,0.596,74.017
rap,0.694,0.759,-5.667,0.0,0.137,0.0,0.167,0.77,140.055
rap,0.844,0.522,-13.277,1.0,0.0846,3.24e-05,0.0729,0.771,115.267
rap,0.817,0.775,-4.767,0.0,0.277,0.0,0.108,0.806,126.984
rap,0.657,0.668,-6.208,1.0,0.0273,0.0,0.32,0.227,162.997
rap,0.878,0.851,-8.971,1.0,0.00228,0.00125,0.0509,0.404,99.014
rap,0.484,0.852,-4.442,0.0,0.0317,0.0,0.0547,0.766,103.578
rap,0.681,0.529,-7.897,0.0,0.201,0.0,0.184,0.568,91.081
rap,0.597,0.571,-6.205,0.0,0.492,0.0,0.093,0.165,106.196
rap,0.851,0.583,-11.022,0.0,0.0506,0.0,0.236,0.956,95.048
rap,0.709,0.541,-7.689,0.0,0.075,0.0,0.276,0.167,81.98
rap,0.698,0.793,-5.332,0.0,0.123,0.0,0.0805,0.454,129.948
rap,0.679,0.645,-7.777,0.0,0.0518,0.0,0.145,0.203,125.795
rap,0.879,0.574,-5.602,0.0,0.519,8.76e-06,0.144,0.346,144.911
rap,0.75,0.548,-6.288,1.0,0.00619,0.0,0.156,0.377,160.084
rap,0.837,0.697,-5.955,1.0,0.0108,0.0,0.377,0.631,97.927
rap,0.505,0.267,-13.763,0.0,0.279,0.0,0.096,0.439,143.929
rap,0.755,0.81,-4.061,0.0,0.125,0.0,0.382,0.297,101.93
rap,0.91,0.585,-7.572,0.0,0.0536,0.0,0.127,0.599,129.011
rap,0.558,0.559,-9.222,1.0,0.371,7.49e-06,0.109,0.62,78.558
rap,0.753,0.749,-6.132,0.0,0.0285,0.0,0.0845,0.832,93.79
rap,0.971,0.677,-6.895,1.0,0.0476,2.22e-05,0.112,0.58,120.027
rap,0.824,0.684,-7.354,0.0,0.00278,1.45e-06,0.0481,0.87,101.152
rap,0.591,0.889,-3.839,1.0,0.0189,0.0,0.155,0.65,143.067
rap,0.647,0.468,-10.87,1.0,0.649,0.00119,0.157,0.216,68.033
rap,0.848,0.663,-5.606,0.0,0.523,0.0,0.108,0.333,133.993
rap,0.661,0.619,-8.331,1.0,0.0668,0.0,0.164,0.314,132.261
rap,0.761,0.586,-5.368,1.0,0.0392,0.0,0.0558,0.719,149.804
rap,0.854,0.708,-5.805,0.0,0.175,0.0,0.241,0.172,118.032
rap,0.934,0.671,-5.458,0.0,0.0939,0.0,0.0812,0.804,129.951
rap,0.687,0.858,-6.471,1.0,0.0141,0.0,0.158,0.398,87.869
rap,0.852,0.874,-11.208,1.0,0.0168,0.45,0.133,0.666,129.029
rap,0.652,0.795,-5.192,0.0,0.156,0.0,0.123,0.788,135.018
rap,0.453,0.538,-8.212,1.0,0.449,0.0,0.19,0.516,122.973
rap,0.868,0.964,-3.72,1.0,0.0467,1.51e-05,0.0708,0.868,98.913
rap,0.458,0.506,-9.596,0.0,0.408,0.0,0.347,0.736,163.028
rap,0.477,0.647,-4.657,0.0,0.0872,0.0,0.119,0.549,109.879
rap,0.92,0.811,-2.892,0.0,0.159,0.0026,0.0935,0.602,97.117
rap,0.887,0.485,-9.358,0.0,0.0392,0.0,0.141,0.328,125.987
rap,0.789,0.881,-5.758,1.0,0.109,0.0,0.355,0.647,133.299
rap,0.657,0.492,-9.612,0.0,0.392,0.0,0.425,0.193,97.107
rap,0.794,0.44,-7.861,0.0,0.0806,0.0,0.198,0.276,138.024
rap,0.8,0.541,-5.05,0.0,0.0252,0.0,0.146,0.194,135.99
rap,0.765,0.356,-5.556,0.0,0.223,0.0,0.0963,0.189,96.991
rap,0.76,0.755,-4.735,0.0,0.0163,2.95e-06,0.0909,0.517,101.993
rap,0.66,0.867,-4.285,0.0,0.11,0.0,0.0368,0.377,93.033
rap,0.939,0.632,-2.978,1.0,0.0606,0.00136,0.101,0.364,133.979
rap,0.837,0.636,-7.643,1.0,0.0395,0.00125,0.342,0.274,145.972
rap,0.901,0.512,-6.468,1.0,0.00273,0.0,0.0979,0.638,85.015
rap,0.792,0.665,-5.676,0.0,0.0196,5.08e-06,0.597,0.786,90.001
rap,0.561,0.764,-6.645,0.0,0.373,0.0,0.157,0.598,145.158
rap,0.377,0.506,-4.773,0.0,0.00889,1.15e-06,0.482,0.787,145.254
rap,0.632,0.767,-4.002,0.0,0.0216,0.0,0.378,0.622,140.14
rap,0.686,0.818,-5.111,0.0,0.0374,0.0,0.329,0.633,83.182
rap,0.848,0.838,-11.949,0.0,0.0326,4.63e-06,0.124,0.774,97.735
rap,0.852,0.613,-8.09,1.0,0.00929,0.0,0.0886,0.547,133.899
rap,0.645,0.705,-5.008,1.0,0.000813,0.0,0.128,0.376,137.133
rap,0.764,0.525,-5.969,1.0,0.0296,0.0,0.0993,0.787,95.813
rap,0.889,0.496,-6.365,0.0,0.259,0.0,0.252,0.544,86.003
rap,0.866,0.648,-3.675,1.0,0.009,0.0,0.0967,0.0798,150.058
rap,0.908,0.621,-6.638,0.0,0.000282,5.39e-05,0.0958,0.421,150.011
rap,0.838,0.763,-11.132,0.0,0.0915,1.37e-05,0.123,0.544,104.958
rap,0.943,0.443,-10.098,0.0,0.188,0.00225,0.282,0.621,109.908
rap,0.936,0.559,-8.587,0.0,0.479,0.0,0.128,0.527,112.347
rap,0.642,0.901,-3.688,0.0,0.0168,1.97e-06,0.0887,0.352,100.039
rap,0.907,0.625,-5.557,1.0,0.0042,0.0,0.151,0.605,99.918
rap,0.658,0.771,-4.318,1.0,0.016,0.0,0.654,0.516,85.949
rap,0.888,0.577,-7.702,0.0,0.0986,0.0,0.131,0.609,84.003
rap,0.82,0.435,-9.411,0.0,0.0636,0.0,0.137,0.217,129.903
rap,0.794,0.613,-6.336,0.0,0.0363,0.0,0.742,0.412,135.984
rap,0.747,0.52,-10.523,0.0,0.0977,0.0537,0.142,0.601,92.869
rap,0.875,0.745,-5.878,1.0,0.0227,2.37e-06,0.287,0.749,95.201
rap,0.6,0.592,-4.947,1.0,0.0191,0.0,0.0955,0.0663,130.205
rap,0.744,0.849,-8.061,0.0,0.409,0.0,0.251,0.621,97.995
rap,0.77,0.86,-3.702,1.0,0.0159,0.000713,0.0682,0.547,96.428
rap,0.474,0.663,-6.196,1.0,0.0195,0.0,0.544,0.141,88.064
rap,0.783,0.457,-9.747,0.0,0.0442,0.0,0.121,0.539,91.996
rap,0.756,0.674,-6.518,0.0,0.0184,0.0,0.158,0.389,111.995
rap,0.759,0.825,-4.289,1.0,0.0923,0.00057,0.24,0.429,94.857
rap,0.842,0.691,-4.128,0.0,0.0173,0.0,0.346,0.697,95.038
rap,0.761,0.711,-7.989,1.0,0.0174,0.000101,0.0652,0.947,105.448
rap,0.745,0.346,-7.709,1.0,0.00552,0.0,0.0881,0.112,203.911
rap,0.797,0.844,-5.482,1.0,0.0651,0.0,0.087,0.52,170.142
rap,0.868,0.657,-4.853,1.0,0.0158,0.0,0.0995,0.436,162.867
rap,0.646,0.682,-5.847,1.0,0.683,4.84e-06,0.107,0.421,131.895
rap,0.674,0.608,-6.628,0.0,0.0119,0.0,0.103,0.464,124.952
rap,0.65,0.801,-2.178,1.0,0.117,0.000231,0.347,0.356,124.123
rap,0.709,0.577,-8.56,1.0,0.00586,0.0,0.0776,0.618,134.94
rap,0.68,0.894,-4.86,1.0,0.0206,0.0,0.462,0.803,94.089
rap,0.592,0.77,-3.402,1.0,0.122,1.22e-06,0.103,0.361,191.692
rap,0.916,0.519,-12.409,0.0,0.293,0.0,0.379,0.761,125.137
rap,0.688,0.88,-5.044,1.0,0.0564,0.0,0.154,0.618,140.904
rap,0.863,0.609,-3.556,1.0,0.0692,0.0,0.141,0.701,115.054
rap,0.733,0.67,-3.532,0.0,0.119,0.0,0.442,0.763,86.983
rap,0.754,0.342,-8.677,0.0,0.073,0.0,0.193,0.423,128.981
rap,0.746,0.687,-7.475,1.0,0.155,0.0,0.137,0.283,143.931
rap,0.827,0.635,-6.77,0.0,0.278,0.000119,0.109,0.766,88.87
rap,0.802,0.785,-4.781,1.0,0.14,0.0,0.123,0.435,99.998
rap,0.843,0.697,-6.542,1.0,0.0215,0.0,0.144,0.792,98.081
rap,0.852,0.741,-5.435,0.0,0.0247,0.00106,0.0974,0.535,97.894
rap,0.716,0.568,-8.904,1.0,0.278,1.98e-06,0.385,0.905,136.894
rap,0.671,0.833,-5.152,0.0,0.0825,0.0,0.0726,0.702,79.351
rap,0.552,0.842,-4.961,1.0,0.0176,0.00327,0.258,0.561,89.017
rap,0.766,0.74,-10.363,1.0,0.0193,0.0784,0.229,0.183,118.008
rap,0.739,0.536,-6.501,1.0,0.00368,0.0,0.0968,0.193,122.022
rap,0.777,0.871,-5.588,1.0,0.00998,0.0,0.366,0.624,140.098
rap,0.832,0.922,-3.076,1.0,0.172,0.0,0.0575,0.624,82.766
rap,0.907,0.651,-5.661,0.0,0.0111,0.000433,0.108,0.637,147.026
rap,0.926,0.669,-11.271,1.0,0.0051,0.0,0.0887,0.642,128.462
rap,0.929,0.643,-5.552,1.0,0.12,0.0,0.0867,0.693,105.112
rap,0.758,0.843,-3.564,1.0,0.0217,2.44e-05,0.412,0.378,98.037
rap,0.759,0.756,-8.145,0.0,0.0903,2.36e-06,0.265,0.613,87.059
rap,0.711,0.611,-5.453,1.0,0.00588,0.0,0.23,0.144,134.093
rap,0.838,0.587,-6.604,0.0,0.208,0.0,0.199,0.535,75.485
rap,0.747,0.912,-3.324,0.0,0.139,0.0,0.271,0.59,127.096
rap,0.525,0.433,-10.598,1.0,0.107,0.0,0.135,0.276,160.108
rap,0.824,0.733,-5.474,1.0,0.0362,0.0,0.325,0.395,97.972
rap,0.873,0.457,-11.558,1.0,0.288,1.12e-06,0.093,0.74,137.543
rap,0.866,0.749,-3.977,1.0,0.15,0.0,0.0614,0.891,92.074
rap,0.858,0.76,-7.895,0.0,0.0217,0.0,0.322,0.951,93.082
rap,0.802,0.582,-7.296,0.0,0.126,0.0,0.161,0.338,150.002
rap,0.689,0.564,-6.226,1.0,0.187,0.0,0.0721,0.123,185.023
rap,0.721,0.621,-4.378,1.0,0.00469,0.0103,0.199,0.568,159.967
rap,0.754,0.767,-5.586,1.0,0.0216,0.0,0.172,0.828,83.014
rap,0.9,0.578,-7.249,1.0,0.0706,0.0,0.184,0.671,141.013
rap,0.736,0.532,-7.151,1.0,0.0292,8.86e-06,0.0806,0.273,84.983
rap,0.717,0.575,-5.821,0.0,0.19,0.0,0.106,0.193,109.648
rap,0.886,0.62,-5.854,1.0,0.082,0.0,0.1,0.6,76.035
rap,0.86,0.861,-7.131,0.0,0.0361,4.07e-05,0.113,0.79,143.184
rap,0.746,0.805,-6.048,0.0,0.0961,0.0,0.326,0.683,139.954
rap,0.859,0.75,-8.325,0.0,0.0193,0.0,0.0538,0.857,98.691
rap,0.813,0.693,-8.0,0.0,0.0341,0.0,0.121,0.618,103.508
rap,0.683,0.902,-7.389,0.0,0.219,0.000761,0.226,0.724,90.447
rap,0.848,0.556,-10.046,1.0,0.000183,0.0,0.335,0.362,93.498
rap,0.859,0.544,-7.465,0.0,0.174,0.00528,0.373,0.43,100.024
rap,0.902,0.41,-5.31,1.0,0.176,0.0,0.119,0.647,84.07
rap,0.862,0.642,-13.652,0.0,0.102,0.0,0.272,0.765,99.201
rap,0.879,0.595,-2.936,1.0,0.0152,0.0,0.391,0.355,125.994
rap,0.794,0.766,-3.894,0.0,0.0135,0.0,0.0785,0.55,127.007
rap,0.904,0.577,-7.293,1.0,0.125,0.0,0.115,0.7,102.691
rap,0.711,0.595,-12.99,1.0,0.0484,0.0327,0.208,0.836,107.473
rap,0.876,0.823,-9.972,1.0,0.000758,0.000489,0.0469,0.588,104.2
rap,0.912,0.416,-5.943,0.0,0.437,0.306,0.09,0.677,90.013
rap,0.726,0.769,-5.043,1.0,0.0293,0.0101,0.104,0.733,97.985
rap,0.85,0.615,-6.6,0.0,0.0329,0.0,0.429,0.546,120.053
rap,0.629,0.692,-8.045,1.0,0.00981,0.331,0.603,0.453,162.948
rap,0.854,0.706,-9.5,0.0,0.162,7.22e-06,0.0994,0.747,104.214
rap,0.826,0.471,-7.992,1.0,0.0949,0.0,0.155,0.14,126.103
rap,0.832,0.391,-8.504,1.0,0.0564,0.0,0.224,0.436,104.961
rap,0.859,0.423,-10.698,0.0,0.543,0.0,0.104,0.563,125.89
rap,0.749,0.745,-10.625,1.0,0.000501,0.00403,0.333,0.481,101.972
rap,0.656,0.915,-2.484,1.0,0.191,0.0,0.228,0.465,150.136
rap,0.921,0.467,-8.443,1.0,0.0149,0.000238,0.334,0.287,135.995
rap,0.678,0.479,-6.959,0.0,0.0812,0.0,0.207,0.762,171.12
rap,0.922,0.581,-7.495,1.0,0.00104,5.86e-05,0.105,0.595,140.022
rap,0.785,0.479,-10.247,1.0,0.0417,3.5e-05,0.334,0.727,87.691
rap,0.713,0.746,-4.99,1.0,0.0402,0.0,0.601,0.47,135.021
rap,0.779,0.455,-15.025,1.0,0.0542,0.0,0.177,0.197,140.181
rap,0.703,0.661,-3.885,1.0,0.0517,0.0,0.34,0.495,149.906
rap,0.764,0.672,-4.274,0.0,0.0166,1.06e-06,0.103,0.594,150.021
rap,0.602,0.514,-6.629,1.0,0.0173,0.000139,0.353,0.0706,115.223
rap,0.885,0.595,-5.487,1.0,0.656,4.42e-06,0.105,0.754,148.034
rap,0.756,0.577,-7.127,1.0,0.00277,0.0,0.309,0.685,92.036
rap,0.965,0.449,-15.225,1.0,0.05,1.13e-06,0.267,0.723,105.391
rap,0.803,0.918,-4.014,1.0,0.00923,0.0,0.104,0.95,146.109
rap,0.74,0.841,-2.891,0.0,0.0232,0.0,0.111,0.673,83.007
rap,0.797,0.582,-12.97,1.0,0.00484,2.04e-06,0.517,0.415,105.974
rap,0.939,0.675,-7.232,1.0,0.0915,0.0,0.0565,0.795,96.918
rap,0.322,0.555,-8.726,0.0,0.208,0.00437,0.325,0.397,96.019
rap,0.758,0.712,-3.781,1.0,0.0185,0.0,0.0677,0.795,149.998
rap,0.585,0.662,-5.861,0.0,0.000492,3.08e-05,0.0794,0.931,93.674
rap,0.843,0.7,-3.249,0.0,0.127,0.0,0.876,0.675,95.05
rap,0.891,0.319,-16.099,0.0,0.0933,0.000104,0.0482,0.687,92.649
rap,0.881,0.468,-9.678,1.0,0.0705,0.0,0.104,0.164,118.031
rap,0.735,0.446,-10.232,1.0,0.0071,1.93e-05,0.173,0.121,150.915
rap,0.753,0.724,-6.524,1.0,0.37,0.00124,0.431,0.697,102.988
rap,0.72,0.851,-6.572,0.0,0.00967,0.0,0.168,0.821,144.595
rap,0.644,0.725,-4.618,1.0,0.0112,0.0,0.146,0.584,77.977
rap,0.523,0.714,-7.552,0.0,0.466,0.00359,0.113,0.359,128.968
rap,0.606,0.868,-13.493,1.0,0.224,0.00103,0.692,0.28,98.832
rap,0.727,0.661,-4.992,0.0,0.355,0.0,0.3,0.511,84.974
rap,0.7,0.518,-7.191,0.0,0.0471,0.0,0.1,0.542,75.973
rap,0.697,0.687,-11.111,1.0,0.26,4.8e-05,0.403,0.866,90.247
rap,0.88,0.67,-5.177,1.0,0.325,4.17e-06,0.0662,0.131,101.008
rap,0.642,0.782,-3.395,0.0,0.381,0.0,0.108,0.396,162.005
rap,0.946,0.772,-7.537,0.0,0.0512,2.26e-06,0.0612,0.743,116.972
rap,0.602,0.938,-3.378,0.0,0.0164,0.0,0.0612,0.562,168.417
rap,0.725,0.431,-5.988,0.0,0.00113,0.0,0.14,0.199,174.083
rap,0.733,0.664,-6.163,1.0,0.102,0.0,0.191,0.557,148.005
rap,0.843,0.538,-8.028,1.0,0.0273,0.0,0.124,0.428,97.49
rap,0.497,0.433,-7.126,0.0,0.0534,0.0,0.0545,0.447,78.479
rap,0.833,0.808,-4.413,0.0,0.0643,0.000646,0.272,0.786,94.008
rap,0.854,0.569,-8.151,0.0,0.0609,0.0816,0.1,0.294,80.015
rap,0.712,0.726,-7.987,1.0,0.156,0.0,0.292,0.771,146.766
rap,0.528,0.595,-10.35,0.0,0.337,0.0,0.389,0.36,130.396
rap,0.801,0.91,-6.566,1.0,0.00239,0.000891,0.0737,0.805,87.277
rap,0.853,0.674,-6.125,0.0,0.239,0.0,0.104,0.712,89.493
rap,0.933,0.561,-5.961,1.0,0.0275,0.0,0.102,0.586,139.976
rap,0.781,0.625,-9.139,1.0,0.00447,0.0,0.185,0.679,83.024
rap,0.835,0.707,-5.074,1.0,0.0219,2.19e-05,0.108,0.919,93.955
rap,0.706,0.747,-3.901,0.0,0.00533,0.0,0.204,0.505,95.547
rap,0.793,0.489,-10.984,0.0,0.25,0.000101,0.432,0.47,120.097
rap,0.525,0.724,-11.282,0.0,0.0106,1.15e-05,0.0563,0.91,186.531
rap,0.646,0.458,-8.064,1.0,0.000506,0.0,0.108,0.21,145.942
rap,0.856,0.839,-3.764,0.0,0.0568,1.2e-06,0.114,0.699,140.03
rap,0.806,0.718,-4.213,0.0,0.131,0.0,0.398,0.586,98.526
rap,0.779,0.487,-8.642,1.0,0.28,0.0,0.166,0.0915,127.049
rap,0.635,0.766,-6.459,1.0,0.132,0.0,0.122,0.685,93.603
rap,0.773,0.564,-7.241,1.0,0.00561,1.99e-05,0.213,0.0588,155.976
rap,0.809,0.545,-6.678,1.0,0.392,0.0,0.151,0.244,97.008
rap,0.521,0.625,-7.47,1.0,0.0301,0.0,0.121,0.136,101.019
rap,0.838,0.308,-6.507,1.0,0.148,0.0,0.131,0.0842,139.935
rap,0.784,0.576,-8.171,0.0,0.00588,0.0,0.332,0.582,99.05
rap,0.784,0.586,-3.417,1.0,0.00558,0.000286,0.106,0.656,132.169
rap,0.706,0.758,-7.543,1.0,0.0317,0.0,0.489,0.523,134.867
rap,0.836,0.484,-7.332,1.0,0.0454,0.0,0.0557,0.839,95.941
rap,0.875,0.732,-5.135,1.0,0.0198,0.0,0.11,0.159,87.142
rap,0.83,0.564,-7.822,1.0,0.177,0.0,0.128,0.107,85.042
rap,0.479,0.549,-10.551,0.0,0.57,0.0235,0.127,0.576,180.985
rap,0.772,0.724,-5.799,0.0,0.0149,0.0,0.355,0.518,84.038
rap,0.889,0.818,-4.639,1.0,0.47,0.0,0.179,0.782,96.063
rap,0.877,0.679,-4.969,0.0,0.0458,0.0,0.0987,0.624,144.93
rap,0.908,0.938,-5.682,1.0,0.0691,0.0,0.799,0.751,113.974
rap,0.86,0.749,-6.556,0.0,0.342,0.0,0.446,0.6,99.989
rap,0.497,0.489,-7.724,0.0,0.0576,9.91e-05,0.122,0.231,171.853
rap,0.83,0.625,-3.678,1.0,0.226,0.0,0.302,0.884,138.046
rap,0.667,0.703,-5.347,0.0,0.0276,0.0,0.268,0.518,85.476
rap,0.897,0.684,-4.776,1.0,0.123,0.0,0.361,0.409,138.975
rap,0.799,0.878,-2.282,1.0,0.0775,0.0,0.51,0.594,95.0
rap,0.934,0.459,-7.654,1.0,0.0516,0.0,0.222,0.697,103.04
rap,0.549,0.853,-4.293,1.0,0.0285,0.000296,0.618,0.346,94.695
rap,0.744,0.637,-7.297,0.0,0.249,0.0,0.0965,0.697,139.882
rap,0.596,0.815,-5.668,0.0,0.0111,0.0,0.174,0.459,165.015
rap,0.812,0.628,-6.164,0.0,0.0634,0.0,0.254,0.485,123.004
rap,0.508,0.528,-9.456,0.0,0.00553,0.0,0.291,0.0969,130.924
rap,0.549,0.804,-6.115,1.0,0.103,0.0,0.18,0.707,190.479
rap,0.565,0.491,-6.902,1.0,0.0049,0.0,0.137,0.337,175.694
rap,0.936,0.495,-6.062,1.0,0.0254,0.0,0.087,0.299,139.951
rap,0.51,0.931,-3.302,1.0,0.0738,0.0,0.5,0.53,201.936
rap,0.862,0.648,-7.401,0.0,0.0455,0.0,0.0332,0.637,98.012
rap,0.677,0.946,-2.887,1.0,0.185,3.56e-06,0.274,0.948,96.011
rap,0.804,0.443,-10.268,0.0,0.0312,0.0225,0.112,0.58,92.035
rap,0.516,0.755,-8.868,0.0,0.0258,0.0,0.329,0.633,99.764
rap,0.375,0.862,-3.363,0.0,0.071,0.0,0.211,0.478,159.841
rap,0.574,0.777,-6.478,1.0,0.00342,0.0,0.146,0.499,149.947
rap,0.689,0.586,-6.522,0.0,0.0643,0.0,0.12,0.49,160.037
rap,0.838,0.634,-7.018,1.0,0.101,0.13,0.143,0.526,163.0
rap,0.935,0.552,-9.373,0.0,0.111,0.0,0.0952,0.615,99.993
rap,0.7,0.538,-5.952,1.0,0.000204,0.0,0.105,0.189,136.518
rap,0.866,0.613,-6.385,1.0,0.0293,0.0,0.104,0.359,98.001
rap,0.981,0.338,-6.091,1.0,0.25,0.0,0.0845,0.606,116.985
rap,0.662,0.714,-5.68,0.0,0.312,0.0,0.179,0.464,147.997
rap,0.889,0.594,-6.593,0.0,0.563,0.0,0.175,0.758,119.984
rap,0.667,0.741,-4.099,1.0,0.0425,0.0,0.0761,0.422,149.908
rap,0.687,0.336,-10.748,1.0,0.0755,0.0,0.126,0.215,85.828
rap,0.842,0.715,-6.03,1.0,0.0265,0.0554,0.0831,0.428,126.021
rap,0.846,0.48,-8.618,0.0,0.269,0.0,0.0989,0.419,143.029
rap,0.607,0.599,-6.886,1.0,0.33,0.0,0.199,0.562,86.491
rap,0.656,0.542,-7.358,1.0,0.0484,0.0,0.126,0.551,166.111
rap,0.865,0.699,-6.062,0.0,0.0867,0.0,0.295,0.705,144.949
rap,0.816,0.841,-5.744,1.0,0.0395,1.4e-06,0.307,0.659,91.577
rap,0.896,0.615,-9.326,0.0,0.293,0.0,0.122,0.891,140.04
rap,0.52,0.538,-8.109,1.0,0.367,0.00187,0.119,0.177,141.894
rap,0.925,0.549,-6.572,1.0,0.396,0.000154,0.11,0.0904,100.014
rap,0.794,0.95,-8.78,1.0,0.124,7.71e-05,0.133,0.324,94.984
rap,0.503,0.858,-6.296,1.0,0.00757,0.00234,0.0803,0.419,133.615
rap,0.628,0.618,-8.4,0.0,0.0113,0.0,0.109,0.362,110.007
rap,0.826,0.635,-5.181,0.0,0.102,0.0,0.245,0.808,119.954
rap,0.919,0.506,-7.14,1.0,0.132,0.0,0.0771,0.273,97.465
rap,0.737,0.548,-7.003,0.0,0.0127,9.76e-06,0.176,0.156,160.058
rap,0.9,0.619,-6.518,0.0,0.203,0.00156,0.0647,0.864,94.121
rap,0.958,0.566,-7.14,0.0,0.116,0.0,0.102,0.583,118.001
rap,0.824,0.411,-7.903,1.0,0.0324,0.0,0.199,0.421,142.056
rap,0.841,0.732,-5.186,0.0,0.0115,2.18e-05,0.136,0.576,149.012
rap,0.886,0.525,-7.39,1.0,0.236,0.0,0.057,0.708,145.99
rap,0.8,0.723,-9.719,1.0,0.00228,0.0,0.26,0.651,111.593
rap,0.934,0.495,-7.483,0.0,0.0544,0.0,0.0934,0.836,101.781
rap,0.844,0.846,-5.167,1.0,0.00487,0.0,0.0784,0.91,144.079
rap,0.732,0.572,-6.157,1.0,0.00117,0.0,0.378,0.239,128.05
rap,0.886,0.512,-11.825,0.0,0.207,0.0,0.0991,0.454,93.997
rap,0.358,0.889,-8.045,1.0,0.266,1.46e-05,0.172,0.666,85.61
rap,0.974,0.381,-12.03,1.0,0.0318,0.0,0.08,0.783,127.028
rap,0.868,0.638,-7.746,1.0,0.146,0.0565,0.0931,0.459,126.03
rap,0.815,0.45,-11.048,0.0,0.0312,2.85e-06,0.131,0.221,97.992
rap,0.776,0.736,-6.308,1.0,0.0101,0.0,0.18,0.536,159.838
rap,0.57,0.58,-5.547,1.0,0.0124,0.0,0.0498,0.404,171.812
rap,0.636,0.61,-9.665,1.0,0.25,0.000121,0.113,0.296,125.227
rap,0.732,0.69,-4.992,0.0,0.291,0.0,0.116,0.758,143.072
rap,0.901,0.359,-8.198,0.0,0.00956,0.0,0.0752,0.219,149.019
rap,0.897,0.662,-6.903,0.0,0.0852,0.0,0.534,0.389,112.511
rap,0.751,0.421,-10.158,0.0,0.132,0.0291,0.105,0.416,75.497
rap,0.627,0.621,-5.962,1.0,0.593,0.0,0.11,0.884,78.492
rap,0.735,0.749,-3.103,0.0,0.0824,0.0,0.239,0.4,83.921
rap,0.579,0.818,-7.635,0.0,0.241,0.0,0.775,0.753,173.832
rap,0.765,0.542,-6.755,1.0,0.278,1.87e-05,0.609,0.734,171.945
rap,0.581,0.662,-5.239,1.0,0.0153,0.0,0.111,0.434,93.023
rap,0.843,0.806,-5.946,0.0,0.143,0.0,0.0771,0.613,94.948
rap,0.879,0.564,-7.682,0.0,0.0474,9.43e-06,0.0519,0.523,93.908
rap,0.697,0.761,-7.647,0.0,0.157,0.0,0.789,0.666,81.728
rap,0.744,0.637,-5.133,0.0,0.025,0.0,0.333,0.567,143.031
rap,0.569,0.86,-4.116,1.0,0.135,0.0,0.153,0.289,90.937
rap,0.654,0.792,-6.116,1.0,0.192,0.0,0.708,0.194,94.878
rap,0.941,0.727,-11.592,1.0,0.00472,0.000811,0.177,0.623,128.746
rap,0.759,0.454,-6.594,1.0,0.192,5.69e-06,0.0853,0.0551,140.04
rap,0.817,0.817,-4.911,0.0,0.098,1.61e-06,0.0798,0.854,90.194
rap,0.841,0.835,-6.191,0.0,0.263,0.0,0.108,0.702,133.024
rap,0.663,0.7,-7.819,0.0,0.00782,1.09e-05,0.137,0.484,83.951
rap,0.675,0.68,-5.01,0.0,0.0655,0.0,0.354,0.845,155.698
rap,0.853,0.514,-5.445,0.0,0.000909,0.0222,0.185,0.679,129.963
rap,0.878,0.441,-8.864,0.0,0.103,0.0,0.102,0.374,115.051
rap,0.831,0.427,-6.903,1.0,0.0531,0.0,0.307,0.216,93.004
rap,0.727,0.913,-5.571,0.0,0.283,0.0,0.527,0.618,90.985
rap,0.673,0.892,-7.175,0.0,0.19,0.0,0.228,0.293,87.5
rap,0.737,0.597,-7.333,1.0,0.292,0.0,0.13,0.449,92.049
rap,0.894,0.294,-18.664,1.0,0.000145,0.00453,0.0695,0.856,154.929
rap,0.904,0.723,-5.224,0.0,0.0631,0.0,0.185,0.835,145.013
rap,0.62,0.574,-7.788,0.0,0.569,0.0,0.19,0.357,100.023
rap,0.721,0.707,-6.364,1.0,0.181,3.68e-06,0.143,0.743,125.005
rap,0.736,0.535,-8.564,1.0,0.31,1.13e-06,0.107,0.376,110.014
rap,0.896,0.586,-6.687,0.0,0.104,0.0,0.79,0.642,116.971
rap,0.543,0.449,-8.065,1.0,0.345,0.0,0.157,0.29,132.609
rap,0.814,0.532,-8.415,0.0,0.0935,0.0,0.0715,0.504,151.965
rap,0.786,0.82,-5.093,0.0,0.222,0.0,0.575,0.49,119.982
rap,0.717,0.597,-7.83,1.0,0.292,0.0,0.128,0.566,95.018
rap,0.744,0.697,-14.753,1.0,0.039,0.0,0.171,0.683,119.955
rap,0.755,0.599,-5.042,1.0,0.147,0.0,0.109,0.755,133.123
rap,0.914,0.607,-5.658,1.0,0.0626,0.0,0.0515,0.666,98.054
rap,0.793,0.366,-10.051,1.0,0.0214,0.0,0.0964,0.278,122.991
rap,0.926,0.776,-5.612,0.0,0.00283,0.0,0.0893,0.926,143.036
rap,0.888,0.822,-6.843,0.0,0.0025,0.0197,0.303,0.233,102.753
rap,0.682,0.647,-7.332,1.0,0.000693,5.97e-06,0.0693,0.529,181.86
rap,0.771,0.761,-5.002,1.0,0.0235,0.00107,0.528,0.392,111.077
rap,0.507,0.612,-5.196,0.0,0.0906,0.0,0.102,0.209,125.739
rap,0.66,0.707,-5.758,1.0,0.397,0.0,0.211,0.761,89.279
rap,0.712,0.895,-4.212,0.0,0.181,1.8e-05,0.108,0.727,96.338
rap,0.793,0.5,-8.331,0.0,0.0623,0.0,0.0983,0.496,151.888
rap,0.867,0.646,-4.674,0.0,0.303,0.0,0.279,0.67,88.634
rap,0.59,0.498,-6.845,1.0,0.162,0.0,0.0947,0.504,80.022
rap,0.849,0.499,-7.872,1.0,0.117,4.97e-05,0.268,0.504,92.982
rap,0.822,0.673,-6.141,0.0,0.144,0.0,0.323,0.85,120.02
rap,0.816,0.775,-3.323,1.0,0.16,0.00031,0.0543,0.527,93.431
rap,0.744,0.368,-6.349,1.0,0.0702,0.0,0.192,0.391,84.018
rap,0.572,0.822,-6.015,0.0,0.207,0.0,0.359,0.472,94.812
rap,0.781,0.807,-5.574,1.0,0.0524,0.0,0.122,0.605,90.008
rap,0.664,0.61,-6.432,0.0,0.145,0.0,0.097,0.472,76.024
rap,0.773,0.75,-4.009,0.0,0.109,0.0,0.174,0.783,123.426
rap,0.654,0.792,-2.018,0.0,0.0978,0.0,0.731,0.172,94.132
rap,0.818,0.633,-5.598,1.0,0.0192,1.47e-05,0.0444,0.803,150.0
rap,0.42,0.701,-7.582,0.0,0.832,0.0,0.103,0.671,79.716
rap,0.679,0.885,-4.156,0.0,0.0844,0.0,0.334,0.654,96.643
rap,0.884,0.698,-9.101,1.0,0.0405,0.0,0.195,0.575,140.068
rap,0.908,0.557,-4.243,0.0,0.242,0.0,0.0709,0.897,90.032
rap,0.875,0.63,-6.015,0.0,0.24,0.00011,0.0742,0.733,91.043
rap,0.84,0.56,-10.53,0.0,0.00195,0.00417,0.633,0.775,111.815
rap,0.742,0.844,-4.622,1.0,0.000634,0.0,0.0659,0.416,131.986
rap,0.814,0.568,-7.482,1.0,0.0256,0.0,0.575,0.56,97.977
rap,0.587,0.561,-6.569,1.0,0.0466,0.0,0.109,0.351,80.009
rap,0.786,0.9,-0.839,1.0,0.0262,0.0235,0.306,0.627,91.984
rap,0.792,0.657,-4.245,1.0,0.205,4.1e-06,0.196,0.228,169.969
rap,0.942,0.773,-4.855,1.0,0.0378,0.0,0.0736,0.648,125.075
rap,0.512,0.887,-4.245,1.0,0.0166,0.0,0.0764,0.649,78.752
rap,0.943,0.685,-11.903,1.0,0.000507,8.56e-06,0.0604,0.813,125.515
rap,0.496,0.689,-8.624,1.0,0.0349,0.0,0.109,0.539,65.647
rap,0.897,0.767,-4.544,1.0,0.0679,0.000364,0.129,0.675,134.913
rap,0.457,0.621,-5.923,1.0,0.218,0.0,0.0944,0.634,85.359
rap,0.932,0.444,-10.022,0.0,0.483,0.0,0.354,0.428,101.011
rap,0.881,0.557,-8.194,0.0,0.0468,0.0,0.0818,0.914,100.021
rap,0.704,0.537,-8.565,1.0,0.223,0.0,0.122,0.7,77.444
rap,0.817,0.552,-10.8,0.0,0.0318,7.01e-06,0.826,0.808,102.011
rap,0.951,0.484,-10.591,1.0,0.189,0.0,0.0766,0.383,124.04
rap,0.722,0.687,-5.189,1.0,0.00949,0.00413,0.0462,0.619,128.013
rap,0.861,0.722,-7.151,1.0,0.0447,0.0,0.146,0.113,85.992
rap,0.816,0.471,-13.244,0.0,0.112,0.0,0.117,0.742,95.248
rap,0.809,0.613,-8.402,1.0,0.0685,0.0,0.107,0.562,104.991
rap,0.595,0.657,-6.498,0.0,0.462,0.000597,0.437,0.718,156.093
rap,0.719,0.855,-5.977,0.0,0.384,0.0,0.0696,0.504,132.83
rap,0.755,0.459,-12.84,0.0,0.115,0.0,0.0851,0.597,98.454
rap,0.849,0.61,-10.822,1.0,0.0204,4.76e-06,0.0454,0.566,99.01
rap,0.696,0.454,-6.756,0.0,0.123,0.0,0.155,0.136,92.928
rap,0.769,0.719,-5.472,1.0,0.0143,0.00777,0.359,0.863,121.955
rap,0.524,0.674,-7.038,0.0,0.00654,9.3e-05,0.221,0.128,102.901
rap,0.669,0.768,-9.089,1.0,0.00215,8.93e-06,0.177,0.943,185.884
rap,0.512,0.598,-4.959,0.0,0.611,0.0,0.0881,0.345,70.189
rap,0.753,0.594,-9.486,0.0,0.0711,0.0,0.391,0.562,112.568
rap,0.917,0.491,-8.14,0.0,0.292,1.91e-06,0.106,0.375,112.027
rap,0.769,0.675,-13.326,1.0,0.000722,0.000149,0.0904,0.803,101.884
rock,0.682,0.954,-4.951,1.0,0.00712,4.04e-05,0.052,0.928,115.475
rock,0.253,0.646,-9.326,1.0,9.77e-05,0.0,0.0856,0.178,91.926
rock,0.512,0.833,-8.697,0.0,0.557,2.98e-05,0.31,0.519,101.188
rock,0.404,0.72,-9.18,0.0,5.59e-05,0.836,0.0466,0.475,121.864
rock,0.317,0.498,-9.137,0.0,0.0515,0.306,0.121,0.141,84.563
rock,0.428,0.292,-15.157,0.0,0.859,0.00105,0.191,0.508,159.757
rock,0.388,0.368,-10.984,1.0,0.319,2.02e-06,0.0992,0.175,128.527
rock,0.534,0.969,-3.937,1.0,0.000828,0.014,0.227,0.366,110.958
rock,0.777,0.948,-3.648,1.0,0.127,5.36e-06,0.0708,0.973,142.359
rock,0.492,0.59,-4.032,0.0,0.00109,0.0023,0.271,0.179,117.637
rock,0.736,0.695,-3.87,1.0,0.0209,0.0,0.0517,0.784,109.976
rock,0.516,0.172,-12.172,1.0,0.767,0.0,0.113,0.152,78.018
rock,0.542,0.732,-5.956,1.0,0.00209,7.92e-05,0.496,0.489,124.912
rock,0.756,0.773,-6.65,0.0,0.0848,0.0026,0.0792,0.954,98.384
rock,0.506,0.378,-11.641,0.0,0.726,0.00514,0.0956,0.297,134.99
rock,0.608,0.768,-9.911,1.0,0.101,1.41e-06,0.0942,0.748,132.699
rock,0.655,0.819,-4.852,1.0,0.000176,0.00374,0.104,0.766,117.956
rock,0.683,0.796,-4.179,1.0,0.112,0.0,0.197,0.533,90.031
rock,0.269,0.853,-4.647,0.0,0.000249,0.000246,0.118,0.179,141.581
rock,0.216,0.876,-8.189,0.0,0.00233,0.781,0.118,0.477,159.597
rock,0.758,0.831,-5.157,1.0,0.0854,1.44e-05,0.101,0.958,118.758
rock,0.246,0.768,-7.48,1.0,0.000631,0.301,0.102,0.35,169.873
rock,0.28,0.908,-5.509,0.0,0.0327,8.85e-06,0.18,0.26,118.698
rock,0.638,0.867,-6.469,1.0,0.144,0.000733,0.0846,0.805,115.692
rock,0.546,0.901,-6.729,1.0,0.0422,4.48e-05,0.292,0.459,90.591
rock,0.536,0.764,-5.174,0.0,0.0302,1.06e-05,0.104,0.294,147.585
rock,0.598,0.564,-6.454,1.0,0.216,0.000204,0.277,0.43,147.619
rock,0.699,0.579,-6.504,1.0,0.267,0.00602,0.452,0.128,109.948
rock,0.596,0.448,-9.616,1.0,0.365,5.3e-06,0.206,0.796,83.293
rock,0.428,0.732,-4.898,0.0,2.05e-05,0.00107,0.0976,0.221,111.934
rock,0.431,0.938,-4.507,0.0,0.00805,0.0,0.138,0.523,157.462
rock,0.787,0.785,-6.768,0.0,0.144,0.0,0.0596,0.734,97.021
rock,0.365,0.924,-7.066,1.0,0.0144,0.000254,0.423,0.632,135.811
rock,0.733,0.71,-5.849,0.0,0.145,0.115,0.0956,0.965,127.975
rock,0.372,0.426,-8.421,1.0,0.687,0.00784,0.109,0.287,123.993
rock,0.68,0.64,-6.691,0.0,0.29,0.00593,0.124,0.738,105.981
rock,0.397,0.684,-10.014,1.0,0.0486,0.0075,0.11,0.87,63.047
rock,0.733,0.756,-8.05,1.0,0.438,3.22e-05,0.335,0.923,124.09
rock,0.409,0.99,-2.084,1.0,0.02,0.0,0.513,0.962,172.715
rock,0.663,0.697,-9.442,1.0,0.156,0.0224,0.0663,0.744,166.001
rock,0.329,0.866,-4.328,1.0,0.0724,0.0,0.0869,0.257,184.793
rock,0.553,0.362,-11.218,0.0,0.0458,6.01e-06,0.075,0.158,142.352
rock,0.706,0.525,-8.879,0.0,0.682,9.34e-05,0.175,0.73,89.945
rock,0.711,0.788,-14.705,1.0,0.0117,2.05e-06,0.311,0.757,103.172
rock,0.669,0.633,-11.903,0.0,0.0137,0.0178,0.0979,0.862,90.626
rock,0.494,0.862,-9.158,0.0,0.012,0.213,0.228,0.59,112.596
rock,0.571,0.836,-5.556,1.0,0.194,4.09e-06,0.182,0.73,141.612
rock,0.759,0.605,-7.737,1.0,0.156,0.0,0.694,0.64,121.049
rock,0.502,0.912,-4.556,1.0,2.55e-05,0.000173,0.106,0.72,116.761
rock,0.377,0.938,-4.9,1.0,5.18e-05,0.58,0.0705,0.385,120.514
rock,0.692,0.711,-7.498,0.0,0.225,0.0,0.12,0.875,125.135
rock,0.603,0.814,-11.51,1.0,0.0462,0.0265,0.0509,0.486,92.24
rock,0.574,0.833,-6.239,0.0,0.0611,0.0,0.105,0.574,86.008
rock,0.646,0.607,-7.671,0.0,0.0127,2.32e-05,0.32,0.536,123.033
rock,0.32,0.88,-6.035,1.0,0.000101,4.31e-06,0.076,0.257,146.349
rock,0.516,0.818,-6.076,1.0,0.00701,0.0,0.337,0.769,121.907
rock,0.353,0.362,-13.502,1.0,0.0894,3.38e-05,0.114,0.267,141.285
rock,0.528,0.904,-5.854,1.0,0.000833,0.0,0.174,0.678,122.372
rock,0.32,0.798,-7.078,0.0,0.00033,0.692,0.176,0.74,84.696
rock,0.398,0.547,-6.846,1.0,0.414,0.00143,0.146,0.305,73.396
rock,0.412,0.944,-2.896,1.0,0.0724,0.000493,0.801,0.79,123.091
rock,0.521,0.365,-10.914,1.0,0.626,0.012,0.185,0.324,143.789
rock,0.286,0.907,-9.67,1.0,0.000277,0.202,0.0837,0.746,156.395
rock,0.381,0.961,-3.614,1.0,0.000949,0.000294,0.0531,0.787,156.062
rock,0.618,0.748,-8.905,1.0,0.0384,4.1e-06,0.0473,0.663,134.114
rock,0.535,0.979,-3.593,1.0,0.000666,0.0,0.084,0.432,103.996
rock,0.498,0.72,-10.533,0.0,0.14,0.000252,0.38,0.576,121.892
rock,0.568,0.844,-5.875,1.0,0.000189,0.0,0.0607,0.766,116.046
rock,0.671,0.712,-7.815,1.0,0.429,0.0,0.103,0.462,113.805
rock,0.762,0.391,-11.735,1.0,0.867,0.000521,0.112,0.355,137.956
rock,0.235,0.977,0.878,1.0,0.00353,0.00604,0.172,0.241,152.952
rock,0.454,0.91,-7.766,1.0,0.0866,0.0996,0.116,0.629,125.116
rock,0.518,0.744,-8.248,1.0,0.00383,0.007,0.078,0.211,144.019
rock,0.759,0.451,-9.136,1.0,0.611,0.0,0.263,0.679,112.099
rock,0.425,0.681,-8.604,0.0,0.0229,0.000219,0.0543,0.933,131.011
rock,0.282,0.843,-6.002,0.0,0.000839,3.02e-05,0.0699,0.418,175.798
rock,0.612,0.822,-6.418,1.0,0.000719,0.00019,0.14,0.686,128.018
rock,0.639,0.805,-5.961,0.0,0.0383,0.00244,0.312,0.507,103.451
rock,0.412,0.919,-7.291,1.0,0.0124,0.0601,0.424,0.572,166.367
rock,0.708,0.828,-5.286,1.0,0.413,0.000104,0.12,0.505,91.977
rock,0.505,0.476,-12.897,1.0,0.25,0.00915,0.113,0.542,99.31
rock,0.509,0.922,-2.823,0.0,0.0219,0.00117,0.496,0.645,92.5
rock,0.544,0.848,-6.804,0.0,0.00395,5.22e-05,0.134,0.489,99.039
rock,0.588,0.925,-5.584,1.0,0.0897,4.89e-06,0.0881,0.759,99.83
rock,0.429,0.631,-11.514,0.0,7.85e-05,0.00411,0.175,0.376,162.734
rock,0.629,0.755,-4.703,0.0,0.0799,0.0,0.141,0.78,110.016
rock,0.483,0.77,-4.829,0.0,0.007,0.0,0.182,0.386,132.992
rock,0.514,0.781,-6.703,1.0,0.248,0.0,0.731,0.717,90.522
rock,0.64,0.957,-2.336,1.0,0.0432,0.0,0.0789,0.691,134.99
rock,0.53,0.516,-12.378,1.0,0.41,0.00182,0.0532,0.738,103.922
rock,0.272,0.876,-7.135,0.0,4.18e-05,0.0191,0.146,0.585,102.718
rock,0.525,0.94,-3.546,1.0,0.0283,0.0,0.236,0.636,140.093
rock,0.332,0.623,-12.363,1.0,0.222,0.000895,0.278,0.413,183.097
rock,0.449,0.89,-9.5,1.0,0.0521,7.82e-05,0.112,0.696,156.978
rock,0.789,0.692,-4.733,1.0,0.0326,0.00548,0.157,0.705,103.975
rock,0.674,0.867,-4.329,1.0,0.00199,0.0,0.206,0.821,88.04
rock,0.815,0.438,-14.522,0.0,0.216,0.000466,0.0787,0.552,108.965
rock,0.826,0.436,-9.583,1.0,0.441,0.615,0.0964,0.272,119.051
rock,0.33,0.905,-5.047,1.0,0.000233,8.14e-06,0.0712,0.259,163.142
rock,0.534,0.614,-6.69,1.0,0.557,0.0,0.199,0.238,147.739
rock,0.451,0.939,-2.82,0.0,0.00673,4.85e-06,0.0774,0.448,93.416
rock,0.492,0.779,-5.022,1.0,0.0292,0.0,0.129,0.445,104.966
rock,0.443,0.403,-8.339,1.0,0.631,0.0,0.111,0.41,143.462
rock,0.309,0.649,-8.994,1.0,0.0158,0.00591,0.367,0.312,166.915
rock,0.62,0.788,-8.646,1.0,0.018,0.0,0.369,0.856,137.129
rock,0.332,0.588,-7.301,0.0,0.019,0.0,0.326,0.25,146.595
rock,0.542,0.91,-8.924,1.0,0.00228,0.00524,0.0686,0.775,101.774
rock,0.815,0.66,-7.68,0.0,0.381,0.0,0.128,0.643,101.006
rock,0.518,0.829,-3.321,1.0,0.198,5.65e-06,0.125,0.148,125.992
rock,0.544,0.337,-9.846,1.0,0.357,6.34e-05,0.085,0.667,192.685
rock,0.332,0.179,-11.83,1.0,0.879,0.0,0.0886,0.315,96.529
rock,0.496,0.62,-7.458,0.0,0.00386,1.47e-06,0.114,0.279,140.06
rock,0.565,0.902,-7.579,0.0,0.0132,0.0,0.0561,0.544,133.11
rock,0.566,0.858,-3.632,1.0,0.000631,0.001,0.387,0.698,124.999
rock,0.588,0.847,-4.164,1.0,0.0601,0.0,0.307,0.662,120.041
rock,0.699,0.502,-12.526,1.0,0.0607,0.0337,0.317,0.676,105.267
rock,0.451,0.803,-4.932,1.0,0.208,0.0,0.0764,0.145,153.95
rock,0.634,0.551,-7.136,1.0,0.00737,1.82e-05,0.07,0.453,151.779
rock,0.392,0.791,-2.785,1.0,0.0113,1.43e-06,0.326,0.413,83.868
rock,0.306,0.647,-9.969,1.0,0.0768,0.0,0.366,0.321,148.087
rock,0.519,0.595,-5.001,1.0,0.00151,0.0,0.0762,0.237,129.786
rock,0.701,0.759,-6.747,1.0,0.0209,0.0,0.0902,0.929,115.586
rock,0.596,0.74,-6.127,1.0,0.341,2.05e-05,0.102,0.493,118.031
rock,0.785,0.479,-11.321,1.0,0.00604,2.52e-06,0.122,0.784,119.937
rock,0.723,0.617,-8.312,1.0,0.566,0.0,0.252,0.677,100.015
rock,0.295,0.754,-3.16,0.0,0.0465,0.0514,0.164,0.18,152.465
rock,0.365,0.851,-6.238,0.0,0.0964,0.003,0.237,0.309,78.086
rock,0.633,0.429,-6.784,0.0,0.0444,0.0,0.132,0.52,143.793
rock,0.589,0.82,-9.602,1.0,0.204,0.018,0.423,0.788,117.305
rock,0.575,0.568,-5.509,0.0,0.0484,0.000417,0.286,0.37,93.986
rock,0.569,0.335,-13.637,0.0,0.802,0.018,0.0834,0.388,127.587
rock,0.515,0.766,-12.768,1.0,0.0249,0.00103,0.455,0.774,146.911
rock,0.407,0.954,-3.753,1.0,0.000629,0.186,0.0545,0.454,171.988
rock,0.266,0.866,-7.885,1.0,5.44e-06,0.0185,0.0961,0.211,119.41
rock,0.545,0.836,-4.029,1.0,1.04e-05,0.000129,0.413,0.449,105.925
rock,0.647,0.71,-4.692,1.0,0.000973,0.703,0.0777,0.268,110.059
rock,0.568,0.808,-7.042,0.0,0.0327,1.08e-05,0.218,0.849,151.12
rock,0.339,0.625,-8.57,1.0,0.056,0.000101,0.229,0.334,104.679
rock,0.707,0.535,-19.793,0.0,0.113,0.00615,0.0884,0.641,103.644
rock,0.324,0.136,-10.33,1.0,0.931,0.00117,0.176,0.0831,97.256
rock,0.356,0.917,-6.006,1.0,0.0335,0.0,0.406,0.518,171.176
rock,0.492,0.639,-9.944,1.0,0.235,0.0,0.0738,0.792,115.519
rock,0.508,0.912,-8.049,0.0,7.06e-05,0.403,0.0492,0.682,117.582
rock,0.553,0.941,-6.786,0.0,0.0241,0.000684,0.325,0.634,121.265
rock,0.492,0.666,-9.743,0.0,0.231,5.69e-05,0.0469,0.699,140.829
rock,0.327,0.938,-3.237,1.0,0.0708,3.79e-06,0.148,0.326,162.937
rock,0.596,0.657,-8.784,0.0,0.235,0.0139,0.102,0.774,175.263
rock,0.4,0.267,-12.488,1.0,0.744,0.00734,0.103,0.0872,144.799
rock,0.544,0.905,-10.732,1.0,0.00165,1.97e-06,0.0532,0.825,103.594
rock,0.538,0.814,-7.06,1.0,0.03,2.48e-06,0.114,0.58,141.256
rock,0.631,0.924,-5.589,1.0,0.0841,3.59e-06,0.084,0.755,100.045
rock,0.516,0.744,-1.934,0.0,0.00232,2.86e-06,0.112,0.441,83.619
rock,0.587,0.758,-4.934,1.0,0.148,0.000381,0.368,0.598,138.129
rock,0.623,0.961,-2.616,0.0,0.102,0.000171,0.264,0.668,149.963
rock,0.366,0.894,-4.682,0.0,3.45e-05,0.17,0.267,0.304,82.305
rock,0.757,0.688,-4.546,1.0,0.226,0.0,0.237,0.704,155.994
rock,0.521,0.921,-2.744,1.0,0.42,0.0207,0.175,0.707,96.51
rock,0.338,0.847,-3.692,1.0,0.00881,0.00105,0.147,0.232,139.061
rock,0.648,0.525,-9.213,1.0,0.466,1.5e-06,0.165,0.724,98.131
rock,0.533,0.36,-12.633,1.0,0.0805,1.03e-05,0.0631,0.299,131.229
rock,0.574,0.469,-11.53,1.0,0.733,1.96e-06,0.856,0.435,111.378
rock,0.666,0.728,-5.808,1.0,0.00175,4.26e-06,0.0429,0.51,122.996
rock,0.743,0.743,-10.117,1.0,0.0511,0.233,0.0987,0.707,121.604
rock,0.433,0.959,-4.04,1.0,0.000917,0.0,0.028,0.365,172.984
rock,0.691,0.812,-7.772,1.0,0.0433,1.16e-06,0.299,0.685,127.568
rock,0.693,0.394,-15.882,1.0,0.0782,0.000694,0.247,0.721,104.114
rock,0.514,0.85,-3.534,1.0,0.00142,0.000297,0.0984,0.437,94.018
rock,0.544,0.291,-13.898,1.0,0.714,0.000288,0.0963,0.168,75.945
rock,0.173,0.609,-7.724,1.0,0.359,0.0,0.1,0.0988,197.819
rock,0.64,0.864,-6.576,1.0,0.00832,0.0,0.123,0.701,102.026
rock,0.654,0.81,-6.26,0.0,0.00719,0.00251,0.165,0.661,114.623
rock,0.611,0.853,-4.983,1.0,0.0219,0.0,0.671,0.376,135.558
rock,0.272,0.281,-8.131,1.0,0.618,0.0,0.111,0.152,138.856
rock,0.703,0.225,-11.366,0.0,0.731,4.59e-06,0.102,0.399,143.248
rock,0.65,0.306,-9.443,1.0,0.57,7.07e-06,0.0707,0.605,118.068
rock,0.575,0.912,-7.275,0.0,0.0916,0.00211,0.0562,0.843,117.399
rock,0.565,0.792,-4.983,0.0,0.0913,0.0,0.114,0.639,170.076
rock,0.634,0.63,-8.277,0.0,0.447,0.0374,0.169,0.489,118.642
rock,0.572,0.214,-15.625,1.0,0.649,0.129,0.125,0.485,95.542
rock,0.66,0.752,-5.839,1.0,0.251,0.00398,0.322,0.934,159.684
rock,0.457,0.768,-7.484,1.0,0.000357,0.0098,0.141,0.554,133.788
rock,0.544,0.925,-3.828,0.0,0.00327,0.000399,0.284,0.789,101.984
rock,0.477,0.859,-8.625,1.0,0.000333,0.000155,0.265,0.629,91.009
rock,0.556,0.808,-6.965,1.0,0.166,0.000167,0.164,0.844,115.287
rock,0.567,0.867,-11.541,1.0,0.00384,0.088,0.112,0.535,146.008
rock,0.544,0.739,-7.383,1.0,0.00392,0.000143,0.168,0.328,118.287
rock,0.417,0.682,-5.071,1.0,0.0267,0.000669,0.109,0.351,105.542
rock,0.673,0.902,-2.392,1.0,0.0591,0.000262,0.0558,0.538,100.012
rock,0.577,0.834,-3.337,1.0,0.0134,0.0,0.121,0.575,107.936
rock,0.6,0.869,-5.126,1.0,0.00345,0.441,0.311,0.56,117.064
rock,0.649,0.517,-7.428,0.0,0.0146,1.63e-06,0.145,0.35,119.997
rock,0.625,0.653,-5.967,1.0,0.124,0.0,0.346,0.605,110.972
rock,0.411,0.675,-6.251,0.0,0.063,0.0,0.092,0.545,130.134
rock,0.498,0.515,-11.985,0.0,0.0936,0.0,0.1,0.616,127.761
rock,0.445,0.529,-10.94,1.0,0.261,0.0162,0.184,0.749,79.296
rock,0.611,0.509,-9.382,1.0,0.69,2.64e-06,0.0855,0.425,90.168
rock,0.529,0.903,-4.396,0.0,3.31e-05,0.182,0.259,0.746,129.986
rock,0.602,0.905,-4.046,1.0,0.000202,0.064,0.117,0.411,128.019
rock,0.569,0.899,-3.757,1.0,0.0304,3.86e-06,0.424,0.625,126.054
rock,0.643,0.726,-9.314,1.0,0.000772,0.00969,0.07,0.925,100.687
rock,0.56,0.595,-4.53,1.0,0.199,6.47e-05,0.132,0.144,104.011
rock,0.584,0.521,-5.782,1.0,0.06,7.56e-05,0.22,0.317,160.058
rock,0.48,0.626,-8.406,1.0,0.266,5.7e-05,0.0857,0.542,75.63
rock,0.807,0.414,-8.903,1.0,0.105,2.57e-05,0.0813,0.502,108.944
rock,0.502,0.758,-9.76,1.0,0.00915,0.783,0.284,0.729,112.499
rock,0.445,0.768,-8.836,1.0,0.0127,2.58e-06,0.0925,0.32,112.796
rock,0.613,0.754,-6.051,0.0,0.00612,0.0,0.129,0.703,110.017
rock,0.228,0.872,-5.479,0.0,0.00672,0.0,0.242,0.278,91.724
rock,0.679,0.767,-5.367,1.0,0.00784,7.63e-05,0.193,0.764,97.07
rock,0.468,0.936,-3.683,1.0,0.00568,0.0,0.24,0.663,75.05
rock,0.303,0.976,-3.583,0.0,0.00266,0.135,0.0707,0.193,88.536
rock,0.249,0.943,-5.188,1.0,0.0286,0.00401,0.162,0.458,173.671
rock,0.472,0.671,-4.649,1.0,0.0129,0.0,0.159,0.0681,82.952
rock,0.389,0.84,-10.015,0.0,0.0393,0.00155,0.085,0.493,176.589
rock,0.637,0.929,-3.593,1.0,0.00167,2.62e-05,0.344,0.902,80.974
rock,0.601,0.859,-5.263,1.0,0.000359,0.00124,0.0871,0.446,125.145
rock,0.704,0.611,-6.112,1.0,0.217,0.0,0.0812,0.22,100.0
rock,0.398,0.952,-6.042,1.0,0.000373,7.75e-05,0.1,0.584,122.093
rock,0.451,0.929,-5.021,1.0,0.00109,0.00785,0.442,0.378,135.767
rock,0.705,0.712,-6.156,1.0,0.0102,0.000855,0.1,0.62,97.512
rock,0.448,0.35,-16.239,1.0,0.147,2.27e-06,0.0842,0.234,177.279
rock,0.643,0.849,-5.428,1.0,0.0371,0.0,0.058,0.903,162.152
rock,0.378,0.896,-4.066,1.0,0.000452,0.0,0.194,0.469,174.302
rock,0.553,0.738,-7.963,1.0,0.213,0.0,0.339,0.759,138.602
rock,0.366,0.94,-5.119,0.0,0.000769,9.42e-05,0.188,0.369,130.198
rock,0.548,0.328,-9.973,0.0,0.663,0.00365,0.0972,0.343,67.023
rock,0.435,0.589,-6.968,1.0,0.0129,0.0,0.101,0.0995,129.962
rock,0.594,0.565,-10.249,1.0,0.245,0.0,0.123,0.755,136.507
rock,0.535,0.596,-12.033,1.0,0.115,0.0183,0.0932,0.757,109.319
rock,0.552,0.823,-5.988,1.0,0.445,0.000129,0.366,0.775,114.514
rock,0.508,0.887,-12.377,0.0,0.0099,0.392,0.345,0.724,122.655
rock,0.652,0.833,-4.898,1.0,0.00191,0.000536,0.122,0.231,116.043
rock,0.509,0.843,-3.318,0.0,0.000671,0.000803,0.348,0.332,140.055
rock,0.514,0.704,-4.724,1.0,0.0508,0.00214,0.228,0.386,76.972
rock,0.541,0.977,-2.828,0.0,0.00321,5.13e-05,0.0796,0.263,134.938
rock,0.765,0.476,-13.487,1.0,0.0504,2.76e-06,0.165,0.965,114.02
rock,0.54,0.926,-6.205,1.0,0.0191,0.0,0.651,0.686,144.8
rock,0.567,0.159,-13.648,1.0,0.914,0.0,0.111,0.436,146.913
rock,0.561,0.845,-6.981,1.0,0.000648,0.823,0.347,0.605,122.731
rock,0.589,0.92,-5.716,1.0,0.0857,0.0,0.355,0.893,146.439
rock,0.681,0.664,-8.036,1.0,0.299,0.0,0.0772,0.729,118.33
rock,0.497,0.947,-8.802,1.0,8.21e-05,0.000693,0.118,0.588,90.371
rock,0.415,0.901,-3.124,1.0,0.00987,0.361,0.136,0.424,128.216
rock,0.668,0.902,-3.924,1.0,0.169,8.74e-05,0.198,0.913,119.008
rock,0.33,0.469,-9.286,0.0,0.31,2.3e-06,0.0402,0.433,201.327
rock,0.629,0.581,-11.856,1.0,0.513,2.06e-06,0.0755,0.359,97.074
rock,0.613,0.79,-4.737,0.0,0.000395,0.00103,0.337,0.457,125.984
rock,0.541,0.459,-10.433,0.0,0.189,0.0274,0.099,0.803,171.165
rock,0.604,0.411,-14.258,1.0,0.427,5.74e-05,0.602,0.675,126.637
rock,0.559,0.806,-2.461,1.0,0.0251,0.0,0.0433,0.633,160.021
rock,0.724,0.498,-13.083,0.0,0.0405,8.56e-05,0.0761,0.823,88.825
rock,0.306,0.722,-5.963,1.0,0.0519,0.0,0.117,0.41,174.732
rock,0.302,0.854,-6.619,1.0,0.102,1.45e-06,0.0835,0.589,156.278
rock,0.708,0.491,-8.596,1.0,0.442,9.88e-06,0.0624,0.657,138.347
rock,0.541,0.571,-10.745,0.0,0.127,3.83e-06,0.275,0.666,117.067
rock,0.668,0.921,-3.727,1.0,0.0492,0.00517,0.0877,0.782,120.0
rock,0.442,0.379,-14.066,1.0,0.786,0.878,0.118,0.184,159.041
rock,0.543,0.423,-8.797,1.0,0.295,0.0862,0.152,0.355,150.132
rock,0.525,0.852,-9.519,1.0,0.731,5.11e-05,0.218,0.884,157.404
rock,0.529,0.932,-7.501,1.0,0.00251,0.00109,0.136,0.571,138.158
rock,0.327,0.985,-3.941,1.0,0.00177,0.108,0.351,0.218,125.232
rock,0.684,0.481,-12.59,1.0,0.475,6.57e-05,0.118,0.784,115.078
rock,0.743,0.836,-6.465,1.0,0.0804,0.0,0.384,0.82,113.375
rock,0.517,0.502,-15.014,1.0,0.58,0.00157,0.352,0.727,88.762
rock,0.56,0.394,-9.129,1.0,0.365,0.0,0.213,0.382,122.878
rock,0.411,0.767,-4.211,1.0,0.000621,0.00842,0.134,0.659,134.408
rock,0.541,0.662,-7.196,1.0,0.175,0.0,0.0803,0.742,144.046
rock,0.526,0.978,-5.436,1.0,0.00122,4.75e-05,0.0744,0.451,141.167
rock,0.434,0.327,-10.72,1.0,0.609,1.78e-06,0.686,0.295,119.506
rock,0.374,0.728,-4.76,1.0,0.718,0.0,0.114,0.677,125.17
rock,0.361,0.728,-8.519,1.0,0.000291,0.000112,0.0701,0.155,105.768
rock,0.775,0.55,-3.765,1.0,0.183,0.0,0.0434,0.72,109.952
rock,0.455,0.29,-11.473,1.0,0.0614,0.00225,0.101,0.169,88.523
rock,0.66,0.816,-6.61,1.0,0.168,0.0181,0.0608,0.678,111.346
rock,0.563,0.383,-7.544,0.0,0.283,2.59e-06,0.127,0.358,173.98
rock,0.236,0.269,-9.61,0.0,0.573,0.000274,0.101,0.0681,81.254
rock,0.776,0.609,-6.146,1.0,0.481,0.0,0.0508,0.612,96.04
rock,0.532,0.964,-2.559,0.0,0.0477,0.0,0.359,0.804,122.778
rock,0.55,0.722,-11.729,0.0,0.25,0.0129,0.11,0.716,103.886
rock,0.38,0.0993,-20.567,1.0,0.914,2.32e-05,0.0605,0.44,174.874
rock,0.367,0.896,-4.002,1.0,0.000627,0.0,0.207,0.38,170.863
rock,0.516,0.549,-13.741,1.0,0.501,0.00572,0.184,0.907,176.941
rock,0.539,0.883,-6.614,0.0,0.00451,1.38e-06,0.0606,0.405,118.058
rock,0.608,0.524,-10.266,1.0,0.367,0.00254,0.115,0.797,86.204
rock,0.377,0.681,-8.039,1.0,0.00088,0.0023,0.0504,0.285,108.789
rock,0.5,0.908,-4.303,1.0,0.0166,0.0,0.128,0.744,138.834
rock,0.68,0.697,-7.01,1.0,0.121,0.0,0.661,0.684,116.033
rock,0.395,0.472,-6.5,0.0,0.312,0.0,0.0687,0.188,123.223
rock,0.512,0.483,-7.798,1.0,0.00304,0.0011,0.12,0.367,160.009
rock,0.55,0.824,-5.988,1.0,0.448,0.000127,0.366,0.777,114.512
rock,0.547,0.698,-7.686,1.0,0.218,0.000132,0.211,0.574,87.467
rock,0.403,0.59,-5.941,1.0,0.508,0.00548,0.272,0.393,141.649
rock,0.642,0.641,-12.444,1.0,0.154,1.23e-06,0.0475,0.85,120.316
rock,0.534,0.461,-6.603,0.0,0.468,6.43e-05,0.036,0.783,95.105
rock,0.365,0.767,-6.185,0.0,0.181,0.000856,0.0942,0.422,94.174
rock,0.653,0.677,-12.244,1.0,0.249,0.0,0.403,0.888,114.37
rock,0.569,0.963,-3.069,1.0,0.000787,0.0256,0.22,0.82,76.995
rock,0.474,0.508,-6.845,0.0,0.316,0.0,0.166,0.358,77.31
rock,0.619,0.855,-4.164,1.0,0.000247,0.00292,0.0318,0.935,127.671
rock,0.743,0.621,-10.742,1.0,0.465,0.0,0.108,0.865,90.384
rock,0.345,0.531,-12.708,1.0,0.00642,7.28e-06,0.14,0.49,176.302
rock,0.593,0.851,-5.456,1.0,0.0683,0.0,0.271,0.344,119.987
rock,0.806,0.462,-12.778,1.0,0.78,0.0134,0.15,0.736,92.726
rock,0.577,0.808,-7.04,0.0,0.0338,1.33e-05,0.221,0.869,151.008
rock,0.421,0.335,-11.384,1.0,0.0342,0.00236,0.0944,0.0889,114.227
rock,0.361,0.871,-4.313,1.0,0.0119,0.0,0.318,0.575,176.026
rock,0.526,0.866,-5.822,1.0,0.00287,7.78e-05,0.0945,0.248,140.266
rock,0.464,0.701,-5.693,0.0,0.00892,0.309,0.335,0.356,83.996
rock,0.399,0.467,-11.763,1.0,0.303,0.0186,0.124,0.525,75.601
rock,0.659,0.741,-4.354,0.0,0.072,0.0,0.166,0.454,122.013
rock,0.652,0.766,-6.481,1.0,0.000761,6.34e-06,0.0739,0.641,110.011
rock,0.625,0.533,-11.903,0.0,0.659,0.00266,0.0546,0.139,108.296
rock,0.499,0.934,-3.661,0.0,0.0468,3.13e-06,0.703,0.357,110.044
rock,0.347,0.942,-5.517,1.0,0.00196,0.0,0.338,0.66,200.025
rock,0.662,0.569,-12.468,0.0,0.0254,0.103,0.0247,0.97,152.943
rock,0.496,0.858,-7.927,0.0,0.0133,0.0675,0.349,0.773,159.69
rock,0.479,0.938,-3.058,1.0,7.54e-05,0.000153,0.117,0.431,140.056
rock,0.838,0.757,-5.399,1.0,0.059,0.0119,0.0271,0.602,124.65
rock,0.655,0.104,-21.089,1.0,0.891,0.0011,0.105,0.506,99.986
rock,0.505,0.483,-9.272,1.0,0.542,0.0,0.222,0.484,125.839
rock,0.463,0.755,-7.244,1.0,0.11,4.89e-06,0.103,0.252,145.312
rock,0.519,0.833,-6.947,0.0,0.00572,4.33e-06,0.104,0.532,138.225
rock,0.572,0.913,-4.26,1.0,0.0753,1.5e-05,0.128,0.561,103.265
rock,0.654,0.53,-7.409,1.0,0.000113,0.0197,0.0534,0.584,119.284
rock,0.587,0.99,-4.496,1.0,0.0172,0.000668,0.104,0.486,127.992
rock,0.668,0.522,-7.42,1.0,0.696,0.0,0.609,0.718,107.979
rock,0.551,0.86,-7.839,1.0,0.262,4.57e-06,0.0558,0.723,136.921
rock,0.562,0.742,-6.355,1.0,0.0369,1.47e-06,0.102,0.793,165.6
rock,0.398,0.546,-5.548,1.0,0.365,0.00012,0.125,0.353,132.985
rock,0.75,0.62,-8.72,1.0,0.0932,0.0135,0.0612,0.93,103.538
rock,0.519,0.441,-14.178,1.0,0.0204,0.000453,0.076,0.25,81.334
rock,0.292,0.823,-6.763,1.0,0.0117,7.79e-05,0.155,0.244,89.939
rock,0.64,0.644,-10.273,1.0,0.273,0.0,0.0449,0.722,99.197
rock,0.677,0.743,-5.876,1.0,0.0135,0.00222,0.0581,0.469,127.971
rock,0.572,0.155,-14.405,1.0,0.835,0.000137,0.0906,0.0949,109.923
rock,0.497,0.501,-10.253,1.0,0.0331,0.00231,0.317,0.555,130.577
rock,0.463,0.857,-3.063,1.0,0.0506,0.0,0.184,0.856,111.647
rock,0.657,0.658,-8.187,1.0,0.0882,0.000131,0.136,0.827,116.817
rock,0.455,0.487,-7.112,1.0,0.114,2.43e-06,0.358,0.139,136.482
rock,0.295,0.832,-6.789,0.0,0.00393,0.0722,0.102,0.615,140.979
rock,0.277,0.663,-8.821,0.0,0.000409,0.00051,0.136,0.527,104.561
rock,0.671,0.673,-6.941,0.0,0.15,5.16e-05,0.304,0.493,121.96
rock,0.184,0.841,-4.723,1.0,0.000811,4.47e-05,0.0422,0.349,88.224
rock,0.375,0.599,-12.022,1.0,0.0922,0.0,0.2,0.62,126.822
rock,0.673,0.581,-10.205,1.0,0.223,0.000206,0.063,0.818,130.771
rock,0.231,0.158,-11.508,1.0,0.745,0.0,0.123,0.204,106.031
rock,0.751,0.703,-5.687,1.0,0.368,0.00123,0.196,0.907,97.931
rock,0.497,0.983,-5.19,0.0,8.3e-05,0.0145,0.119,0.0693,121.397
rock,0.261,0.947,-3.031,1.0,0.000193,0.00326,0.31,0.552,185.942
rock,0.537,0.701,-8.913,0.0,0.0972,0.0,0.0832,0.583,120.919
rock,0.576,0.738,-8.122,1.0,0.000387,0.00131,0.13,0.675,168.132
rock,0.363,0.787,-5.071,1.0,0.00176,0.00445,0.531,0.202,175.919
rock,0.766,0.83,-3.335,1.0,0.0146,0.0,0.035,0.756,121.948
rock,0.557,0.788,-3.561,0.0,0.0017,0.000724,0.0877,0.633,132.742
rock,0.591,0.309,-11.087,0.0,0.704,0.0122,0.102,0.257,71.573
rock,0.682,0.683,-6.444,0.0,0.156,2.32e-05,0.273,0.64,120.023
rock,0.733,0.477,-6.737,0.0,0.302,2.97e-06,0.0579,0.545,62.507
rock,0.359,0.521,-10.338,0.0,0.00549,0.407,0.658,0.325,95.965
rock,0.542,0.818,-4.653,0.0,0.000558,0.0141,0.126,0.29,132.048
rock,0.51,0.816,-7.127,1.0,0.0148,0.0574,0.115,0.618,110.124
rock,0.498,0.654,-10.398,0.0,0.00829,0.00595,0.417,0.608,135.805
rock,0.7,0.467,-8.578,0.0,0.685,0.0,0.315,0.763,119.287
rock,0.564,0.714,-4.987,1.0,0.0549,0.0,0.155,0.33,175.924
rock,0.674,0.58,-8.081,1.0,0.311,2.41e-05,0.198,0.305,128.003
rock,0.636,0.676,-3.442,1.0,0.0807,0.0,0.0831,0.273,113.98
rock,0.333,0.927,-8.55,0.0,0.0029,0.000208,0.297,0.385,141.466
rock,0.75,0.608,-4.008,1.0,0.00165,0.0,0.178,0.958,132.507
rock,0.673,0.716,-4.982,0.0,0.088,0.00256,0.209,0.727,97.925
rock,0.567,0.863,-5.158,0.0,0.00462,4.77e-05,0.207,0.722,106.03
rock,0.282,0.648,-7.604,0.0,0.012,0.401,0.216,0.117,91.536
rock,0.797,0.872,-6.727,0.0,0.291,0.0,0.284,0.866,129.885
rock,0.568,0.829,-7.066,1.0,0.218,0.00418,0.0976,0.79,124.201
rock,0.518,0.786,-5.739,1.0,0.448,2.5e-05,0.7,0.463,72.269
rock,0.439,0.422,-17.227,1.0,0.0148,4.84e-05,0.0697,0.551,81.833
rock,0.63,0.788,-6.7,1.0,0.00322,0.0237,0.0883,0.63,120.059
rock,0.728,0.878,-6.926,0.0,0.176,0.856,0.61,0.911,126.59
rock,0.526,0.365,-12.605,1.0,0.0775,1.37e-05,0.0618,0.254,131.251
rock,0.477,0.873,-4.946,1.0,0.00471,0.00589,0.0813,0.611,161.948
rock,0.429,0.63,-7.392,1.0,0.078,0.0,0.104,0.211,151.627
rock,0.441,0.694,-7.141,1.0,0.0039,5.44e-06,0.366,0.85,126.794
rock,0.549,0.294,-13.181,0.0,0.144,0.798,0.108,0.145,115.294
rock,0.541,0.572,-9.634,1.0,0.0266,0.186,0.0925,0.406,126.302
rock,0.376,0.586,-7.165,1.0,0.0131,0.00061,0.0641,0.171,149.734
rock,0.635,0.924,-4.856,1.0,0.153,2.63e-05,0.0827,0.666,94.008
rock,0.325,0.985,-3.941,1.0,0.00177,0.107,0.351,0.221,125.307
rock,0.791,0.535,-13.261,0.0,0.0749,1.96e-06,0.156,0.963,127.488
rock,0.409,0.92,-5.439,0.0,0.00719,0.00105,0.0823,0.37,145.085
rock,0.584,0.799,-6.094,1.0,0.0017,5.1e-06,0.0981,0.368,110.979
rock,0.688,0.874,-6.456,1.0,0.121,0.0,0.394,0.709,133.214
rock,0.617,0.335,-15.914,0.0,0.366,0.0,0.115,0.655,113.226
rock,0.288,0.62,-10.103,1.0,0.24,0.0,0.0882,0.617,94.445
rock,0.557,0.415,-14.008,0.0,0.159,0.0733,0.112,0.133,140.722
rock,0.435,0.987,-4.667,0.0,0.000195,0.0847,0.268,0.101,103.16
rock,0.475,0.322,-10.687,1.0,0.367,0.00056,0.11,0.387,93.503
rock,0.504,0.911,-2.97,1.0,0.00512,0.0123,0.355,0.671,106.244
rock,0.646,0.85,-5.466,1.0,0.363,4.01e-05,0.0994,0.819,96.538
rock,0.511,0.815,-3.14,1.0,0.0491,0.0,0.0826,0.586,154.514
rock,0.384,0.535,-9.939,1.0,0.238,0.00045,0.0533,0.232,132.445
rock,0.714,0.869,-6.294,0.0,0.00597,0.243,0.0959,0.439,98.511
rock,0.592,0.767,-2.788,0.0,0.0021,0.00165,0.127,0.328,96.483
rock,0.577,0.828,-8.691,0.0,0.00213,0.0114,0.0581,0.604,123.257
rock,0.588,0.641,-12.205,1.0,0.0841,0.000663,0.303,0.548,119.374
rock,0.582,0.805,-5.267,1.0,0.102,3.14e-06,0.271,0.895,144.047
rock,0.5,0.824,-5.846,0.0,0.00016,0.00161,0.0916,0.539,120.125
rock,0.451,0.364,-13.126,1.0,0.469,0.0,0.197,0.298,154.206
rock,0.641,0.897,-4.369,1.0,0.172,2.89e-06,0.103,0.6,100.069
rock,0.442,0.939,-4.18,1.0,0.000181,0.00568,0.0857,0.266,140.02
rock,0.528,0.797,-7.487,1.0,0.000391,0.011,0.14,0.751,143.785
rock,0.287,0.78,-6.493,1.0,0.049,3.71e-05,0.184,0.383,167.278
rock,0.594,0.77,-8.267,0.0,0.276,0.0176,0.0575,0.827,107.484
rock,0.557,0.54,-10.484,1.0,0.0339,0.00248,0.179,0.394,129.171
rock,0.511,0.696,-5.157,0.0,0.0272,0.000249,0.0875,0.788,164.614
rock,0.679,0.715,-6.383,1.0,0.0755,0.0,0.271,0.571,127.435
rock,0.606,0.887,-4.404,1.0,0.000242,0.0,0.337,0.903,119.974
rock,0.483,0.643,-6.872,0.0,0.0135,7.04e-05,0.361,0.219,125.938
rock,0.532,0.663,-5.886,0.0,0.425,1.07e-06,0.0734,0.756,75.14
rock,0.503,0.96,-2.672,1.0,9.25e-05,0.578,0.274,0.489,162.022
rock,0.324,0.335,-15.595,1.0,0.099,1.08e-06,0.0995,0.141,119.513
rock,0.64,0.663,-7.516,1.0,0.201,0.00806,0.152,0.663,132.77
rock,0.287,0.473,-3.551,1.0,0.0858,4.4e-05,0.383,0.577,186.283
rock,0.461,0.493,-7.012,1.0,0.0167,0.0176,0.0726,0.631,127.619
rock,0.561,0.716,-8.619,0.0,0.0127,2.97e-06,0.15,0.834,113.073
rock,0.276,0.658,-5.418,1.0,0.0836,0.000553,0.161,0.16,172.326
rock,0.691,0.631,-6.478,1.0,0.0483,1.13e-05,0.104,0.8,92.004
rock,0.531,0.818,-5.358,1.0,0.0694,0.00949,0.263,0.471,90.767
rock,0.484,0.66,-11.163,1.0,0.034,0.0812,0.0893,0.742,78.591
rock,0.695,0.583,-8.265,0.0,0.157,7.61e-05,0.0576,0.96,124.61
rock,0.413,0.725,-5.787,0.0,0.369,2.16e-05,0.0905,0.44,124.618
rock,0.45,0.914,-5.4,1.0,0.0305,1.42e-05,0.152,0.904,162.487
rock,0.742,0.849,-6.28,1.0,0.346,0.000115,0.194,0.964,107.188
rock,0.571,0.628,-9.922,1.0,0.574,0.0123,0.0823,0.798,73.738
rock,0.593,0.74,-6.12,1.0,0.363,2.22e-05,0.102,0.502,118.008
rock,0.574,0.966,-3.034,1.0,0.0141,0.0,0.43,0.788,128.034
rock,0.492,0.378,-9.288,0.0,0.00146,1.29e-05,0.111,0.428,126.402
rock,0.626,0.949,-3.94,0.0,0.276,0.126,0.0989,0.967,158.516
rock,0.421,0.867,-7.266,0.0,0.132,0.00196,0.0267,0.438,158.505
rock,0.51,0.759,-4.854,1.0,0.034,0.0,0.077,0.237,91.123
rock,0.441,0.684,-7.495,0.0,0.374,0.000848,0.108,0.971,199.001
rock,0.475,0.383,-14.202,1.0,0.362,0.749,0.0728,0.524,114.709
rock,0.714,0.734,-7.125,0.0,0.176,0.000618,0.115,0.68,123.57
rock,0.365,0.763,-9.45,0.0,0.00726,0.000457,0.0865,0.342,148.366
rock,0.49,0.758,-6.491,1.0,0.000671,0.484,0.092,0.435,112.114
rock,0.491,0.583,-10.964,1.0,0.185,0.0,0.406,0.908,150.566
rock,0.51,0.882,-5.659,0.0,0.00158,0.00206,0.0764,0.653,154.029
rock,0.464,0.655,-9.058,0.0,0.0272,1.34e-06,0.328,0.531,169.515
rock,0.342,0.819,-6.885,0.0,0.0562,0.0338,0.145,0.537,127.102
rock,0.571,0.415,-6.572,0.0,0.615,0.0,0.187,0.342,78.025
rock,0.642,0.628,-12.849,1.0,0.334,8.29e-06,0.614,0.893,103.317
rock,0.712,0.665,-4.878,0.0,7.18e-05,0.192,0.306,0.594,105.284
rock,0.503,0.582,-4.324,1.0,0.472,0.0,0.103,0.326,77.321
rock,0.623,0.938,-4.161,1.0,0.00296,0.000852,0.48,0.308,112.022
rock,0.671,0.461,-13.874,0.0,0.00755,0.0,0.103,0.784,145.187
rock,0.41,0.803,-5.363,1.0,0.239,0.0,0.103,0.814,153.315
rock,0.506,0.475,-7.552,1.0,0.83,0.00411,0.124,0.596,94.494
rock,0.458,0.502,-10.186,1.0,0.442,5.51e-06,0.299,0.571,121.861
rock,0.533,0.831,-3.696,1.0,0.00804,0.0,0.0975,0.741,96.091
rock,0.252,0.8,-4.845,1.0,0.12,0.0538,0.118,0.29,139.361
rock,0.552,0.608,-9.786,0.0,0.352,0.0,0.0533,0.637,112.367
rock,0.39,0.397,-9.963,0.0,0.287,0.0,0.207,0.246,144.031
rock,0.784,0.879,-3.862,0.0,0.39,0.000848,0.0426,0.893,100.622
rock,0.329,0.861,-5.855,0.0,0.00789,2.88e-06,0.0844,0.599,195.303
rock,0.828,0.492,-9.744,1.0,0.0644,0.00428,0.128,0.789,120.151
rock,0.557,0.32,-10.792,0.0,0.739,3.99e-05,0.112,0.377,176.647
rock,0.544,0.897,-6.056,0.0,0.241,0.0,0.13,0.647,157.17
rock,0.599,0.543,-9.226,1.0,0.0129,0.00204,0.291,0.624,91.105
rock,0.546,0.895,-7.189,1.0,0.0819,1.42e-05,0.0768,0.494,174.089
rock,0.193,0.884,-4.402,0.0,0.000474,0.0518,0.293,0.386,149.303
rock,0.484,0.948,-4.349,1.0,0.000269,0.00108,0.0733,0.157,120.824
rock,0.6,0.843,-7.455,1.0,0.018,0.199,0.34,0.916,102.323
rock,0.378,0.638,-5.576,1.0,0.02,7.66e-05,0.0849,0.735,184.086
rock,0.491,0.942,-5.333,1.0,0.156,0.0,0.367,0.387,100.446
rock,0.503,0.881,-4.502,0.0,0.0261,0.0,0.482,0.597,101.038
rock,0.516,0.513,-10.762,1.0,0.159,0.00957,0.0612,0.694,99.735
rock,0.799,0.608,-8.193,1.0,0.0811,0.0137,0.102,0.963,121.915
rock,0.702,0.578,-13.415,1.0,0.382,5.89e-06,0.0425,0.975,111.617
rock,0.754,0.802,-6.424,1.0,0.0349,0.0,0.335,0.583,122.026
rock,0.637,0.583,-13.013,1.0,0.162,0.178,0.133,0.62,105.877
rock,0.556,0.545,-6.768,0.0,0.0635,0.0,0.124,0.193,143.991
rock,0.775,0.688,-5.038,0.0,0.0533,0.0,0.321,0.805,112.009
rock,0.461,0.488,-11.143,1.0,0.115,0.0,0.128,0.33,145.778
rock,0.276,0.639,-11.674,1.0,0.0178,0.0,0.292,0.643,186.502
rock,0.507,0.683,-8.079,1.0,0.303,0.000132,0.142,0.901,95.732
rock,0.581,0.854,-8.485,0.0,0.00197,0.0013,0.111,0.788,131.18
rock,0.516,0.85,-3.909,0.0,0.00139,0.0,0.296,0.583,120.324
rock,0.604,0.424,-12.288,1.0,0.329,0.0,0.116,0.291,73.924
rock,0.67,0.591,-6.012,1.0,0.62,0.0,0.373,0.8,91.439
rock,0.429,0.993,-2.772,1.0,4.65e-05,0.762,0.163,0.256,172.08
rock,0.545,0.64,-9.937,0.0,0.00249,0.0304,0.196,0.606,80.544
rock,0.506,0.827,-6.356,0.0,0.107,2.42e-06,0.161,0.571,101.869
rock,0.367,0.445,-13.615,0.0,0.0478,0.00284,0.163,0.149,67.197
rock,0.718,0.691,-6.44,1.0,0.0159,0.0,0.0627,0.552,100.008
rock,0.392,0.629,-7.056,1.0,0.718,3.76e-06,0.129,0.72,124.511
rock,0.613,0.72,-7.957,1.0,0.0132,0.0,0.104,0.561,117.341
rock,0.396,0.817,-7.282,1.0,0.00228,0.00417,0.372,0.0992,90.264
rock,0.522,0.9,-2.631,0.0,6.98e-05,0.0,0.3,0.579,160.01
rock,0.502,0.716,-4.439,1.0,0.291,0.0,0.246,0.629,169.952
rock,0.142,0.92,-4.426,1.0,2.65e-05,0.00518,0.126,0.193,171.763
rock,0.41,0.763,-7.904,1.0,0.273,1.29e-05,0.0553,0.649,171.956
rock,0.554,0.757,-8.653,0.0,0.00543,0.0541,0.258,0.907,148.27
rock,0.294,0.641,-9.316,1.0,0.0163,0.22,0.112,0.226,79.759
rock,0.303,0.648,-6.795,1.0,0.642,0.053,0.407,0.644,170.379
rock,0.385,0.306,-12.167,1.0,0.452,7.43e-06,0.128,0.546,173.377
rock,0.591,0.963,-6.489,0.0,8.74e-05,0.000107,0.0781,0.609,125.03
rock,0.662,0.652,-6.601,1.0,0.000766,0.54,0.109,0.439,120.591
rock,0.502,0.978,-3.278,1.0,0.000163,1.27e-06,0.287,0.603,138.811
rock,0.585,0.532,-9.673,1.0,0.209,0.00797,0.227,0.68,94.461
rock,0.509,0.326,-9.59,0.0,0.0618,0.805,0.293,0.229,86.829
rock,0.582,0.755,-7.305,1.0,0.0632,0.00658,0.931,0.311,109.061
rock,0.428,0.874,-6.664,0.0,0.000337,0.0419,0.311,0.261,119.708
rock,0.578,0.836,-6.607,1.0,0.163,1.36e-06,0.0583,0.932,167.026
rock,0.572,0.932,-6.397,1.0,0.00528,0.0378,0.0835,0.657,136.029
rock,0.511,0.724,-5.927,1.0,0.000826,0.00019,0.23,0.536,130.029
rock,0.573,0.806,-10.978,1.0,0.151,0.0116,0.405,0.934,186.328
rock,0.404,0.695,-6.162,1.0,0.587,0.0383,0.159,0.646,133.136
rock,0.405,0.463,-16.167,1.0,0.00379,0.0442,0.392,0.542,79.451
rock,0.588,0.521,-9.461,1.0,0.0678,0.149,0.123,0.337,85.012
rock,0.466,0.182,-19.537,1.0,0.879,0.0556,0.341,0.216,128.811
rock,0.57,0.939,-7.177,0.0,0.155,0.0,0.633,0.538,117.322
rock,0.592,0.909,-5.887,0.0,0.0149,0.177,0.0571,0.479,116.433
rock,0.678,0.631,-8.624,1.0,0.355,0.000268,0.376,0.463,102.378
rock,0.562,0.383,-15.474,1.0,0.143,0.124,0.138,0.599,93.764
rock,0.587,0.994,-5.61,1.0,0.155,0.0734,0.0319,0.481,151.941
rock,0.527,0.89,-3.335,1.0,0.0678,0.000162,0.222,0.818,122.494
rock,0.477,0.471,-10.036,1.0,0.193,1.76e-06,0.131,0.423,81.204
rock,0.566,0.669,-10.081,1.0,0.7,0.0654,0.588,0.92,149.702
rock,0.383,0.637,-6.993,1.0,0.0722,0.0,0.368,0.0827,177.913
rock,0.44,0.94,-2.057,0.0,0.0362,0.0,0.31,0.858,123.572
rock,0.394,0.622,-8.258,0.0,0.213,4.45e-05,0.0892,0.342,126.844
rock,0.354,0.731,-9.178,1.0,0.0812,0.00124,0.115,0.697,170.633
rock,0.669,0.614,-5.012,1.0,0.0285,0.0,0.219,0.336,116.045
rock,0.775,0.562,-6.041,0.0,0.468,0.0,0.174,0.77,121.034
rock,0.587,0.872,-5.066,1.0,0.018,0.0,0.622,0.735,159.925
rock,0.574,0.624,-4.239,0.0,0.0233,0.0,0.504,0.555,142.09
rock,0.402,0.835,-5.734,0.0,0.0287,2.94e-06,0.385,0.43,92.029
rock,0.4,0.82,-12.281,1.0,0.000295,0.79,0.236,0.135,128.894
rock,0.658,0.814,-4.631,1.0,0.229,0.00676,0.216,0.69,108.016
rock,0.552,0.873,-6.065,1.0,0.00137,0.000273,0.0966,0.62,125.059
rock,0.273,0.537,-9.612,1.0,0.0241,0.0,0.0922,0.232,81.814
rock,0.512,0.526,-5.44,1.0,0.0724,0.0,0.0675,0.249,85.024
rock,0.573,0.429,-8.68,1.0,0.597,8.18e-05,0.0839,0.361,139.097
rock,0.515,0.821,-2.333,1.0,0.00794,0.0,0.0787,0.425,86.995
rock,0.61,0.638,-6.574,1.0,0.0672,6.59e-06,0.283,0.603,79.955
rock,0.546,0.878,-4.526,1.0,0.677,0.0,0.127,0.964,159.105
rock,0.573,0.539,-6.091,0.0,0.0162,1.16e-05,0.105,0.39,75.012
rock,0.531,0.638,-5.145,0.0,0.00409,0.0,0.0822,0.445,164.079
rock,0.643,0.655,-10.249,1.0,0.217,0.000272,0.0462,0.878,124.731
rock,0.386,0.936,-4.005,1.0,0.0121,1.6e-05,0.266,0.418,176.366
rock,0.736,0.781,-3.98,1.0,0.00124,0.0138,0.0796,0.787,110.014
rock,0.578,0.866,-3.804,1.0,0.00701,0.0,0.257,0.619,128.038
rock,0.557,0.843,-4.338,1.0,0.00366,1.83e-06,0.218,0.547,138.339
rock,0.611,0.846,-5.9,1.0,0.00509,0.0,0.0784,0.751,103.912
rock,0.354,0.941,-6.984,1.0,4.79e-05,0.66,0.331,0.569,131.442
rock,0.624,0.333,-11.413,1.0,0.824,0.01,0.107,0.316,130.949
rock,0.557,0.951,-3.003,1.0,0.00194,0.000172,0.157,0.528,93.97
rock,0.615,0.752,-8.91,1.0,0.0397,1.37e-06,0.0479,0.66,133.977
rock,0.235,0.675,-8.739,1.0,0.0519,0.481,0.0999,0.584,184.723
rock,0.453,0.655,-4.22,1.0,0.0794,7.61e-06,0.0849,0.368,172.012
rock,0.433,0.854,-3.868,1.0,0.000336,0.000177,0.162,0.368,89.4
rock,0.531,0.864,-4.948,0.0,0.000753,0.00046,0.354,0.485,166.312
rock,0.748,0.378,-10.803,1.0,0.379,0.0,0.0781,0.433,138.4
rock,0.623,0.68,-13.255,1.0,0.0056,0.000425,0.148,0.737,129.713
rock,0.522,0.275,-14.005,1.0,0.371,0.873,0.219,0.555,115.327
rock,0.513,0.396,-13.061,1.0,0.251,0.177,0.11,0.229,140.208
rock,0.369,0.996,-1.531,0.0,3.83e-05,0.14,0.249,0.209,98.162
rock,0.354,0.798,-6.524,0.0,0.00157,0.727,0.159,0.356,155.954
rock,0.541,0.904,-3.001,1.0,0.00143,0.0,0.193,0.541,98.122
rock,0.635,0.551,-7.136,1.0,0.00743,1.82e-05,0.07,0.451,151.779
rock,0.597,0.902,-6.446,1.0,0.0278,6.63e-05,0.418,0.536,140.118
rock,0.72,0.791,-4.689,1.0,0.0384,0.0,0.157,0.756,102.071
rock,0.725,0.583,-9.942,0.0,0.3,0.000238,0.0665,0.762,79.984
rock,0.371,0.758,-5.679,1.0,0.0958,0.0,0.116,0.452,77.81
rock,0.659,0.919,-2.658,1.0,0.155,0.0054,0.312,0.631,123.135
rock,0.648,0.594,-7.027,0.0,0.114,0.0462,0.116,0.544,113.983
rock,0.607,0.522,-10.068,1.0,0.235,0.0,0.129,0.887,162.081
rock,0.579,0.635,-7.385,1.0,0.302,1.25e-06,0.15,0.612,139.456
rock,0.719,0.584,-13.346,1.0,0.272,0.000803,0.0288,0.849,108.832
rock,0.298,0.799,-6.962,0.0,0.000168,9.42e-05,0.496,0.561,143.072
rock,0.584,0.911,-3.515,0.0,0.0119,0.0,0.119,0.606,92.502
rock,0.447,0.568,-4.975,1.0,0.295,3.26e-06,0.355,0.149,90.933
rock,0.633,0.417,-9.11,0.0,0.3,3.06e-06,0.114,0.506,81.976
rock,0.408,0.953,-3.883,1.0,0.00532,0.0,0.338,0.291,177.94
rock,0.758,0.378,-15.308,0.0,0.284,0.0,0.049,0.985,120.736
rock,0.682,0.683,-5.977,1.0,0.398,0.0,0.0603,0.776,90.017
rock,0.486,0.487,-11.633,0.0,0.445,1.44e-05,0.0648,0.373,81.972
rock,0.619,0.504,-11.562,1.0,0.0614,0.0,0.06,0.568,84.335
rock,0.605,0.482,-16.673,1.0,0.158,2.04e-05,0.196,0.831,119.819
rock,0.466,0.954,-3.633,0.0,0.00015,0.00343,0.387,0.396,170.058
rock,0.623,0.533,-8.164,1.0,0.245,0.00717,0.112,0.247,84.982
rock,0.466,0.763,-7.748,0.0,0.0542,0.0,0.119,0.473,123.539
rock,0.5,0.887,-3.74,1.0,0.00467,0.0,0.114,0.631,162.003
rock,0.609,0.807,-8.286,1.0,0.015,0.00123,0.37,0.754,121.768
rock,0.504,0.673,-11.834,0.0,0.214,2.29e-06,0.171,0.581,120.418
rock,0.307,0.433,-10.057,1.0,0.388,9.08e-05,0.332,0.224,160.9
rock,0.617,0.948,-4.236,0.0,0.00226,0.00221,0.0755,0.863,139.996
rock,0.519,0.625,-5.909,1.0,0.349,0.0,0.121,0.21,120.103
rock,0.509,0.448,-7.552,0.0,0.00713,0.0137,0.244,0.221,156.909
rock,0.447,0.885,-5.245,1.0,0.00205,0.00138,0.152,0.731,155.968
rock,0.601,0.831,-8.582,1.0,0.00086,0.0,0.102,0.296,120.962
rock,0.511,0.934,-4.561,1.0,0.00403,3.48e-05,0.242,0.668,168.062
rock,0.339,0.276,-10.746,1.0,0.141,0.00906,0.1,0.308,83.181
rock,0.682,0.537,-10.254,0.0,0.218,3.07e-05,0.0556,0.963,124.574
rock,0.561,0.382,-11.276,1.0,0.491,1.08e-06,0.156,0.758,96.447
rock,0.486,0.765,-4.23,0.0,0.0239,3.02e-05,0.11,0.386,141.933
rock,0.438,0.805,-6.237,1.0,0.00255,5.69e-05,0.0842,0.564,113.253
rock,0.55,0.765,-8.684,1.0,4.76e-06,0.873,0.132,0.419,139.46
rock,0.605,0.822,-4.833,1.0,0.00671,0.134,0.147,0.288,167.997
rock,0.482,0.721,-6.839,1.0,0.731,0.0,0.189,0.557,95.263
rock,0.478,0.536,-7.915,1.0,0.631,0.000102,0.145,0.256,116.826
rock,0.462,0.765,-7.011,1.0,0.324,0.231,0.0757,0.399,81.513
rock,0.767,0.854,-6.947,1.0,0.465,2.03e-06,0.485,0.963,149.206
rock,0.623,0.449,-13.333,1.0,0.212,0.0,0.0613,0.572,84.383
rock,0.441,0.976,-3.09,0.0,0.000335,0.0475,0.298,0.248,130.411
rock,0.341,0.266,-17.251,1.0,0.831,0.0,0.113,0.388,184.14
rock,0.648,0.755,-7.901,1.0,0.0139,0.000253,0.225,0.607,126.341
rock,0.504,0.89,-5.486,1.0,0.00776,0.00256,0.826,0.59,112.056
rock,0.278,0.961,-3.845,1.0,7.36e-06,0.000662,0.0268,0.752,189.664
rock,0.396,0.96,-2.584,0.0,0.000332,0.0,0.177,0.545,75.52
rock,0.644,0.799,-10.856,0.0,0.0821,0.00154,0.055,0.889,108.381
rock,0.759,0.563,-8.643,1.0,0.699,0.619,0.144,0.86,136.67
rock,0.541,0.711,-13.492,1.0,0.0635,0.0201,0.719,0.588,136.58
rock,0.423,0.721,-8.07,1.0,0.00792,0.0,0.38,0.382,161.926
rock,0.511,0.308,-15.021,1.0,0.408,2.2e-05,0.15,0.377,83.546
rock,0.691,0.686,-7.465,0.0,0.000647,0.00456,0.106,0.666,87.312
rock,0.456,0.47,-9.564,1.0,0.513,3.76e-05,0.444,0.639,120.336
rock,0.564,0.818,-6.202,0.0,0.0767,0.0,0.0402,0.712,103.342
rock,0.68,0.711,-6.371,1.0,0.0918,0.0,0.241,0.571,127.436
rock,0.744,0.642,-4.6,0.0,0.115,3.95e-05,0.279,0.63,94.988
rock,0.45,0.442,-12.718,0.0,0.493,0.00564,0.134,0.812,208.282
rock,0.392,0.496,-7.632,1.0,0.664,0.000114,0.34,0.589,72.024
rock,0.485,0.843,-3.993,0.0,0.00129,1.01e-05,0.14,0.602,78.001
rock,0.566,0.538,-5.729,1.0,0.406,0.000497,0.979,0.315,121.154
rock,0.464,0.795,-9.267,1.0,0.0493,0.00244,0.399,0.612,158.691
rock,0.692,0.497,-7.316,1.0,0.676,0.0,0.259,0.475,81.308
rock,0.543,0.595,-8.61,0.0,0.0432,0.000247,0.101,0.338,122.052
rock,0.394,0.944,-6.506,0.0,0.00178,4.54e-06,0.298,0.265,105.338
rock,0.32,0.515,-8.018,1.0,0.373,1.74e-06,0.089,0.568,78.021
rock,0.489,0.769,-3.524,1.0,0.00135,0.56,0.0727,0.637,128.985
rock,0.285,0.825,-7.049,0.0,0.000826,0.0,0.268,0.516,164.611
rock,0.407,0.955,-4.164,1.0,0.0251,0.0,0.347,0.508,177.48
rock,0.328,0.553,-6.252,1.0,0.156,0.412,0.0985,0.322,159.959
rock,0.5,0.748,-9.072,1.0,0.127,0.0,0.447,0.514,118.852
rock,0.526,0.895,-5.407,0.0,0.0603,1.3e-06,0.582,0.655,101.016
rock,0.3,0.21,-13.589,1.0,0.964,0.00323,0.124,0.18,86.038
rock,0.796,0.667,-4.831,0.0,0.381,0.0,0.221,0.754,97.988
rock,0.64,0.743,-4.08,1.0,0.269,0.0,0.101,0.361,122.035
rock,0.385,0.673,-8.182,1.0,0.000183,0.149,0.0721,0.187,149.271
rock,0.515,0.698,-5.572,0.0,5.71e-05,8.64e-05,0.0827,0.194,139.96
rock,0.48,0.588,-10.773,1.0,0.00213,0.712,0.319,0.305,177.018
rock,0.635,0.914,-5.631,1.0,0.0597,0.0,0.601,0.922,156.014
rock,0.41,0.761,-9.453,0.0,0.0685,0.00772,0.0758,0.392,132.923
rock,0.426,0.868,-3.702,1.0,6.54e-05,0.0,0.0723,0.402,149.042
rock,0.385,0.783,-2.533,1.0,0.000269,0.47,0.108,0.902,176.701
rock,0.461,0.168,-16.225,0.0,0.449,0.886,0.265,0.309,169.675
rock,0.561,0.526,-10.005,0.0,0.774,0.00605,0.103,0.463,89.996
rock,0.676,0.771,-5.981,1.0,0.109,0.0,0.247,0.708,115.073
rock,0.231,0.904,-5.506,1.0,0.0304,2.74e-06,0.15,0.598,176.073
rock,0.166,0.971,-5.231,1.0,3.84e-05,6.15e-05,0.21,0.434,202.234
rock,0.215,0.927,-7.327,1.0,0.000273,0.00661,0.126,0.49,170.814
rock,0.377,0.813,-4.231,1.0,0.0171,0.114,0.323,0.265,165.012
rock,0.261,0.703,-7.871,1.0,0.115,0.00078,0.102,0.405,83.495
rock,0.552,0.946,-4.249,0.0,0.00106,0.000661,0.368,0.458,135.979
rock,0.264,0.8,-2.427,1.0,0.0195,0.00744,0.406,0.465,155.558
rock,0.497,0.285,-14.537,1.0,0.643,1.66e-05,0.389,0.667,154.7
rock,0.74,0.465,-10.85,1.0,0.253,0.0107,0.0927,0.682,114.957
rock,0.761,0.606,-7.742,0.0,0.157,0.0,0.574,0.646,121.038
rock,0.523,0.69,-13.527,1.0,0.21,0.0,0.243,0.845,173.266
rock,0.458,0.897,-5.006,0.0,0.005,0.0,0.103,0.602,154.834
rock,0.39,0.589,-9.363,1.0,0.258,3.91e-05,0.069,0.599,166.093
rock,0.354,0.318,-9.974,1.0,0.343,0.0389,0.113,0.281,81.854
rock,0.561,0.706,-9.446,1.0,0.00263,0.00125,0.122,0.569,126.077
rock,0.468,0.833,-5.847,1.0,0.00654,0.000332,0.326,0.884,131.248
rock,0.417,0.63,-7.24,1.0,0.0209,0.0134,0.0543,0.341,94.214
rock,0.682,0.72,-8.176,0.0,0.321,0.0,0.205,0.649,116.988
rock,0.687,0.559,-4.661,1.0,0.714,0.0,0.116,0.404,136.073
rock,0.343,0.963,-3.354,1.0,0.00338,0.0136,0.72,0.55,151.496
rock,0.582,0.81,-4.104,0.0,0.0763,0.0,0.351,0.874,73.954
rock,0.717,0.577,-5.436,1.0,0.708,0.00428,0.0899,0.235,104.927
rock,0.696,0.448,-9.099,1.0,0.452,2.43e-05,0.0904,0.569,95.004
rock,0.61,0.891,-5.452,0.0,0.000805,0.0928,0.0657,0.51,139.903
rock,0.704,0.544,-11.402,0.0,0.0873,1.66e-05,0.041,0.628,120.717
rock,0.447,0.788,-4.994,0.0,0.00257,1.68e-05,0.0744,0.505,80.04
rock,0.567,0.653,-11.524,0.0,0.211,0.000489,0.0639,0.78,142.218
rock,0.395,0.979,-3.241,1.0,0.0243,0.0,0.12,0.41,158.842
rock,0.36,0.501,-9.129,1.0,0.0638,9.32e-05,0.172,0.324,74.807
rock,0.672,0.601,-6.469,1.0,0.128,0.0,0.0824,0.763,94.699
rock,0.597,0.702,-4.767,1.0,0.0197,0.01,0.125,0.645,83.507
rock,0.426,0.473,-7.924,1.0,0.353,0.0,0.0234,0.937,181.752
rock,0.528,0.676,-3.792,1.0,4.69e-05,0.0652,0.116,0.528,122.988
rock,0.669,0.819,-4.716,1.0,0.11,0.0,0.212,0.762,105.055
rock,0.363,0.803,-8.089,1.0,0.0117,0.00601,0.189,0.718,156.047
rock,0.315,0.826,-4.314,0.0,0.00064,0.000687,0.0703,0.359,139.161
rock,0.33,0.532,-11.764,1.0,0.00101,0.709,0.101,0.218,93.512
rock,0.467,0.381,-13.808,1.0,0.235,0.123,0.187,0.697,81.754
rock,0.502,0.924,-6.299,1.0,0.0127,0.0,0.162,0.922,149.186
rock,0.594,0.833,-4.311,0.0,0.00967,0.0,0.3,0.599,82.04
rock,0.463,0.749,-8.118,0.0,0.00796,0.00219,0.0558,0.888,183.048
rock,0.673,0.886,-4.44,0.0,0.185,0.0,0.0826,0.795,97.012
rock,0.534,0.61,-5.276,1.0,0.432,2.77e-06,0.0988,0.45,124.05
rock,0.442,0.913,-4.814,1.0,0.0152,0.0514,0.82,0.243,132.013
rock,0.573,0.683,-6.644,1.0,0.461,0.0,0.0935,0.817,169.519
rock,0.624,0.908,-3.215,1.0,0.408,0.0,0.139,0.659,105.048
rock,0.773,0.742,-3.678,0.0,0.0206,0.0,0.0754,0.571,114.071
rock,0.581,0.429,-10.007,1.0,0.18,0.00106,0.128,0.504,123.802
rock,0.666,0.855,-5.051,0.0,0.179,1.2e-06,0.0987,0.803,125.639
rock,0.55,0.765,-5.878,1.0,0.534,0.0,0.0791,0.592,157.49
rock,0.645,0.795,-12.095,1.0,0.347,0.00389,0.104,0.535,112.067
rock,0.263,0.759,-7.288,1.0,0.0555,0.0,0.231,0.429,179.904
rock,0.362,0.961,-5.664,1.0,0.024,9.35e-06,0.159,0.491,164.019
rock,0.437,0.878,-4.687,1.0,0.0112,0.0,0.126,0.623,128.043
rock,0.414,0.892,-10.722,1.0,5.31e-06,0.346,0.345,0.594,88.064
rock,0.329,0.282,-10.863,1.0,0.71,0.00265,0.158,0.393,112.944
rock,0.511,0.367,-10.891,1.0,0.642,0.0122,0.186,0.323,143.698
rock,0.621,0.62,-4.721,1.0,0.459,0.162,0.0771,0.515,176.016
rock,0.631,0.354,-11.112,1.0,0.795,0.000107,0.0879,0.522,73.007
rock,0.569,0.789,-8.559,1.0,5.62e-06,0.642,0.0811,0.911,115.152
rock,0.625,0.928,-3.054,1.0,9.86e-05,0.00207,0.0937,0.456,98.024
rock,0.505,0.892,-5.633,0.0,0.00162,0.00177,0.148,0.629,154.004
rock,0.703,0.668,-9.237,1.0,0.516,0.0,0.0588,0.561,116.039
rock,0.387,0.595,-5.67,1.0,0.361,1.1e-05,0.174,0.151,119.38
rock,0.597,0.868,-5.095,1.0,0.0212,0.0,0.664,0.709,160.021
rock,0.398,0.93,-6.76,1.0,0.000854,0.121,0.0874,0.73,190.84
rock,0.366,0.869,-3.316,0.0,0.0207,0.0,0.254,0.384,138.051
rock,0.681,0.683,-6.444,0.0,0.158,2.32e-05,0.273,0.64,120.027
rock,0.338,0.34,-12.049,0.0,0.58,0.0032,0.116,0.197,82.433
rock,0.49,0.854,-7.489,1.0,0.000258,0.000735,0.299,0.443,132.032
rock,0.597,0.665,-4.403,1.0,0.424,0.0,0.115,0.443,94.467
rock,0.518,0.895,-4.735,0.0,0.000241,5.28e-05,0.0702,0.278,127.965
rock,0.651,0.653,-9.731,1.0,0.365,0.000117,0.0742,0.729,164.912
rock,0.736,0.764,-6.736,0.0,0.222,0.00154,0.192,0.404,112.033
rock,0.234,0.75,-7.034,0.0,0.369,0.000805,0.139,0.316,173.82
rock,0.585,0.881,-4.719,0.0,2.27e-05,0.000939,0.376,0.425,107.028
